x0,x1,x2,x3,x4,x5,y
1,2.55118043180984,-0.5667773007052188,1.48584230702328,-1.542093901706635,-0.0689097851297108,0
1,1.295588852251997,-2.2600514727638155,1.0141165257554567,-0.4552643954200941,1.6544797049495639,1
1,1.2138303609231573,0.803224113704073,1.7205560017820818,1.0972152221890321,-0.09351337244852731,0
1,4.482874290925006,1.955266364481841,2.3811513291186266,0.15761971989926238,0.33730385671717866,0
1,-1.260743449533693,-0.8595647630829462,0.6044465810101309,2.590187490056374,-3.2044473501993296,0
1,3.1778868396479107,1.3865545402140738,1.8265877531558214,-0.9175044168539508,0.06105881059116203,0
1,0.1266883568426378,0.31586405068766077,-0.9920775859638169,1.5230104276000054,-3.7200679937104963,0
1,-0.1131885926549514,-1.9763532914345152,-0.6908232057040073,0.9161808603459959,0.40773432602577186,1
1,2.580700132657599,-3.069157896889409,1.689816986146914,2.7927308572222618,1.2853841234419572,1
1,1.7662103233416748,-3.5205503327487473,0.0336548384233728,-2.994465968906814,1.1800469979742998,1
1,1.1050428737828046,-0.19240502186966935,1.4638136603765377,3.179132280311472,0.6853140624059523,1
1,0.32145529777293314,-2.6551526012300872,-1.1075548883576651,-2.1364593928455906,0.4279058399848541,1
1,-1.7401013195512678,-0.9158171011357146,2.07196267428764,2.0691530940112646,-0.43400384796918134,0
1,1.6892537831557228,2.464967556220829,0.537141817294276,1.393175963571063,-2.1464353982258624,0
1,2.4418556644295677,-2.4189032442264193,0.801696220713579,-1.0800026500179154,0.6283879551608078,1
1,-2.343350143580256,-0.721997706311784,1.5339704086320722,3.9658791549677805,-2.3727495192253,0
1,0.1216802310774987,0.8586903255963605,1.2006945414462271,2.974408985550898,0.6863607498410791,1
1,-0.07766155093435989,-0.21713550683821448,0.4957547006105387,-0.3191510035262619,1.0890587811754668,1
1,1.0351557885251819,-2.262539071124813,-1.2685603011125592,-0.6739854708762991,-0.8124359504281999,1
1,2.753015709266087,-1.702827345106717,2.8362627666661346,-0.40510553238527947,0.06775000808176257,0
1,-1.4809518241893644,-1.0353557823811483,0.35017039199787825,4.283376375806331,-4.4352684748693445,0
1,2.8214576981232975,-3.2593245118824052,0.15053137358246926,1.2174509957632271,-0.35562481425096926,1
1,0.4196512031616524,-1.1170840365855534,0.45663238993997957,0.5252774421795787,0.9732790772387473,1
1,1.8869142633606786,2.198151141932297,-0.531360695241444,2.3552454088798918,-3.236711610560282,0
1,0.07018240554864141,-1.5511315465675866,1.3204006673387723,1.7615305467169886,2.307571569839143,1
1,-0.40411658653287796,1.2970534123167454,0.13041169909877814,0.3979309911265536,-1.0668245507317549,0
1,0.31215799649306,0.6520228037677245,0.2872179288967375,1.4793790168595053,-1.92692023248694,0
1,0.007409061820738305,-0.8768916999738583,-0.29016448790249316,0.6866729704577398,0.2717659210996044,1
1,1.2000691235732757,4.89943806589093,-2.573520327925945,1.466096055772354,-3.010641376426254,0
1,-3.717386423167591,-1.6055202652693024,1.9812735232839929,3.9135517971163307,-0.8962282331324302,0
1,-0.8234301906105292,-1.0750435510085805,0.4506321765773681,0.9727034451055833,1.9171825929754756,1
1,2.640284326720166,2.018270077426438,0.6632113244541159,0.004505244790271257,-0.7333802152019306,0
1,2.8939316805316,-1.5182350228271237,2.2630677196520983,3.2912592607868723,0.834892508400831,1
1,1.9643854398342002,-1.9279818806708322,1.4859756737876824,2.0007120023090064,1.116153983868868,1
1,-2.59017876563948,2.813632600180277,0.9076718030184272,3.3230702891053796,0.9579739074145865,0
1,1.1676785796334008,2.599833719273609,-0.6379630358694643,1.5364177332909992,-1.6316185908420122,0
1,1.9965190856399477,0.18698177788095183,1.8093836034594326,0.049807013742454,0.14158366557520363,0
1,2.6199045152729736,-1.3293217563657445,0.8414162427507079,-0.08540244230974814,-3.0319024780120767,0
1,0.7900156874359346,0.15529749120374503,0.8603021449267737,0.1442415864792349,0.5237408210015686,1
1,0.7940729861371877,-0.6755364572738762,1.4073948961101022,0.6335463932843775,-1.372179015498971,0
1,2.85180866438904,5.025305776628603,-1.4782482929492882,-0.2773306538224767,-1.0283865172847164,0
1,0.0443038211098532,1.4504606241719515,0.7877430858103898,-0.002878054497253979,0.4900306311399514,0
1,1.7392140599295294,3.638369392704002,-0.8458158710378394,0.07711692479482857,-1.7525516511257644,0
1,-0.007573083532447011,-0.6000323138607138,0.8689975121559969,0.4987450803252236,1.5670070108361713,1
1,-1.4225372028225904,-0.6907318140860337,1.3938308417114476,3.461808315886049,-2.7229390742642163,0
1,-0.4550462981073351,-0.024404796821658747,0.6056198321006613,2.188293151967342,-2.8717422761232196,0
1,1.117341853305403,-1.6230314144479285,0.8690169006223386,0.16455317200412778,1.214874762430612,1
1,-1.0253822327089868,-1.0986737390628298,2.8410914042792093,2.571485797567367,-0.28235125630659474,0
1,1.4073195174498943,-2.0385415967356146,0.3087792961640259,1.3473245282819843,0.32303928781749147,1
1,1.6832531315674677,1.4495347523496347,0.09175994250966624,-0.9004831364076193,-1.0805566479738937,0
1,0.15220416181083418,-0.03815870047404091,2.341121919799136,2.0234244277075715,-0.7569869699235054,0
1,2.8561094733643637,0.3692310874427507,3.138986667544456,3.2301861142686263,0.939187116217149,1
1,-0.017021369676655684,-1.4597788858950183,-1.1183759032418705,-1.5019669327464316,-0.04080524534340424,1
1,0.9345895405213447,-1.2111841448216607,0.7311877853340212,-0.23563526202984142,1.0455249928580705,1
1,-2.0045420803611558,0.3463710448551116,-0.03503813044053161,1.8080402346849773,-2.3574346797478123,0
1,1.767063271747944,-1.7168750315984305,0.6786391771977006,-0.07919659572437476,0.5144212303213935,1
1,1.2042498475756551,-0.42166505149859057,1.3224592748881507,1.492107975467624,0.830502314363809,1
1,1.414904322051068,3.14560927452638,-1.7405863372248254,1.1534811066417778,-3.1833673933496103,0
1,1.5933233900589232,-1.352221524012546,1.273602071768967,0.3534541528607321,-2.767851401464857,0
1,-2.5940802803043934,-0.0731533124134065,0.039133390682773994,3.0436980722316846,-2.294753896899309,0
1,0.8823641620381762,1.4196824769116358,1.109383715061967,1.5572606814994474,-1.0324271977666566,0
1,0.5420642582506673,-0.9375444712605129,1.608294817666883,1.3921518862087283,1.9874076060459709,1
1,1.3197364519273933,0.9531084339873672,0.8912025016592664,1.685693769335224,-0.506072331515842,1
1,0.4549768653045505,-2.947732853816163,-1.0957636004143914,-1.5863591634539427,0.41227114651227836,1
1,1.2526998858195213,1.786225412481104,0.6234415638209384,0.12041069919034442,-0.11874110019453865,1
1,-0.5152364950831241,-2.7921632408798818,-0.26177954828538263,-1.149595139461967,2.0404218070310165,1
1,2.516787904421574,-2.4407626593198968,0.41470582178769433,2.633937036289363,-0.4611262217292995,1
1,2.097176985865245,0.03399767322587621,0.5677806817174662,0.22373529789863422,-1.8807404199902582,0
1,0.41642120574763386,1.085518409002018,0.9258632460654633,1.5526859996819156,-1.2421745038057441,0
1,1.70146449798228,1.4159791290907162,-1.9072314678163358,-1.0488619818376645,-3.3611214134378775,0
1,2.3860981870897797,-0.5809489466899019,1.6214278388460772,2.486439968877235,0.13612173954309437,1
1,2.1405046225841886,-2.198456513448599,0.32767316849609374,-0.5862044854565136,0.13972287858284738,1
1,-1.142860280865158,-2.874896966906041,-0.22152453177894826,-0.9091045592962306,2.604006905988831,1
1,0.48246156777415117,1.7142221579308188,0.28630678934637876,0.32585377384832115,-1.2521435856422378,0
1,0.15769014609825216,-0.7303088530869765,0.9440588700143152,-2.5762975453062933,2.071200233859161,1
1,-1.3030385717656805,0.5171431488100924,-1.9241151979991034,1.6810169454909933,-3.6392009852622973,0
1,2.7823742271058336,0.7467039538634442,2.795469426215126,-1.0816781553579653,2.2844782404335238,0
1,1.5690454807037484,3.3095529069512484,0.2699041351549749,2.03444466238445,-1.5236552872670717,0
1,-0.4421242802525285,0.46939756406674515,0.3920167570058529,2.3411317214135217,-2.8834114997266465,0
1,-1.9212587847320108,1.881458192348033,0.43279164923113445,1.4791973665147229,1.152649449308432,1
1,1.813159503895332,1.199343395847,-0.13330388263203985,1.5439182900415114,-3.992196028607918,0
1,1.6372192586477001,-2.2141935285630665,1.5533475593005062,2.4085125444699957,1.5410392281757122,1
1,1.76548859529954,3.1761438988293387,0.4230814539984806,0.17484474669762873,-0.34563258807871344,0
1,2.8815655484017904,-0.5875395231275307,0.1951733780288949,0.9699476461656104,-1.7273982576496802,1
1,-0.2368345931025877,-0.7028921059273323,0.11863881308778301,2.118764671704383,0.6348539376193914,1
1,1.9984069154918351,0.6806049628767104,2.5968008090863126,-0.4162670928857626,1.5256021686094243,0
1,0.8822477759811801,0.757531101555508,1.3167507576468345,1.65202855062646,-0.96628635916246,0
1,1.1212923974309512,-1.437537031260447,0.806116693798334,-0.24870120952270836,-1.7035909609963287,0
1,0.7864031215968933,0.300278170415081,1.8053987042589124,1.7798175703309835,1.3263623879242041,1
1,0.6212917614690123,0.7414259441845745,-1.685509492319797,1.6596378478408438,-4.575789403919348,0
1,1.877615619185442,-0.9123219768763676,1.6122584570393714,3.3421016185850285,0.5562910417432656,1
1,0.8887407818732832,-0.5965420286337908,0.3577076547675181,-0.6702688530880032,0.38209918926356434,1
1,3.0036729799949144,0.17368744271933767,2.2309611898017905,0.6008043963373707,-0.5746964323311088,0
1,0.2147301784740383,-1.938899841097733,-0.7703714868675247,-0.837392129349791,0.3271905488327165,1
1,0.9281058031655763,1.0422483829391984,-0.44571648241026485,-0.6720126092459713,-1.7085417032447094,0
1,0.6527847244043095,0.848341206293172,1.8260308680960433,2.1170279078893532,-0.7143617701060172,0
1,-0.28928453600603987,-1.301784146674005,0.7931346529811059,2.3398145473152727,1.7661439730062118,1
1,1.9144193196195156,-0.7110612702173604,3.5859588858823663,0.06302980441270889,0.5453687563875509,0
1,0.6362278952069398,-0.08033919091883923,0.6001657733181336,1.320194935668677,0.2929699469112398,1
1,0.5215706550218597,-0.559478986776895,1.8063218435849207,2.8051185557342464,1.8362370385468074,1
1,1.9166694008443694,-1.6444628609408192,1.2959381751257468,3.2045938755081207,0.5895992610399703,1
1,0.3378559217650261,-1.1067921435543107,0.2624110526174386,0.5044183924802564,0.8061670333010194,1
1,0.6286961137180681,1.599875103583438,0.4403651090511205,-0.6874269540129347,-0.40900758065945586,0
1,1.0727786389915357,0.33063984747175557,2.152326394882694,4.12941338420719,1.0825469945422703,1
1,2.2460810507200026,-0.9883469326350715,1.4892213807000438,2.7596631847128483,0.2614444517943346,1
1,0.8567645479198612,1.3521547540819654,0.6891494969376676,-0.5051444169885735,-0.4461688125720641,0
1,2.1306270610429454,-1.1655655758419432,0.7153917577457779,0.11647844071066249,-0.05112993176669933,1
1,4.380294589290916,0.7397334028241029,2.8713184143682886,-1.8896908810885606,1.0449962307745522,0
1,-1.2773655897211742,-3.084391809613736,1.9272114664807949,2.0063712692501476,-3.069431562118253,0
1,1.011076441447283,-2.833986514837017,0.2458317249453872,1.0405933512094137,1.0413931111941772,1
1,0.3191756127887444,-1.4337809505754913,0.33988635109812226,0.7305697643526494,1.0520174497660688,1
1,-2.9773779819348096,0.7049261099609491,0.8903669360044781,3.0817875301076265,-1.0538058295602801,0
1,3.5648786231719094,5.003506769451121,-0.9968857044644044,-1.3342256267473642,-0.37560045583582957,0
1,1.3879681082825914,-1.4998778023674812,2.5955702142183816,3.8245442823816833,2.389729092341801,1
1,2.691251589640114,-1.4357755468602118,2.209046206279472,2.360087154343317,1.0459320203693685,1
1,-0.23030432141738144,1.8047166252379627,0.029995980452855675,1.2488372156168763,-0.9319805446010341,0
1,-1.546620474697987,0.3990434902163338,2.839200972187184,2.648443618394179,1.5360096964777625,0
1,2.7796852959454315,-2.151041309262257,1.6280696551664358,0.8823242622316976,0.9136273750305715,1
1,-0.1586783854221283,1.1210934710458025,-1.0241217006886765,2.395803690326151,-3.8831295074281327,0
1,1.317946125168032,0.6139421065019586,-0.9342021596409047,-1.2138290172889996,-2.3332068690924377,0
1,-2.593766875099253,0.13461902979852924,-1.31732955696969,1.4177138235056357,0.5569578226460716,1
1,0.4589318061751908,-1.0679111994584114,1.7319186685281518,2.4619045525658043,2.1295230240464633,1
1,2.070885288589534,0.6494024913049552,1.0759724188142301,-0.044236206667936484,-1.1255919656060722,0
1,0.08838871952731486,-0.45777321354375466,0.7541161340224283,0.09122708916240252,-2.043599406758344,0
1,0.8196737677629073,-3.139674531255729,-0.47733985759897557,-0.0008153814322511277,0.6766723436453239,1
1,3.743674127645607,-2.788714139981872,1.1297415681527698,1.6885235951794235,-0.2838014851083146,1
1,1.7127021628059242,-0.28636422626613034,2.0713761988841606,-1.286995550079018,-0.002664954858419444,0
1,0.08417621563103994,-2.5143003466886915,-0.1849620833295551,-1.1129001421543534,1.4840644058633476,1
1,0.6522356584654194,-1.873424859346974,-0.634522661345202,-2.7650078287625335,0.429447622523383,1
1,1.9073332294488936,3.3885343507575003,0.14372541102573022,1.6946186016289158,-0.4371817979295941,0
1,2.7790989784430065,0.4036454470211247,2.977704576810102,-0.43626770792210223,1.3165486437593548,0
1,-0.06553537547772037,1.8081262906457702,-0.7194357127923441,0.5977054607589374,-1.892151237021097,0
1,1.2850029899875417,-0.15305679933342797,2.4148771352751415,1.4115728675785666,-0.5787634508122701,0
1,0.7668153355826636,-1.475208395022626,0.7674816256056207,0.8595021699858199,1.191938584427763,1
1,2.3891295239844412,-1.1491998199983975,1.9565676060439956,2.9585035476367887,0.7761763169691427,1
1,0.4911651952104993,-2.856302529429814,-0.8507760632216832,1.1824685425999024,0.1857766633393928,1
1,2.0909940575628747,-1.7182071932822849,0.9500597527671336,0.4073009176494803,0.4959600241657075,1
1,1.8521062973754208,0.253993618305272,3.701225270289866,2.378850821800686,0.3818476133459765,0
1,0.9656215992636469,3.3214665709208298,-1.0101985815636305,1.8254669292796373,-3.055170006439463,0
1,0.10723475427859974,-3.2038878913461533,-0.24731071047697628,-0.7351256864193358,1.7218741123389214,1
1,1.0439774447291137,2.7562484252110515,-0.9494911703054982,1.473464313946573,-3.3224469929461318,0
1,-2.6840699170480717,-2.0940909379468855,2.3810551213465727,1.5083167214125281,-1.0751268716670381,0
1,3.0479415982450777,-4.379043854361521,-0.41349791354206866,-0.325670384698473,-0.39411863583968665,1
1,0.19840897901602428,0.73206870066796,1.252122311125051,0.7992954618059367,1.0819293404514527,1
1,0.1325203697337367,2.3807278830602137,-0.7726287537705425,0.675779306655995,-0.9207497937467013,0
1,1.3810552307845807,-1.2295211429713357,2.430685302521251,3.342835394134566,2.137623646328761,1
1,-0.06549433446291597,0.23201992155987305,-0.09119771998491322,1.6406046899752056,-3.129779882382163,0
1,3.5084028928470063,-1.787121536805809,1.688972595810277,0.9067760775074827,0.19519309467400558,1
1,0.82547714134691,-2.6227907002237862,-0.4024584529624251,-1.6621504195617032,0.7588752279313208,1
1,2.04210765682829,0.312419948948639,0.7537709307361379,-0.617241875043423,-0.8729564408596344,0
1,1.3223558270647477,-0.30544553476602976,1.4413248366467166,1.1176792082118903,0.8670314081284966,1
1,-2.4891444416330333,0.8225409596890366,-0.1657644391389841,2.9183184187218103,-1.8624411916489392,0
1,0.9731556951408428,-1.7456730894801127,3.2455694773281,1.4912557014253027,-0.744620273939756,0
1,3.1382754816569793,-1.3721939805906453,3.595907789771583,-2.102325381515202,1.522053166248488,0
1,1.585078514032248,0.11964308388042155,0.015227004593917681,0.8892157088667744,-3.3771567697902265,0
1,1.076679563764644,-1.6011603952369864,0.07337323780135385,-0.05930312387301373,0.3132895925756871,1
1,1.4282936685639769,-1.9691644194921434,2.181593776705376,2.3884477438246936,2.3527951740377198,1
1,-1.1295161183617504,0.35893711005160844,-0.7355191003898973,1.2535008639014311,-3.4564835293330822,0
1,0.8124248549091438,2.627367024139979,0.4386472686374281,0.8327886068038923,-0.1700432959024719,0
1,4.728024075116663,1.7841435155382526,3.0739901300725885,-0.63907726191366,2.069822751755888,0
1,0.46600615915672694,0.8037432942589773,1.8632874805682742,2.652334091962695,-1.1334693672889509,0
1,0.0679372269726074,1.7767282397073116,1.4878789225068494,0.940894256448301,0.8820248073191586,0
1,-2.286158614319523,-0.7533904966600817,2.838234442363458,3.4103341879890756,0.7004623344989445,0
1,1.7612568203434713,2.859299285095587,-1.6427336081274557,1.1600023175788676,-3.7772859783300294,0
1,0.20252698547393577,1.7109003443775537,1.4784092427096112,3.7307896706841577,0.345354010826592,1
1,0.7452329393082527,-1.8419498585947038,0.10665533907637514,-0.7794072764947544,0.8533090923328458,1
1,0.3045439341231625,-1.220685427738677,0.572397749804801,-1.6425350424260383,1.6342596933923408,1
1,0.6889980889690281,-1.0031495953982859,3.1646463793948207,1.0804831975103013,0.6836261787644335,0
1,4.949816830707805,2.0092751892398857,1.5215252405338044,0.5040932875047621,-1.007849634722154,0
1,1.2015727421651405,-1.0044549280452881,1.9042468778542032,1.8385758978947613,-1.9211536017433928,0
1,-0.7144151906469749,1.594387027236618,1.0128079599911763,2.3383381275945734,-0.38758037660381517,0
1,2.311773868538322,-2.2164226402118423,0.10114850143166831,-0.6531697135622356,-0.2295853824913181,1
1,0.0710531888139142,1.3543227832644784,2.7423000012943213,3.44930829291364,2.2165293317922155,1
1,-0.5280312313041169,1.9498473754368657,1.4587571466146836,2.085960415488377,-0.34420101334093944,0
1,3.2255602652640607,2.591716405773304,-0.23876891944496959,0.17721975226560238,-2.5302803486604297,0
1,1.5799232398737457,2.3516420958830997,-0.31442150457532314,0.253366966729084,-1.0873992975518327,0
1,1.2864929891549488,-1.3391648292328804,0.5053852822394136,0.7848215830307184,0.3988616402875925,1
1,0.76548423960791,1.5930082091924453,3.334227600490991,3.4168721186966318,2.2248526380784632,1
1,-0.8614297753816533,0.3911760977382681,0.5327230372260211,0.4925712633195457,-1.0407718456795385,0
1,1.5126367563294552,0.6346643271384083,2.311077912548256,2.8328500989198373,0.9736207160762697,1
1,1.949131565053859,1.2445872013379509,-0.44068461123117375,-1.2128574961362157,-1.8145108707847206,0
1,0.6698510263278272,-0.25587900515617246,0.9946640170107048,-1.5855289909100723,1.301328494778754,1
1,-0.37889745007472886,1.0334554518892787,0.8954520900494728,3.117281221537616,-1.8658038998137236,0
1,2.936575701300205,-3.487420424190891,1.3012301163005167,-0.189885302361531,1.250458856902293,1
1,1.5437869698280577,0.9174149737500525,1.8883300496633573,-0.6751229868663267,1.4932835232818547,0
1,-0.505146172289443,-0.293013910692419,1.1760234200899116,2.2702435087233663,-0.8160744659636032,0
1,1.2194604274776102,-0.10280703139010972,2.1346647962092318,0.88137957112182,-1.1874928702376393,0
1,0.15696643676625055,0.22551327023822176,1.9412916712177148,0.8694390707939819,0.3930286192997583,0
1,1.3280596959401065,0.3168777209947409,0.4983382938961719,0.3377770723607395,-1.7861717557129244,0
1,1.6568415463465267,0.07641023032867067,2.2361026002628295,3.010267455303287,1.0432332293617477,1
1,1.091596772539685,0.08359810721500338,3.2461232648462506,3.671752162071972,2.601939689619339,1
1,-0.1985215562272351,-2.6097949484458036,1.774527912665164,2.001272242078807,3.6000061414710123,1
1,2.0626291662801415,-0.7889882848707177,2.127751060715319,2.622037310612204,1.0634964056453133,1
1,1.2186739264558832,-1.5646713946525328,-0.021371729721688215,-0.17137049143122995,0.08163735409525463,1
1,0.9988731727444553,-1.5813061493938616,0.01262435904960102,-0.6690089161636104,0.3978623825160482,1
1,1.0917652242618494,1.5736574844089595,0.5317290791851075,0.4740226703069358,-0.5813202408586942,0
1,-0.5019627273881555,-1.573758317311941,-0.1574238959641736,0.11990764262033093,1.303010932125242,1
1,1.4657591961915066,0.12674910043293042,1.0482165859032415,-0.6014712382548211,0.3547404883919485,1
1,1.241305406821993,-0.6133789738345521,3.371830790797091,1.9460037148187719,-0.05245921790008212,0
1,1.9773487969958492,0.1685071373300776,0.9060439089642089,1.270161100687627,-1.7459937759467166,0
1,0.9318475009649952,0.17777218954011453,2.4668274599138584,1.8398383822006998,2.036743957171266,1
1,-1.8146947267266902,0.6844305531695296,1.1313027644360285,2.530557543685349,-0.2809438942953256,0
1,-0.5131382319651085,-2.640761520100164,-0.8328789249915178,-0.10897623179815463,1.1182689218903172,1
1,2.2739716232566414,-1.7077435796584375,1.3869921836508194,0.1567963924442175,0.9264782179961305,1
1,0.5887070332190631,-0.3244275280027167,2.215121286612691,0.9744555738575108,2.4390944758889233,1
1,2.5491217157944837,-1.8023367795175735,0.46892524051396856,1.4077010135475363,-0.588873175494413,1
1,1.2475017065476655,-0.9582897940294486,3.165434467838406,-0.5015921058688007,0.9166151109070162,0
1,0.14271369917074062,0.15927689183322014,1.179932073672497,1.6653394417631653,1.2064883399633164,1
1,-0.5746384507264299,2.0224017654074937,-0.025768437563033153,1.828901690096895,-1.3128289426588198,0
1,2.4839877662601255,0.35633085968694356,-0.8301326662081283,0.8950197422729252,-4.489246264192723,0
1,2.6024011443395825,-0.5355174874953352,2.3313525677479188,2.1676911931509677,0.8099717761901707,1
1,0.445739167036318,0.29314507452663907,1.2131985574933837,3.788814771828956,0.5735532345835455,1
1,3.20038484769509,-1.1401853149899543,3.2730723922743428,5.473788525650994,1.2477918875373195,1
1,0.6847947514037349,-1.0253665516516604,-0.27882863444123296,0.24841079794732945,-0.13560149939359212,1
1,0.48817218453137834,-1.4569270579021283,1.2318336632584885,2.9272394047611696,1.6181119251108065,1
1,-0.5611218627483354,3.5664472536226284,-1.183596672702325,1.3359027268990031,-1.4995547969047314,0
1,0.4247541850143626,-2.30736548011295,-0.18287322345509804,-3.466497207725605,1.4787465071474797,1
1,1.4471398594968015,-0.8923405307361552,1.8837782859150956,1.7101000636311525,1.495763201290449,1
1,1.8749627861122118,3.596265252240067,0.06823920264837957,1.6335411184566868,-1.7189903402024744,0
1,0.3582177000187816,-0.11952457854232312,0.23742537300865052,1.476851576606566,-2.3032950283044276,0
1,1.5164255249004066,0.523316138215069,0.4463497020654944,0.9352985754975025,-2.7415790892332446,0
1,2.395178852098907,-1.023940308589885,1.520299692402388,2.087330520445457,0.314283996462017,1
1,2.1835479732225744,1.4919306114449888,1.3109688665032126,-0.46599256649722753,0.3175390952828425,0
1,1.9001714473090445,-1.5245887098006672,2.51558618664541,-0.3161810738091384,2.535599971655224,1
1,2.3217834813246423,2.5952541780023353,-0.24667630405091368,-0.9584849514448759,-1.5840488466067266,0
1,3.2818237113943165,0.15747403909871427,3.2547646324838344,-0.12188776779540533,0.9795981263614004,0
1,1.5997692961437124,-2.541276992085959,0.9655339719156437,-1.2864432948710482,1.635294702852884,1
1,2.0290395258285097,-0.9882758410117718,2.703934387944267,1.9762638214338422,2.025914555152175,1
1,1.9744900425049203,-3.0465777841769617,-0.05082242915071378,-0.8056058621749376,0.31144817550461223,1
1,0.8552113816012628,-1.3205503810131294,0.12318064582862653,-0.768238751551918,0.5295019208169811,1
1,0.061816826180403295,-1.835801680384904,0.6827442618089161,2.4512383837704528,1.6243025012237462,1
1,0.7498927379884026,1.0193277628291537,3.160342314274321,3.427485665251614,2.3441653354096035,1
1,1.6466273000108211,0.3137385561813091,1.8637196496471569,1.849078515086546,0.6581064412664952,1
1,1.6335119190037055,-0.4032330596901168,0.907995182539571,3.721074025071971,-0.38844824381284204,1
1,3.858559221537451,0.7375038208732503,2.0882612769716786,-1.1502859594603052,0.5417176017417633,0
1,1.330076354049255,-0.2774113709333994,1.7069405425256727,5.493586950823274,0.47055186136004334,1
1,-0.37564716201600734,-1.8471749776066435,-0.8201811516848792,0.14427717855418043,0.5697551660474474,1
1,1.23671144078234,0.5252220327314523,2.69555633946029,0.6100523562239204,1.7648003893231827,0
1,-0.2952854255448918,0.2706403341093828,0.45076115069615386,2.7767881756335235,-2.5915450733566185,0
1,4.366627854161798,3.0736656523619037,1.5558918079909256,-0.29627199058006526,0.5915500087260406,0
1,1.514238655803544,-0.38885739809824416,2.8112821018043705,3.5995154579000626,1.9886810285267642,1
1,1.8546300667312718,-0.18992364483562807,2.2973558123876003,0.6481550178462971,0.4661055561204692,0
1,-0.7526330739804741,-4.419087376246349,-2.424956308488696,-2.487548169424975,0.7206172576221781,1
1,0.5950306787201844,0.07901185964242852,1.6325726198678505,-2.754063741498301,2.1069218049402836,1
1,1.2889104577810966,0.6113119932651089,1.657520547452877,0.6536763982839371,-1.0450856260989905,0
1,3.5589796393119637,3.7482206438075885,0.061883368863849486,0.5908683275663522,-1.3332344200588448,0
1,0.21704645595455885,1.7316216032960172,0.20377441073471925,-0.131516485851922,0.2395772588771785,0
1,0.808400348322248,0.4792166684829169,1.6357093324762553,1.7858396920439714,1.0243206668249636,1
1,0.22837503432843353,-0.15627979520934654,1.3992312994363072,3.7468454407967116,1.2230925462874374,1
1,1.8384965939766311,-2.0264783595267235,1.5371134041289969,1.2532408203254501,1.4546363945132006,1
1,1.6338035276062586,2.811979482099118,0.6036107357956435,-1.0845548327486907,0.45767960504363137,0
1,0.852300355418202,-0.6192024921942119,1.6947169227823835,2.748201336228064,1.47166486296708,1
1,0.36717098492220757,3.001280707705316,0.8132616405072959,0.21567697523988516,1.543401512677177,0
1,1.8070362258495365,0.3473718422843748,3.222432575853578,4.3612747263598415,1.7202959050405013,1
1,1.850581004812954,-2.732473103049283,-1.4748902626317744,-1.9598657668330364,-1.267588513898887,1
1,1.6591677148848323,3.544752744315199,1.2351570445312832,0.44224625621762825,1.5838120016903683,0
1,2.11199892206258,-1.5104113643237076,0.9099342289350933,-0.9099048471616924,0.5530553999321732,1
1,1.5183753830441997,1.0480319904984121,1.8132699369468606,0.14213868075019853,0.6160435156509403,1
1,1.4539503856284752,2.54789340456158,0.2995817213523069,1.4695748034365876,-1.422230830928212,0
1,2.750997279097071,-1.6582436755568843,1.518849196772258,2.5988596368440655,0.2475541622672378,1
1,1.3411919256776972,-2.986148239878702,0.6791127842665112,-1.3347652027324814,1.7562804325848669,1
1,1.6191230291559786,1.9600093468871267,-2.678919762906971,1.9230471849061872,-6.150839625347408,0
1,2.9779563898197265,-0.6606108071471243,2.134592703310236,1.611622438881472,0.4167717330507137,1
1,0.9804674273431276,-1.1231644950920374,1.1469402250941156,3.987646779556467,0.7796732521384369,1
1,1.6590939358495416,-1.4637512629952139,1.674657438047571,1.518009104041421,1.4115920909685717,1
1,-0.9267823471940233,-0.26326509147709065,0.28264523089806026,3.2957645847314367,0.9975986708647178,1
1,2.7408216611910623,1.0162741344038813,1.5077651035423334,-1.4326154776119395,0.2346865252972743,0
1,1.1143876700011166,-1.480019178986525,1.0522805034630554,0.8686090181036863,1.2368919899342092,1
1,-0.19162172299743996,2.8394253978794333,-1.0956717765287212,-0.6327344494564353,-0.6651104325438577,0
1,0.16527014239932347,0.2119705923591828,1.4818529972646206,-1.0217062155544419,1.977393877394994,1
1,-0.42785735444258144,0.48859607714468734,1.9406671313781338,0.8188208451788259,0.31006410409674867,0
1,-0.04493303038163177,-0.04338155817434286,1.9993527455188846,1.5105547777836217,-0.4198653322402284,0
1,-1.2438974141829213,0.1534989421638816,-0.18598148206002274,-0.12311404857620545,-0.7421666549873409,0
1,1.3055799271565982,0.11128132592945095,1.2415242390435648,2.882541349462091,0.13135377737917198,1
1,1.4572112599942302,-2.7013007236069386,0.19153957548874145,0.5565036785327835,0.6136656537375238,1
1,-1.8621012813887114,1.4506127260590311,-2.7426487195180824,2.1770760248719068,-5.151504434099978,0
1,0.714301242679421,-2.0414934767003916,-0.1306136569115557,-0.02248921085549327,0.6163282247100594,1
1,1.0392276763583879,-1.197035759439979,1.098337203870758,1.3079016963981105,1.1407630538179676,1
1,1.3414860622087628,-0.22235606514092066,0.989882847129937,0.4172625784577568,-1.9510265699785947,0
1,1.4156346883195376,-0.312398803895779,0.7669264561069133,1.6321607005463648,-0.06969208868701138,1
1,-0.9743092100437254,0.07859494468320416,1.870780855248798,4.335161205099275,-2.3181128834085167,0
1,1.4698216292261175,2.1816372038198706,0.2429682471754171,-0.04677085213830989,-0.6501729745260055,0
1,2.1957578938251467,-0.6061198349506575,-0.1608258988854161,1.1147076041979413,-1.6106672325114313,1
1,0.8376909620858797,-0.20201458439461883,0.7953253379119213,0.5773642809207353,-1.5100111660508824,0
1,2.2018707631698016,1.9563752205258202,2.5060860102363076,0.5008136724851828,1.3991481826696837,0
1,1.1443154563274427,1.4069437249227443,0.6480640681708703,1.5367054999649317,-1.6783673686280411,0
1,0.921020289537737,-1.344510709982583,1.9584595486562444,0.48057540774845164,-1.227818862704342,0
1,2.0568404832493696,2.3390052969422825,0.1736367550360074,0.10177836258582418,-1.2215280099376389,0
1,-0.31701816003647676,0.6141318485816676,1.7940438171624646,0.8625787694897388,0.9337160759081335,0
1,-0.5699474231630255,-0.6916813976083143,1.3547152741292119,1.2962676659214358,2.5213630558426523,1
1,0.7748854184325263,-2.0299890818492186,-0.0655265578005313,0.9443271074376112,0.44784402221605835,0
1,-0.7087914348874607,0.684179421299739,1.4889318457562513,1.2911871143992253,2.0520272308738323,1
1,-1.0701045709208712,1.268084535861775,3.5347985070034933,2.3890850251126308,4.327835734710705,1
1,1.4353100950346827,0.34497068033484735,0.6622326133936385,-1.741098035751469,-0.2798629556210369,0
1,0.7806402178428673,1.2489348232634199,2.5188322715582574,0.3087800058506245,1.4861234151311566,0
1,0.9435162763738907,1.0670671487133512,3.203553262804723,4.186317435282971,2.0751236824162325,1
1,0.41237141961450874,1.0112838145604388,2.261381613003012,4.19920518865016,1.4111126651373542,1
1,2.2712887297302347,3.3358914779953697,0.5898587931352424,1.938428302939485,-1.167336263117408,0
1,0.02327513481615484,-1.4088245986293528,0.39368112967439306,0.345778135509763,1.3925463759318584,1
1,-0.42574386857933444,-1.0358331612034883,0.6424694306696488,0.534079714907318,1.865260056989808,1
1,1.5891090381988635,-3.6132912519377447,0.6496989470865314,-1.3084353818079735,1.8534369557362265,1
1,1.3525793051814208,0.1274808909671019,-1.059525518016338,1.267638910500158,-5.2982402762571565,0
1,0.5937031050495402,2.9434955528309743,0.1793124229664328,1.8345338196090801,-0.569362750595318,0
1,2.0863267838670065,2.620503495562464,0.5390492268530247,2.8037069106927657,-1.9144622365522883,0
1,0.6797791065735144,-1.4542862153033935,2.8024296703125575,2.143700875733392,-0.7996271811947375,0
1,0.04112730916792362,0.34318655517885355,1.3993958286067392,0.5999296193043595,-0.5040265529420189,0
1,0.6747784553882038,-2.368339855206176,0.5412425497998721,-1.1792507749662078,1.7849836285792908,1
1,0.6620059321461913,1.510717644833317,2.036888846356863,2.8514355517889287,0.9260395665231331,1
1,1.7363573121733016,-3.105579494375819,0.29833066889374693,0.1112039798737744,0.8072553660335644,1
1,-0.96715117909843,-2.3893151867110856,4.3051155207266,2.3746559168258963,1.1477347032326195,0
1,-1.0733651272449514,1.3582542723799218,0.7290644606228993,2.5660475461777206,-1.2419243238585034,0
1,-0.5772415317374473,0.5767351600445907,0.7595422920845385,1.687573797206365,-1.0071292545034327,0
1,0.6681452258172595,-1.3210504529230072,0.9213727064983714,-2.3532906380503418,1.8875804710511939,1
1,0.829767423078882,-1.928351851615901,0.656873546637978,0.12256213775459401,1.3720898463222515,1
1,-0.5927957401427093,-1.9624035254122991,-0.14778208987546537,0.7560324145987886,1.4906090926414728,1
1,1.6031245420248847,0.7005112494109307,3.050110954173946,3.3064483463595975,1.6863827847933988,1
1,4.02587909023681,-0.198313378027404,3.1238318777108685,-1.5081136710863308,0.8098232093033837,0
1,0.18171209995733084,1.2664270596638139,-0.40152845738750753,2.5117005521252933,-3.209647207637377,0
1,2.0716224643839998,1.6073283479363503,1.1632429500233488,0.7922681116935598,-1.325446934301688,0
1,1.1250780465550576,4.466263988895588,-0.6411495426656757,2.28268449057542,-1.8682715256018716,0
1,-0.5889296602649181,-2.0482351490420383,-0.49447186440818536,-1.429903883841988,1.459629952597127,1
1,1.0862820699046858,-2.2895799165087416,1.7666216532978076,1.244717299209927,2.4591177781510067,1
1,1.3923141060817887,0.4227958815493821,1.0828135194088975,0.9252806868131409,-1.3936558436164082,0
1,0.3032256783594849,-1.5604199541052068,1.9965231932004222,0.6485666044325724,-0.82557428553879,0
1,0.6992471063766539,-1.1530128610487949,1.5893545829041196,-1.1375987873805466,2.3715135832121117,1
1,3.2700265021247445,2.128490796562497,0.8814100234843572,0.41202214433161666,-1.2787643765329295,0
1,-0.18753607249879867,-0.6457816766197857,0.540333586960432,0.2025995083982589,1.354356991573607,1
1,1.1090761847261978,-0.8640831962070462,0.4694928275383957,-3.8963579908561083,1.0033674851975756,1
1,2.076464154092954,-0.12001515501493443,2.9835079938764886,2.362978075456645,1.7984493388011353,1
1,0.4646068984424946,-3.1150707696795865,-1.0965350848926674,-0.34195732636923304,0.2761938232919947,1
1,3.769065525284812,-2.8872160225438344,0.24272280186161588,0.3275083245184076,-1.0819355670602997,1
1,2.3357051633281425,-0.8951312422425293,1.8025419450227127,4.656724399750848,0.21044560833519743,1
1,0.9112534051255552,-0.7955905909698135,0.2754389666885856,-2.1199987544384036,0.6207712875158886,1
1,1.6092006575865607,3.2842741739261703,-0.13512149968285692,0.9492550908505206,-0.475213465345816,0
1,4.024898748725781,5.045319792805937,-0.6111939553430008,-0.7312123263730703,-0.8068165724276046,0
1,1.6224175796621318,3.9338531827608354,1.0040913508977045,0.9589509955347548,0.9899364148188989,0
1,-0.8111220347082673,-0.31959818777374993,1.123212689386109,1.41733279669913,-1.3293168972114857,0
1,0.4785020057899726,-1.8063576996739346,0.7066753753739003,1.1166492223254596,1.4875655948271727,1
1,0.188021503145695,0.12215751705189914,2.9259058303968546,1.7543153947753407,0.9002624516337416,0
1,2.403078954703547,3.930266837015057,-0.44064436294279674,-0.8789855226253442,0.07069268002317575,0
1,1.9827904163066732,-2.7401502274504375,-0.4167037421171904,-0.8578329994744092,-0.279408088174109,1
1,-0.2712714740707023,0.00014255121716333363,1.0699439177077086,2.81784610295101,-2.811665063095468,0
1,3.2539429070244195,-0.5877988299322656,2.284401935649907,1.4301107236714556,0.41078380583335716,1
1,2.0993501834728066,0.19278480465200754,2.8536062819936987,0.4609671435009559,1.6147866447566805,0
1,1.9325562168874117,-0.2423465895803576,0.7930113078182565,0.5433059351934921,-1.5333272951821022,0
1,-0.6523433716260179,-2.473998850513423,-1.467844294007195,0.6930488290622439,0.28213201156248746,1
1,-0.15762960038141882,-3.577933471601577,3.6444280269607408,-0.38076756019506,0.7940524443969958,0
1,1.883737699525756,-3.2878700091546778,1.3667880732542008,0.5948691789709363,1.9597419224211203,1
1,-0.27896927885460454,0.6628714017977926,0.15503618480934944,0.9656176711345259,0.18159625572954585,1
1,1.817120519341358,1.6279249735406007,1.9335680205373782,0.8906762772057535,0.644281058816893,0
1,1.8429518285448927,-2.6701524914679635,1.0234070107124644,0.6717286064850811,1.2481109267046842,1
1,1.8488520802760666,2.4887346803924246,1.0452161762224608,-0.45152753581825444,1.1269733612498167,0
1,3.829775461414363,1.3994829291147122,1.0130354108220407,-0.8142978239085912,-0.7300028515698698,0
1,3.094854015775835,-2.6507008219499815,0.7213241674030162,1.5620310766500891,-0.27429574422241876,1
1,-3.5389464700149578,-0.3434324777528015,1.9438097241101924,4.894314090231142,-1.3393501120474611,0
1,0.9972984472939764,0.7716458902488403,2.6585403439067927,4.064266436058194,1.5550322107304524,1
1,2.184418029884756,1.7918541123942275,1.4743684949082265,-1.156850089769744,1.4949356774129559,0
1,-0.5959342953461382,1.7258256739129751,-0.36656539756419004,2.1444557619391076,-2.3490454620328474,0
1,1.1909335376917605,-1.327554495297201,0.9356701178623186,-0.9064634612351299,1.241528889193491,1
1,2.668280777876106,4.035055553727669,-0.04149526108113011,0.686896972606367,-1.2301797134924402,0
1,-1.344572461871567,0.889584002242912,1.6223570913522045,1.1695171415835637,2.6741100676335465,1
1,2.16664413620592,-0.5282171379443819,1.6422147462314376,1.3971021635820438,0.4781864171650777,1
1,1.3142867263240743,-1.0136730986535323,0.7381746164698688,-0.5593254407386914,0.6639035819539119,1
1,2.133054249780209,2.1593655211708445,4.051762132702225,1.5489798070328724,2.3254930822257394,0
1,2.2165142906514976,-0.15354214535402433,2.738779599366539,3.8518326029750285,1.1583087902027314,1
1,0.5897201106404051,1.1370128240807946,1.4778171588937317,3.9424023036800184,0.3127600084199662,1
1,2.714903972758039,-1.396479194301529,1.074366169715042,0.6496000573721719,-0.090721223003003,1
1,0.9970946577608809,-1.4304462484075886,2.451718039100699,1.4233874107732585,-1.4615730437505414,0
1,1.5149669750312382,-2.9795329734299214,2.3513074536293974,0.9245596149922786,-2.686962751290426,0
1,1.0219256102591185,1.2410593545335842,1.9962828478913661,1.7086557728008445,0.8779614919521138,1
1,0.7820107810061767,-2.3178269742985567,0.6696158807974917,-1.2990817540997845,1.8461053355656403,1
1,0.44947765130751194,-2.1829178240656715,-0.9386902019897256,-1.461876722257454,0.2030695685446463,1
1,0.02025395712526379,1.2665957569368587,1.8271258199664768,2.5411013834416942,1.3745692455513332,1
1,-0.0330122284075407,-0.10790568931459954,1.006378650835089,2.949382402954729,1.0888549428541863,1
1,0.1845484345970877,-2.508182433575557,2.6290815652846544,2.695966884264981,-3.1980340237608957,0
1,0.7600379187593693,-0.0297811936437562,1.3343905591160512,2.0771027824011044,-3.1429427892150805,0
1,4.204449658598541,0.9345767064362287,0.7573815756412442,-0.835476806612905,-1.1664343365191359,0
1,-1.0264089224430104,-0.6780279303673042,-0.45866369667328155,-0.3604526917654194,0.9859727090128323,1
1,-0.5091994535349313,-0.8972998228444914,1.0672470705440251,1.1374888772265266,2.272389035652072,1
1,-1.5547972354432869,-0.5712234241312129,1.5148972061600776,2.6220203719370687,-1.8040328606466178,0
1,1.3326212939351805,2.816962556218897,-1.3753734402622655,-0.9036089982934281,-1.479813012722646,0
1,0.11725239842903401,0.2657832328037052,1.8531228639313386,2.2128370202223806,-1.6764306278384278,0
1,1.381656420611168,2.4335460553609294,-1.2391663826340715,0.864507770439064,-3.1137758287007977,0
1,1.8123188585117531,-0.7374931433737426,0.8499030444767994,1.295502527932693,-2.118787722427129e-05,1
1,1.5124053113677718,2.1096665596392254,-0.08298513975750921,1.0704997531175997,-1.4237294613957048,0
1,0.19120570342809207,0.15068096844044043,1.7890663967729137,2.597841553979358,1.770379706413485,1
1,0.6959604802597281,-1.0135702095376917,0.42072918178401775,1.9286079824107785,0.41804411269011676,1
1,1.2985059086957906,-1.404038970673574,2.6193588143015214,1.6475577051330186,2.780252696828414,1
1,2.58905925084467,0.75791239270549,3.0073099790263815,4.214656884979874,0.623554853826923,1
1,0.3756890739643097,1.1393962018546429,-1.0211760493937816,1.7783908864822635,-3.338482226232707,0
1,0.917757866161907,-1.755276495003446,0.4329313584703526,2.580258885335578,0.5309827002803746,1
1,0.32215099587103024,-0.10460679419763141,0.44721337110299153,-0.9424072937337793,0.7274719222478535,1
1,2.743241297580856,3.7618484305545206,0.6820273944937307,1.7595267132033214,-0.10598953769772268,0
1,3.231564819972997,1.7562583842387518,0.8611677906949673,-1.5091305322132724,0.5931090560442904,0
1,-0.6218723160881239,0.9691711117074382,1.2008401654877132,-0.711833195633756,1.829440605708216,1
1,1.4528112707060938,0.4315360612750839,1.417203863088428,-0.34902690807880843,0.1468632685458484,0
1,2.888615009565511,0.16060251247920432,0.5720282541110424,-1.174537162330211,-1.1276590789735566,0
1,3.2765989865473526,1.8127069023268003,-0.7299607492154183,-0.7161394897473041,-2.8088446893682257,0
1,4.907440743686353,-0.7559059055448702,2.2188656408661283,-2.0594814848081975,-0.308917587015321,0
1,1.7521208572897295,-1.1957940229431494,4.220003480801461,0.5340074843882611,1.4678550172447453,0
1,0.3213061962193273,-0.5450378927094075,0.38603018280541246,2.468182373203551,0.3670092884238544,1
1,0.7485563310424551,0.9442530209477649,1.045659978712411,-0.2570677567160067,0.637999598003326,0
1,3.5396193745136095,-1.9096229278582957,4.307488767996913,-0.8896792683524977,1.5301087927737544,0
1,2.030100432417364,1.120811520333629,1.4340398506595855,0.20297118439346273,-0.775957080924213,0
1,1.1572636894072978,2.83857920089119,-1.8934510919350944,0.44650148190293193,-3.7699055664782626,0
1,2.6589408842812894,2.11656786019953,1.8412875976707845,0.27243224052933057,0.6720391376477666,0
1,0.8925897749937441,-0.9513277672935682,1.8163346509744696,1.2843273054117197,1.9967299953745603,1
1,1.8500480716731351,1.2875308516498811,0.8269492892351225,0.7499182204683481,-1.646941929820696,0
1,3.321072868338116,5.141482014275091,-1.0499425308799593,-1.0315475499009161,-0.6718299901366915,0
1,2.165912903645975,-0.011280507638863124,1.5091166750104867,1.1875920076778907,-2.5004163674493878,0
1,-0.26705537129606927,-2.5075236254896107,2.485826020507762,0.1093009197585465,-0.06584656772598241,0
1,-0.41626897511600114,-3.1235805222293576,-0.5526659190876468,-0.24855388654333832,1.6627890809363555,1
1,0.4168635762165055,1.0791035603982058,1.6344680881343678,2.2356468306479123,-0.45453623451243463,0
1,2.518435748227067,1.3755685846129544,-0.24343317231642225,-0.8727365889181573,-2.404390179888494,0
1,0.8490960157544283,-2.4822074599638855,-0.730163589493523,-1.7995902047984016,0.29032530280222935,1
1,0.8432064169837061,-1.1725998778912532,0.924373359180327,3.2283515945193297,0.7857352251120269,1
1,2.2805179075342874,-1.5317554206090698,1.1769520370738882,0.12409065660802177,0.5622029417185467,1
1,-2.0212626275145995,1.408253159102927,2.4485902414328153,1.3341090750860036,3.8980654536264354,1
1,1.9696831424206191,-0.5646827221935165,1.913720263212827,-0.06877772598841236,1.225297130569396,1
1,3.466352438821059,4.1576312986473845,0.5405335824285503,1.1281886576443225,-0.7672321101915475,0
1,1.2524951944269571,0.30624423267985423,1.5757796919611526,0.8979030639934322,0.8023371655477431,1
1,2.261328345785579,-2.256539869064942,0.5434401909186877,1.1915594088883954,0.05704660653741944,1
1,1.9430129852685356,-2.4595922735114284,-0.09531731591072923,1.1253266804645172,-0.33967239271848526,1
1,3.3018173305014953,1.6510388925378634,1.2441148114699734,-0.2403696700748308,-0.5157546972143698,0
1,-0.6738518056606495,5.773028254321934,-2.6748025291943036,1.8186335390057815,-1.9820341196041542,0
1,1.2943614392641516,-2.69353163629371,-0.4499719409261731,-1.4926813913271046,0.3107722475107171,1
1,3.00397438540014,-0.0638778923591371,2.0384309616410254,3.366930599911425,-0.2896509753396985,1
1,1.0765040038542617,-0.09469971981896319,0.7928404348670405,-0.37935873805525966,-0.6930014705727012,0
1,3.3654383151767986,1.8418945339338997,0.44062769335743035,-0.33494910249403453,-1.0518544665228595,0
1,0.846974340512554,-1.2848961072494614,0.2645264064938818,-1.2181531958541285,0.76768729552678,1
1,1.641631993217728,-2.6816491678872696,-0.9097274142580039,-1.3376369767494825,-0.5620374970214514,1
1,-0.965127589693558,-2.633844510678446,-0.5787543719935755,-0.10652866171976072,1.780071562541758,1
1,1.2517265464369247,-1.9164246503170377,2.773674816857378,3.0053102817244715,-3.422107476818483,0
1,2.372672063941689,-3.945433612246572,-0.03756425806206831,-1.0854194436069116,0.5277644022215187,1
1,0.8212449406248635,-1.2458871654338126,1.937105623095476,1.332373273027401,-0.8083786735945064,0
1,-0.5105920655537517,1.6961378835093384,-0.5185393686330204,1.4829378384251592,-2.26724676283488,0
1,2.9843616490649607,0.6033223058750927,1.995329811720648,4.960435069440288,-0.9369973973688208,1
1,0.3492431822831996,0.04378179692119055,1.2715638606859707,2.028404824400775,-2.11283982067662,0
1,2.0052217347328827,-1.9215095698733144,1.3500969573974528,2.6049390530291348,0.8114073043360915,1
1,1.8642532506883094,0.6533496536625947,2.347042331253879,3.1143499023869126,0.6913591019202681,1
1,-0.19828813212018082,0.9587597776269394,1.8120575485527495,2.210233709845621,-1.2067183625694018,0
1,-2.3188093941949433,-1.3128794862215973,2.7124376866118602,2.5883891724531365,0.5505864467137913,0
1,1.1170726620542994,1.6793858299204725,-0.2977310469213772,1.0641134911490555,-2.042676324901609,0
1,-1.2049934540391223,-0.6199496974083687,2.1087803329902055,3.5371106182981435,-0.5630446877127501,0
1,0.550624163461718,-1.4089450509270771,-1.0587945288970446,0.1485076891238708,-0.7248806654208626,1
1,-0.04892862589686553,0.06337502849400023,0.08523969625868777,0.828538064814628,0.2534855389882489,1
1,-1.0530725972704191,3.2155145203324764,-1.5206689827015283,2.5035730106965692,-2.0430707984922054,0
1,2.1359062174227446,0.06612370123084133,2.791903133739916,-0.8474000318200428,0.9810709544039331,0
1,-0.890079324493384,-0.5684088036074446,1.8447455724896489,3.187769652227086,-1.7684738468304118,0
1,-0.2654462736271683,-1.4021169874408654,1.3449582378846934,1.947717255209388,-2.092313265731459,0
1,-0.3035035984374015,0.7684372768393456,-0.2738374534406456,2.14655134566784,-3.0184381899269677,0
1,3.0409507502345074,0.07875101364311898,3.653234068692203,0.8991783863676266,1.8594019766615588,0
1,1.7243597366982457,-0.4140651730403333,0.8279243793965287,0.9049050254266933,-2.870010826983539,0
1,-0.2082470438376136,-0.9124826051089812,-0.6406018765814849,1.9401404518707603,-3.8819396737838825,0
1,-0.09321316755295261,-1.4495001721003005,1.362130326042809,0.020540652172569396,2.723631540024453,1
1,-0.13514556622283713,4.2156447284039755,0.9677234121304606,2.9939752236781345,0.48940984140689703,0
1,-0.07647329817290838,-1.1395460608585517,2.266150331252683,0.6095935072259189,-0.039673436059312284,0
1,3.6478510317927832,2.3515170606710862,0.21393397143854942,0.4061215139493325,-2.4852920093367317,0
1,-1.0219959941976842,-0.8221352784029259,3.877731328386917,0.6374177671521738,2.7764019813070977,0
1,3.170987328864266,1.8419943001585894,2.02547362751913,0.6744769990913695,0.23187583330568473,0
1,-1.4940314922085003,-2.5112130456473842,1.7960993209417353,2.495919773178955,-2.3336233672543027,0
1,-0.5169787029367441,1.6934117415674623,-0.46773984214179176,1.2064651215176105,-1.3981489402901768,0
1,1.6463059783151264,2.5087946627038926,-1.570715318135826,0.1547839750501161,-2.713283961761591,0
1,0.18545222371707315,-3.1521349629769837,-1.001409424635367,-0.15996918490671685,0.5981945480468343,1
1,-1.9430523857358946,-0.5740749842505718,0.1808590606685221,-0.2588688724259567,2.440720671510329,1
1,1.7626436854286327,-0.1551684313438615,2.2053549334343057,3.126142892209961,1.0147454847753639,1
1,3.304935642964475,2.234596264311259,0.21777992899119192,-0.22028536750428196,-2.2344976833563637,0
1,-1.28288526199397,2.025519887506437,-2.105805199599593,1.8662012665093008,-2.9122943070986618,0
1,0.9140765421511644,-0.3384433717361863,1.7656567888057402,2.7159021620056185,1.3779229007314386,1
1,2.1558685389928014,-0.6252398378964283,1.6984008931693664,0.8430294953032649,0.7128231577537492,1
1,0.10817681899806275,1.4616907513587725,-1.7294584023068804,2.5122993038548946,-4.489315168534716,0
1,0.49953469721377375,-1.476434972474968,1.6987795144254816,1.5424465346638545,2.3844349821783783,1
1,2.549798051238073,-0.1563870487908806,2.1810686698552866,2.3025964662746228,0.48212957104688525,1
1,0.055537447635621295,-0.5745995904796184,2.741996894074023,2.031107360941384,-0.3771920361267368,0
1,0.8780902538412452,-1.0907551455940137,1.3331530059466141,0.7370367005862781,1.5763218760369893,1
1,-0.5967947615512617,-0.1782785217578775,0.40394245447416144,0.33106727232682787,1.2992577908179448,1
1,1.876239919985424,1.1383819083589886,2.095141641702397,0.7352159874669848,-0.1715724917930923,0
1,1.2884677225970274,-1.9398135547318192,0.7459551386970595,2.728452166949494,0.6668577686527888,1
1,0.12947231970000372,-2.2414972449916175,2.6599310732795614,1.5588140328549251,-1.5047765561576405,0
1,0.3239446006466905,0.4864831160640205,2.607969521058122,3.00849788771232,-0.806527432816386,0
1,0.8469742140859686,0.9943099627695126,2.1064689158359418,1.7613797037291647,-0.07231838887732522,0
1,2.226412464933577,-0.899276463130655,1.3356866393929583,2.604705233705504,0.08118813384830081,1
1,1.061349642497951,-2.525003063455997,0.9484232233500982,2.0416342567060597,1.527163517832871,1
1,1.0231347845039265,-1.1786261538093756,0.25154582492896804,0.15138025562902613,0.3290079771869505,1
1,2.4048460524092947,-2.2783336857740926,0.7714994422640508,-1.4306607882302216,0.616110918373272,1
1,0.8459306842318339,-0.27851680388661726,0.7845776381856674,0.8589654645861245,-2.4827985590349657,0
1,2.560811046834828,-0.1574005374390709,2.72343724792184,1.0954289404241264,1.312753663556623,1
1,0.7584997949287282,0.4540246340154346,2.454831394520224,3.3261452888688354,1.833035315451105,1
1,2.7161975040272903,3.5613063168711627,-0.03692726092896459,0.5473682203120426,-0.7473630223480381,0
1,-0.6501596780292265,-0.9392632172182075,0.5508575803728286,2.7301639768992807,1.512500471648604,1
1,1.4768304026620345,0.5488089226586608,1.5310607822683244,3.1135353584212107,0.05581284705732392,1
1,0.06622986831499922,-0.8654005859433053,0.5783507692403322,-0.20179715670059695,1.3731160643392322,1
1,-1.0159824658304646,0.1654742146835746,0.6727059702112608,1.7244755534017968,1.5706563423642326,1
1,2.193264923942425,3.863245435178047,-2.6606934759157603,1.605919539806218,-4.459035376120511,0
1,0.8792086254837935,1.8569653637740249,0.6823331950195015,1.0601086408948097,0.001554916586091526,0
1,0.5748726522880829,0.6850652841830749,0.9369732664209847,2.4772206584003618,0.18214970206316605,1
1,-0.43718296806834145,0.5838089748413318,0.19444225583927766,2.83417308827409,-3.480623966454331,0
1,-0.7779757001126364,1.4702945461395265,1.7548294923308436,2.0050916049201275,1.9234435764486886,1
1,4.028820201841594,0.5821316747218332,2.4377476004704093,-0.6598489956271296,0.4439972156668113,0
1,1.6078897449893925,3.565687060556978,0.31334862354365767,2.1575134300201326,-1.0151572451863045,0
1,2.226750938754668,-1.319220800818053,1.7986100521236528,0.03640840991869798,1.236450567809033,1
1,4.839249960398575,3.101273080054925,0.45648453735660055,-0.16873087201323655,-1.4535374855416894,0
1,3.142820612058366,-2.01952050982306,1.9402300054960295,3.0140669572479726,0.5376249045451139,1
1,3.188957519379184,0.12041756418651994,2.255094695046819,1.4587654238403858,0.029599707968576028,1
1,2.9373146319251418,2.6906284356024726,0.8411658477393411,1.4050597798931754,-2.2386069966004367,0
1,0.7354410077680342,-0.5666736267264441,1.7060840133972937,1.138743272261665,1.8238613446308332,1
1,1.3689778523809422,-2.5230586692746395,0.1439703549236495,2.6305315289577775,0.22213867026666845,1
1,2.265406901234444,-0.7470351751502347,2.4661329162337204,4.243154357941008,1.0735889067858535,1
1,-0.8269561361761892,0.7467442195988567,0.6468350887967701,1.3201196639965762,1.1014130426001907,1
1,1.6294883010816594,2.6828482022509874,1.135181163101867,0.17835447576281016,0.6574681904877542,0
1,1.9992320285158374,-1.0628845526308537,1.3896302316137146,-1.6784443256309385,1.095654183397949,1
1,-0.7033395938014217,2.195253928317924,0.2766181051168566,3.2459051667667693,-1.4228237262716177,0
1,3.471792232835632,0.33289529604388035,2.1013701520547583,-1.2480556217476777,-0.30125034868155887,0
1,0.3396024832786356,0.22422033908252492,2.00139907948234,1.1591699129944713,-0.4441743449360158,0
1,4.035735694328917,-0.48818519268001914,1.3750058818459108,0.27620355403784314,-1.218061155604429,1
1,0.19306120447138275,-0.8543448653690702,1.2616540668813794,1.2260608315444805,-2.649183611782984,0
1,0.2948217122409207,3.294908404298657,-1.1695147521409663,1.9437980038298774,-1.9784683555313747,0
1,0.4743197420464256,-2.3587382024254753,0.3077146868263829,1.3929245053051404,1.2527896657721318,1
1,2.7071947206548836,1.8963576432892806,1.7788896760060857,1.268120820596819,-0.057927508712708686,0
1,-0.9263091142476056,0.07523497789812983,2.0852617253384915,-0.08834277439621396,3.497399223204874,1
1,-1.1034825050930697,1.9394243638522843,0.29255782001968644,2.090368311116739,-0.7061609494292244,0
1,0.9655311177847097,-0.7343803942961165,2.013708111223808,0.7495703968722178,2.118885338655081,1
1,-1.2010515645211908,-2.433201947969159,2.0826870897159204,2.4490347789523605,-2.504617100588392,0
1,1.3117116586795092,0.5879457457870492,1.0281367475787029,3.0841784791668783,-0.39033548731434586,1
1,2.2914283382669582,4.131857371285194,0.7090642308240132,1.0893027225930771,0.23386480447211055,0
1,1.8355717457351775,-1.3283239150325064,0.5229267683731198,-0.04453798398140241,0.07633977183675367,1
1,-0.00033284747060924325,-0.7695353925761856,1.0362778887575983,1.5714461684457,1.6618915635347682,1
1,1.730855219108698,-2.7718225954141356,0.2445558918980948,1.2748570706979065,0.3892146569259567,1
1,2.143374939281675,-0.006140321434692453,1.194244743048117,-1.1601156759399278,0.383655839074009,0
1,0.46969277465390225,0.7345762419693194,1.862506071709664,3.286468863211938,1.1825426689325498,1
1,0.021417842441208257,1.288442515310066,1.60905212040986,3.15128506300627,1.0005290841985335,1
1,1.4924066263572362,-2.9835575991711587,0.6465230884187088,1.8238348198288925,1.0905014970252174,1
1,-1.8162197108211644,-1.4120485300087515,3.766895119992351,3.724772021898606,-0.1313828827500142,0
1,3.5047174751892354,1.7580783153450295,0.8126362380435863,-1.123769636694417,-1.322500843780779,0
1,2.074174009164096,-0.28272755596016097,2.347308345738613,0.27055844744381896,-0.7435140181809566,0
1,2.071963824198673,-0.4724099670002435,2.9845570264319106,1.7124608862598727,2.066487193213458,1
1,-0.07723907680845077,2.1223722465228323,0.8486439241296707,1.9378744594409425,-0.0769001258935843,0
1,0.3565724309477529,0.38603788331125977,0.27625957148870794,1.323185253967355,-3.0079055443747658,0
1,1.3005494905121435,-0.6372721865269193,0.7386062744833386,1.531261238126191,0.13826871843190525,1
1,1.2385846049510199,2.8090425644719783,0.5890513093388899,1.6274755211077263,-0.9390302919728917,0
1,1.0109949145491715,3.9130472243530825,-1.0876590103306305,0.6415884948072201,-1.1886500642999396,0
1,0.8574645660153687,0.597407809927635,0.6789925813825701,2.5664981163100125,-2.304219352177487,0
1,0.9818017211678465,-1.6664237820845678,1.0788361515,0.2468944735332237,1.580764443908892,1
1,3.277697432608031,-0.8017730381705905,1.9604582008661726,2.4797368771924746,-0.08584542026122488,1
1,-0.13799453816137808,-1.0708126714752568,0.42520503587441794,2.4019318078737033,1.0585314692717662,1
1,2.3076628482163812,0.8080430851067217,1.0196565692377395,-1.1106664366602486,-0.46323082141061267,0
1,1.1936880094576636,1.738520133363597,1.5977621428150257,1.5583925268005816,-1.0771939559849066,0
1,1.4605945790440953,1.3573279433785137,1.646750171748334,1.5118074442597762,-0.39929283587737374,0
1,1.4449679585764246,-1.6016857679485064,-1.4700043352442367,-2.4020688435446695,-1.435594319204554,1
1,1.866433236626012,0.7495762777606996,0.9549646763751276,-0.4673927682418728,-0.9269541437630241,0
1,-3.205684144213854,-3.175172074252619,2.564568231775292,3.1993131698429966,-1.4454010192401592,0
1,1.639129518961323,0.5852675132208269,1.9431268015522947,0.38461058061567044,-0.2842124120842434,0
1,-0.6498502643505295,0.008926955496824429,1.7607677905025731,2.216300451383537,0.39471214250388353,0
1,-0.9271269492937699,0.38708346857213183,0.8468137166097438,2.6878001390071926,-2.496823520886416,0
1,0.02812960392545205,-0.6270180128747221,0.6178571543729388,0.34641213191436226,1.2644263922486927,1
1,1.780560819651792,0.3691933529160878,2.0479843078205597,1.8009047272468264,-1.2586065544809193,0
1,1.1180880463300562,-1.7391637610862363,2.0051616937839696,1.7114453739830173,-2.258920706439344,0
1,-0.3748382687299652,-1.0611871085594795,-0.4377407606348198,-1.4163705077285842,0.8178827730867061,1
1,-0.545053008395862,0.16450958737348242,2.362372886110225,2.831199319330464,0.2543459049036838,0
1,0.18555821779158732,-1.262159853897534,1.6921004034754317,1.0358851581718163,-2.3189945000089334,0
1,2.6717429722891097,0.06426241792809473,0.0037088918096921386,1.0258401238496035,-4.7195532987081545,0
1,-0.6673490785203147,3.870000391501103,2.107147267000231,2.1295809941805617,2.88523603687405,0
1,-0.3322186614573228,-1.9393174608959407,-0.1327030090655461,-2.2145199551696257,1.7674879625087692,1
1,2.0139309716547973,-1.6405594338119378,1.4115344564809584,0.27744076470070345,1.1197976000894856,1
1,3.2632027671596195,-1.8153285139778799,2.819690240990898,-0.7111923511726623,0.10814771607867302,0
1,-1.517116284157869,-1.3701964589325621,1.3674850341360507,2.7608305658884893,-1.6624759448122222,0
1,1.0033089238872537,-0.0016020082404122338,3.71984628706896,3.2389917347168975,-0.32438242967672426,0
1,2.129874657081075,0.1852211936500201,1.1726355268480317,1.926915379159205,-0.48302777502497385,1
1,-0.19109496690821381,-0.30290039867066554,1.4762553003679446,2.428300215519478,-2.1132821740116814,0
1,1.5950389097066124,-1.9514043421887823,3.24413109670912,0.18389644640784286,-0.26749591234991676,0
1,2.024055899815198,-1.5809583618203336,1.357348800060484,2.937717768303893,0.5805909949462766,1
1,2.5112997494264677,2.7660609208572846,1.2322653715045269,1.0833364203403844,-0.29124114235295184,0
1,0.5461225157503236,-0.20313809836318442,0.28143069147204436,2.8069197610738517,-0.1986616959957217,1
1,0.9709194742618723,-0.6589665228510477,0.9331003893480088,0.38303353136324336,0.8611781468807946,1
1,1.4668792712668803,-1.0741112162458626,0.9603393244070991,-0.658906935764509,0.8765907263108003,1
1,3.4999132527508654,-0.0655783516164199,1.3889977526238562,2.1607018037017363,-1.256035133732138,1
1,3.803954678296621,-0.9123296965346381,1.071154978511199,-2.282769440326743,-1.1254729823225516,0
1,0.2193282280432809,2.124607073376959,0.5828886760430576,2.5086514656570715,-1.2295086740923487,0
1,1.0203934242839607,0.5168124381768193,1.1632375604679615,2.1281585621032093,0.22163951680299654,1
1,1.8631510414577181,-0.8106290599908071,2.4935176815987923,0.1570147990002254,2.1011030327034903,1
1,3.1918269111795405,3.5229108306504924,0.8808261849198177,1.384684930565404,-1.1729771394172568,0
1,1.6731273596872622,-1.0445927855063162,1.3782005499742391,0.5349596764795277,1.0026258945340678,1
1,1.6274847055708024,-0.19454345049504618,1.2769461945097615,1.2149240229560334,0.34887458642043556,1
1,1.1475158120546682,-2.0481434320436858,1.0316164635627176,3.573164027695625,1.0610620702508786,1
1,-0.10209292263577252,-0.686968888257619,1.942377304165606,0.30050190963578016,2.9930272026407136,1
1,3.3656300558125447,0.05048257488379515,3.574233849922316,2.6909952118107463,1.268772014262979,1
1,0.29585607962323357,-0.9959441364214245,-1.102243787993797,-1.5681220590337341,-0.4884275609272517,1
1,3.7668280644814502,1.0931913394708141,1.2215586102055742,-2.582186865539783,0.7800263829661431,0
1,-2.9826179845839773,0.5087263681751517,-0.11924193466815236,4.495560016104889,-3.168753249244872,0
1,-2.4170188135245967,0.14738949343099517,1.3055999642556226,3.126824267691903,-1.0380086268350586,0
1,2.244880312426898,-2.1297275707423804,0.7814887364759098,1.5209802313450136,0.23366164086086694,1
1,5.603988921758126,1.679983666380453,-0.26652001588108254,-2.3186621510987306,-1.731956097978935,0
1,-1.7344184479807248,2.198350505373728,-0.40839842360124967,2.250822557673262,-1.9805828678848227,0
1,-0.4223411120033753,0.9509241537590669,1.0484513168818326,0.2928495248930131,0.0949626163755255,0
1,0.5598942087482208,1.1662641814681218,2.3559502904692895,0.5624953268574466,1.9312391449661028,1
1,-1.103918545077481,2.212498089846744,0.22202533508775413,3.261029033574231,-2.2337229453044563,0
1,1.7015235154463904,-0.3465526739637912,1.5264704741754929,0.41920476810907015,0.7867257570445533,1
1,-1.359294303234016,-0.12373249940355224,0.22368219447601723,2.0599449880095877,-3.426237839681791,0
1,1.0670622125065776,-1.566911136984403,2.0517434077887606,0.16443642205858555,2.628592715663064,1
1,2.49867601630646,3.2104676336098943,-0.6145860240142509,0.07731212538211119,-1.3559522514691673,0
1,0.8737445968006308,-0.2814800317763073,0.5709016629219885,-0.47928164318255195,-1.131361232140744,0
1,3.103264801922178,2.3492744696485373,-0.15165292925537965,0.6948596682085133,-2.6954068552674633,0
1,0.6128086207326708,0.5310828217521363,1.550147241606533,0.7391482743776505,-0.3333256688454126,0
1,1.1762266553417096,2.381979585415654,0.05610395006710556,2.0136100610326264,-3.413152309375518,0
1,2.6370731522180426,1.6397011166536486,2.519084465298893,0.4504577247054997,1.2077554340587793,0
1,1.167724532120778,0.24713739835753756,1.8487378930005836,4.572994392813005,0.6426306051779639,1
1,0.3927036416714472,-0.4761708126988916,1.3768750055816776,3.3116567309743705,1.3204668881927475,1
1,3.6655159474933288,2.884710686027546,2.0934715854462054,-0.49364474914631784,1.8894704419211314,0
1,0.5333939810239967,-0.7858330758285342,0.9064969872966069,1.8671491169291738,1.0178872605436904,1
1,-0.5034049012316679,0.17881838920037818,0.23289460273202722,0.6353140968751035,-2.2203378677061036,0
1,0.2812216571331977,-0.7387212827374576,1.4955149431608104,1.7580481936187917,1.8899520827046123,1
1,-0.7199745774375179,-1.9153036280508684,-1.0527437290222181,-0.4095386912309429,0.683466537641495,1
1,0.6559923399016256,-0.918724645711219,-0.26019041033560253,1.7086718764067221,-0.3655408951597079,1
1,1.5380309116421125,2.0970648751447145,-0.5352678782441644,1.2313894648720503,-2.883053732780642,0
1,0.726331019941769,0.7085303817259616,1.9785330298177235,1.728645082020626,-0.3807267182815045,0
1,1.963144605345101,4.506635901356249,-0.9723853656011299,1.3768304616697618,-0.9797186836943497,0
1,0.8777280507853553,-1.225916112169469,0.011501462715306054,-0.05208962735465961,0.2067470627296658,1
1,0.12561288629479783,-0.34629658946918107,1.0588705505262797,0.8578010518807573,1.4830174784740195,1
1,2.032505623676492,3.013289875332491,1.079131362370387,-0.31565048032539345,1.7101522856259685,0
1,0.2863000184454384,1.6192243587517137,0.4976297687461593,1.6744640808679607,-0.7798597076515353,0
1,1.495166162409653,0.8337377241812081,2.876621869661408,2.912032335634435,1.5621568210167018,1
1,-0.3762241695911177,1.5204614415845499,-0.2573832836741796,3.2305272964171787,-3.9579952127642604,0
1,-0.744362125563208,-0.9457071914545723,0.219440531717512,0.8936551814125373,1.507712680466335,1
1,3.732827821100463,1.6948441582588525,2.168614416232261,0.31665950557786315,0.6010162158419221,0
1,1.3773650741764403,-1.1107903302867514,1.5358109326149103,1.7165066227959254,1.285581451449805,1
1,-1.7211718276797336,0.04603528634813059,1.507222941332479,2.8552178772079735,-1.0820678594606254,0
1,2.763833871723067,-0.6472036285383023,0.5720802988834359,1.615627092824063,-1.2548343829928164,1
1,1.9857004688788287,3.112983642008488,-0.2866184923264037,0.06781174511140264,-1.8806975642110926,0
1,2.286771370819932,1.9183292793307194,0.9124424579343346,-1.165519933429474,0.6077787455664625,0
1,-0.8567261887590127,-2.0771783070728436,-0.10776293682191529,-3.6671849706919506,2.524206799035267,1
1,0.6062239825234188,-0.8423417058742164,0.8780354782975481,2.312801578347083,-3.4303137853141648,0
1,-0.06951806465466137,-3.026840607448499,-0.16432671871023907,-2.9864126998003595,2.1728959482886845,1
1,1.9856442134117098,-0.48757841189383444,1.4004511375106845,0.7465858340056273,-2.220216693937008,0
1,-0.41533903543655626,-2.387522886063648,-0.8343025919485318,-0.4404681845427758,0.975053770910289,1
1,1.7448076751582788,-2.4927942276890898,-0.0024465109218363423,0.901662774003719,-0.002115677932863491,1
1,-0.06825500987322042,-0.3339329350961968,0.8587552506490037,0.7504483642599126,1.38053045274043,1
1,2.324114656022231,-2.27252943650711,0.6612236617518781,0.6157699916928845,0.23175631782319894,1
1,-0.33206623424694737,4.376413809539767,-1.964688162243975,0.4360746524612593,-1.669134817591095,0
1,0.5922694214919315,1.6362442250773255,2.3332116445440887,2.518352693664322,-0.808931315083068,0
1,0.5072411033787164,1.677036882582803,0.9688765538148798,1.7583878829276953,-0.5796956940147588,0
1,0.7137743399989429,-2.8720769449168637,1.0468279097557303,1.4612739940814867,2.2230094472750612,1
1,0.8026964872635765,-1.209863733333337,1.7142365532978223,1.2533246154176432,2.098616042332451,1
1,0.8976575854507794,0.17508774325259036,1.87151993920611,1.259658522896821,-0.3067450452060244,0
1,0.8831471774399667,-1.1535098831622572,0.95162111646386,0.8143021669573152,-3.0172436929688367,0
1,1.8435051612290265,-1.6574395184803135,0.3238761521528922,-2.6010590882308717,0.4213049658989514,1
1,0.2100365384407552,1.7841864530458196,1.2919287158755668,1.9548218848039824,-0.37080641847055507,0
1,-0.6606029587625131,0.21360176576035772,0.33315286987373516,0.08722312357866857,1.0953891225990808,1
1,4.2052310704072795,2.5808524911307655,1.5240573581677932,-1.532518953038145,1.1385581652251067,0
1,0.5938134248697161,-2.046129211799083,-0.49390671398575625,-1.4575148235232396,0.5177824296737908,1
1,2.6504197229722344,1.3629147464505251,1.4800093192288908,-0.3799067577689401,0.1336101857615961,0
1,-0.5776022757693733,-1.7096978662115725,-0.277469153795199,-0.7468122137255626,1.4211294479239758,1
1,-0.8139718881356226,-1.4782620566411506,-0.7483811223772181,-2.866923863418215,1.29061821380002,1
1,0.9829444799382291,-2.060989692927672,1.4534447352399669,2.8413247786241405,1.8149036742443796,1
1,0.5977969009635118,0.0011836973450076727,1.6690942153346306,1.225586143030119,1.576639223604979,1
1,0.37730677446253047,-1.1240966305491846,2.106655942051306,0.10622963084441917,-0.05496934201719672,0
1,1.852685942168443,-0.006350615209888333,1.9331193432757978,2.0271332471383223,0.7117677537477252,1
1,0.9788627691549234,-1.0337437366023876,1.2247492093003218,0.1512818662842107,1.454855217706534,1
1,3.252963150049405,-0.07239178448517847,3.7067252442225094,-0.4293466083137818,1.4642396107297957,0
1,0.8212368418034803,-1.694465182037618,0.11222427904538435,1.397904381373116,0.362017455940177,1
1,2.0349756786725637,2.8625546219435734,-0.8991957908827437,0.6805628807967045,-2.8180456175558057,0
1,2.2766461719797593,4.326353293274709,-0.7081798795163525,0.4867580198971204,-0.9155127279729702,0
1,2.1897374844446094,1.8027643781516143,0.5314381986544758,0.282482721326227,-1.0773759485183891,0
1,0.42362479902151784,-0.4719347884985934,2.431274365874911,0.9353066132389408,0.2180261925712561,0
1,0.9589508249487703,3.3006426809835365,-0.7491167496024063,0.37330467187480876,-1.1587028611084353,0
1,3.4745291564893557,5.116483015711496,0.19408009017291372,0.035941988745897824,0.12790436063727406,0
1,3.304795594274115,0.47461053025298594,1.810877373282503,-0.46947560251653564,-0.4202966488605133,0
1,1.1876619497193275,3.9826303523492905,-1.0612060539503245,2.1141572787990466,-2.555525744570218,0
1,1.6867593017949405,-0.4453669072707185,2.8452720498664377,3.560194546024199,1.9338162623051487,1
1,-0.14806366398116944,3.1392064073385577,-0.27018114389841497,1.9533304820785953,-1.8423425569331822,0
1,1.899139987071339,-1.2823631714731414,1.1371964133306554,-0.7946097902962945,0.8363719257812521,1
1,-0.33857689200201513,-1.3001083808948244,0.348539764932146,1.14662113975761,1.4509460573656408,1
1,-1.1016774622044063,1.6491532073422763,0.4899337663941087,1.9929004909291166,-1.1576600681357299,0
1,-0.9240991856576932,1.1244227275459242,1.2016902576448163,2.926733028640428,-1.5885061498544508,0
1,0.29403138575803645,2.2148902885799466,0.5662769885105841,2.0314024455172146,-0.9857577572432454,0
1,2.637826229319802,-0.22316356763130551,2.7807589794090175,2.95316795243963,1.0520657419795834,1
1,-0.27201106656252527,1.627645617312913,0.8105156177244863,1.1645618207839479,-0.12603236182016997,0
1,0.2989901382009307,-0.8031592083875883,0.30212853426836583,1.6140098081548016,-2.7401256022428186,0
1,1.7113715943057197,0.23898999752676242,2.475714438789727,-0.9854311372342304,1.8289446631356503,1
1,4.820177344415554,3.5485148277360006,1.4489565338145944,-2.2894939848285887,1.6172311067028446,0
1,-0.6651153315507219,0.32168720981524546,1.3155578318578338,1.9829267943654747,-0.4158277298557749,0
1,-0.44109543455990297,-0.9854243795260139,1.1042747832223636,0.9500031780102025,2.3277414024536993,1
1,0.7369868486566382,-1.6037363558161044,0.09257607911738597,-0.5552244104220452,0.7158664971267823,1
1,1.6270567980419557,-0.4138763992896489,1.0812397381563565,3.3887059784235656,-0.10925735330327146,1
1,0.48531283722508256,-0.046428322070445116,0.2774515579432849,0.42507710363228424,-1.797941605938848,0
1,1.5460315918825311,-1.9550053099653724,2.4966107428298585,0.643165150720949,-1.1477955293200925,0
1,5.105939198599394,4.177469867822484,-1.6816375875740857,-1.8258034030723995,-2.872671681065057,0
1,-1.167811094373251,-1.7524811828925553,2.058543577320073,4.038811746386326,-3.2723592890864204,0
1,4.201538033220087,3.1709886761301576,0.15835891349721565,-0.29300869592592416,-1.3174390403713976,0
1,2.9480823174826765,0.2754871676017727,2.043691015325798,4.3217885382510355,-0.571369436790921,1
1,1.2058089875924152,-1.9965508086304595,-0.044537915732216105,-1.8199563997928894,0.5540712127766325,1
1,-0.2821611782515099,-0.5797692471972071,1.3702941975474872,0.1542536854226041,0.07969994018734972,0
1,2.53207761053218,0.9675970202260064,2.8446547571369027,0.45103001054657477,0.525358004134497,0
1,-0.7513543566318186,0.6339308917008781,1.7043869734610684,2.1934211912833814,-0.10212463323449383,0
1,2.1815178873719763,1.7973746659957635,0.1620570219495735,0.5032214707275782,-1.547605672395575,0
1,3.0284201478031614,2.2568622751260183,0.729970471528579,-0.6722106520035658,0.29864237580296216,0
1,0.542688060344977,-3.7236440128412878,-0.7344257323538974,-1.983462099647106,1.23113474414267,1
1,-0.398135161068907,0.5723125901781605,2.218153451933521,2.4794899873149845,2.5333027164278334,1
1,2.1636535860981354,-0.4689172983395983,1.7274512670176663,1.5216441805082634,0.5523385211273494,1
1,1.9639033976719769,-1.905614331304121,0.04541196385305801,-1.1947934888927083,-0.09807228115937483,1
1,-0.8146203245455448,2.282506555741019,0.008372203974150505,3.1590086717799615,-2.1868755532042896,0
1,1.8177553150949097,1.7375329339262326,3.073016661154206,1.719712231269026,0.7093213098444553,0
1,0.41102588087722747,-3.5063692649427285,-0.22020001783426757,-0.7541449785765286,1.6322695074150322,1
1,0.6322454952523447,0.653216655308376,1.4334654060127234,-0.3565313394156895,0.5186138429142213,0
1,0.6550281160220306,2.3658056294996044,1.2817453867485251,1.6795370510757808,-0.09121235306865494,0
1,-1.9172074815404243,-0.2755193980228039,-1.0242019495683694,-0.22915376959671008,0.8436730987518758,1
1,-0.5697731552828906,3.553151666521834,-0.021242943958181604,2.4156860189017264,-0.6174259291342072,0
1,1.832932957898338,0.5626715188419431,2.5305956128062324,2.7304307633995326,1.055898873585015,1
1,-0.5433838290800006,0.5711425488934136,2.709349432806944,1.983424007477224,0.7148409336099586,0
1,0.8239427485873905,-1.7648604434201332,0.7486637498594162,1.2089687352520053,1.2019047024777443,1
1,1.3781400095730754,-2.3012611251453112,2.073165157304883,1.2330001102202703,2.609220986842366,1
1,-0.5416515530960468,-0.7929028119826447,0.3024623899088785,0.7480100077750937,-2.4759849305373756,0
1,2.4528792031914364,-0.9463928971881048,1.9397354703451923,2.1638423473304567,0.668236298754447,1
1,-2.18058088019419,0.42377093963436196,-0.5291441518062157,3.487224468961429,-3.0540908667818734,0
1,2.034608153151129,1.038734075875129,2.0674726954208955,-0.040987581906561044,1.566088598932128,0
1,1.5485340123105125,-1.2411171151939329,0.894727050555101,1.8266013172847682,0.39212544975154273,1
1,0.9790400262051273,0.97132856528121,2.9377419858317344,4.061870860341795,1.7700294254097653,1
1,1.0823932949057231,3.7658665755086966,1.4160578524342475,0.45185308631296506,2.2570902392714633,0
1,-0.785526648749967,-0.02437553209997312,0.6990877762307566,-2.069689736043273,2.1048133321810933,1
1,1.0574751578783366,-0.42808017722398906,1.0786957437039053,-0.0026718193347676777,-1.8419023097932694,0
1,2.2837669437063837,1.3347563059620824,0.5222390740210601,1.0446569502857241,-1.9047605656941817,0
1,3.0703331718354203,2.4295202022012257,-0.8017681945751967,2.0856445367206824,-4.3158664381767124,0
1,2.258213222704553,5.745192065402921,-1.9614047545746303,-0.0025701299788429832,-1.0802647311304165,0
1,-1.4811903116348306,-1.3470319413182845,2.064268829670705,3.023408898138885,-1.719594981081841,0
1,-1.0890619658383325,0.8268613436744919,1.642333683469784,2.629500474699725,-0.19372970741206919,0
1,1.7451592464287928,0.5991958859693353,1.1122919891530845,0.2985911039327098,-1.3830610168264181,0
1,1.7654100875344785,-0.8577752668605292,1.2674925742897973,2.153450087071558,0.4354933920471894,1
1,1.8899731174844572,-1.6533809168480302,0.8027690999398016,-0.8055858189468639,-2.5386208099230756,0
1,-0.9480227659457803,1.6690802817706936,0.5054200171384694,0.6553595269801952,0.07199112750222514,0
1,2.44883507860514,1.1622351099888575,2.24949732624824,1.2752388305981064,0.10014680537890863,1
1,0.7939547322797288,-0.06866992868087318,1.3992397776727643,4.792254379152768,0.5411882651798235,1
1,2.562633536493748,-0.02365724098793298,1.737386389671951,1.918129012747356,-0.06525873826853568,1
1,1.758556038707411,-3.4091827709154714,-0.2807832423964638,-0.6335229446819242,0.3413075560775406,1
1,1.8101958132509601,2.0179464140510026,2.327781890488186,1.6839601895568515,0.8089688026282842,0
1,0.03121855300580967,-1.6780982854877777,0.1591461437834778,2.2342279716128206,0.9561539005546393,1
1,1.7523858571867585,-2.4697469689323146,0.582550277861104,1.8515492560371314,0.48908387917582996,1
1,-2.1680459257952704,-1.4062562056493486,0.6272988718970849,2.5369142482794445,-3.310932707948009,0
1,3.170943162973636,-1.5430036219003274,0.5058742012004844,3.522177880588067,-1.494704990766293,1
1,0.7703949634544816,0.9592103272070688,1.6812900136683484,1.6508201732913985,-0.8212740261978617,0
1,0.8324509068306095,1.5649304502409394,1.1156846672026137,0.44793963620237154,0.7551692334675217,0
1,1.0321615073321833,-1.153054634934485,0.4640957978443304,1.0320798402647822,0.40762665550571175,1
1,0.6656821787453712,-2.716420637232199,-0.33324217002405,-1.3338489695117328,0.9695944478124626,1
1,0.4448414402564389,-2.3343086803871946,-0.37038233654598396,1.4890926509825224,0.4602656933651117,1
1,1.1541815038892305,2.0838062714980325,1.2403957726826904,1.0209865001202114,-0.32700646648223064,0
1,1.917254035216854,-0.914029341220721,1.2425397998343237,1.9422232090712903,0.3415250503430519,1
1,2.1867791448734057,0.6526455843496599,0.26801362468276235,-0.9945008654604337,-2.1596396296632854,0
1,0.32378983139318274,1.3209542976639477,1.907074771732038,1.5691292721933565,1.3191664231558637,1
1,3.0279508264088815,-3.611730797359341,0.033867475647818224,0.47206622800897124,-0.3772549255587059,1
1,3.0254093113970226,-0.6849237487502358,3.6729512843467806,0.8242355468677209,0.5243115623433292,0
1,3.4302155509940815,3.257326040700113,0.9341036403667681,-0.20493417213408116,-0.4129580306640793,0
1,3.192346798994236,4.142489495292389,-0.6004922663417889,-0.3674256664712958,-0.9302159421178964,0
1,0.9745652631340808,-2.2902496260359313,0.9077694484746226,-1.4401285220655278,1.9866885167366646,1
1,1.1353066775721683,-0.9262337436694766,0.7234374569839735,2.3089148296708117,0.2987979009420414,1
1,0.15954100613955546,0.8298860417571907,0.9792321496829717,2.058499743381361,0.5271533229729028,1
1,1.5414567352512858,-0.7949982141701242,0.8748534662687368,0.44971281784441375,0.39674207493721614,1
1,1.4079003739166502,-0.38994136863001216,0.6331730669497653,1.0401650812453542,-3.6604975348478317,0
1,2.835735466206788,-2.1128652557417267,2.8233357738346707,-2.885764203088156,0.007983593505204611,0
1,-1.6723843469923723,0.2663486123920843,0.22071761770098985,1.9278247325756535,-2.001953872662116,0
1,1.8692949249097133,0.6473933442756078,2.485726558353516,-0.5201671734168261,1.0519004244766865,0
1,1.1305406527077673,3.196555764318764,-1.010573746619552,0.9395968829975792,-1.6550186108086342,0
1,0.8838476701740747,0.2821265700307749,2.8098887766734943,3.222441956834066,2.202261677739708,1
1,1.1661592486021477,-2.5287839039726343,0.19106920192227117,-1.2074411419216449,1.075038123631816,1
1,-0.3274118016386742,1.0991495837944285,0.748878490172688,-1.2284404172721857,1.0640364822110664,1
1,1.4614032662658845,-0.8831933183630997,2.047522191591541,2.3537744705717163,1.5810038119341343,1
1,0.8142853216478356,0.8164884797516903,2.3280235796290167,5.352069360942437,1.0704421201565946,1
1,-0.7038479703782072,-0.3754255337680178,1.2787598402367641,0.8749995992375512,2.4637531990061863,1
1,0.9915549445368425,1.947522178195831,0.44388806879604004,0.13017763269145677,-0.286018173474875,0
1,4.223424033969348,-0.9517897236652159,1.6901702037900446,1.4234997384529255,-0.9325394785668917,1
1,0.09635834564027657,-1.0622384693468692,0.03336220962875691,-0.7078722111263396,0.9276118441777637,1
1,-1.5093151983540962,1.9196189807320043,-0.7574685362717775,1.9280197438815259,-1.5966740885956723,0
1,1.6385768503413098,-2.7946533365722583,0.6557695581881043,2.3574250343878482,0.766841059296525,1
1,3.4694527027540105,2.222951679228738,0.5651631233627872,-0.4035042667159823,-0.585493625325573,0
1,0.41821353578982456,1.2433555269890948,2.429358645570704,2.4561571265659703,1.774123131281767,1
1,0.43677877868769066,0.18890570769049608,0.159305935427974,1.2349799802855028,-2.4530496736464684,0
1,2.4526902541100792,-1.9113669172558712,1.6688097094590881,-0.09762116372533547,1.2596101288694534,1
1,1.529371066629718,-3.275523223078736,-0.39383672343988985,-2.0757547809226033,0.5789510504254706,1
1,-0.35095573377409517,1.278399464837459,1.5987430124579156,1.0614038996154136,0.26126140797880315,0
1,2.278689134515435,2.350241602907996,-0.44793523849390926,0.6602101351343166,-2.6235879332134937,0
1,-0.23841857001803368,1.134811679546792,0.5883387208164859,2.3169446207893967,-1.8564099514165018,0
1,-1.1888179425335634,0.9663862428455143,0.999801893883561,0.484183242427466,1.858877900571403,1
1,-0.09399961190674255,-0.22413597298839127,0.9931180047485285,0.9167671494841525,1.5212221665329135,1
1,2.0197386108497275,-2.4933534068811936,1.181186051589942,1.42433259308604,1.0941883603065785,1
1,1.4155355929652567,-1.922443120718027,1.0504348602009157,0.097572202525821,1.3263310029774855,1
1,1.0563677773474855,-0.4910591601301644,2.204288140558125,1.8771996960887412,-1.256914190221285,0
1,-0.011657187828104432,-0.38619188787407466,0.3577793100573775,-0.33541884721678317,0.9602612763421564,1
1,-0.8488402309367618,-0.8616166242661611,1.5125255899294117,3.4574870919674847,-2.3819073795625343,0
1,-1.1079097554859203,-1.5023888950675404,1.9072050133796803,2.2904403793342247,-1.7800484312375286,0
1,0.12180944524087778,1.7612898933459324,1.8434315666730112,2.6809833779751573,1.019327014885296,1
1,-0.18719212267599672,-1.3437742655345066,-0.5217892964494393,0.655737391369292,0.4026222741499168,1
1,0.166496307260657,-2.2635990699818906,-0.872767868574736,0.455476109415742,0.2254929744641534,1
1,1.1900589737744625,1.2342900786413018,1.3446034204868378,0.8520626346501171,0.13392717531609422,0
1,0.15241904407237938,-1.2440307778737822,1.0008224295072135,-0.48336154772352824,2.077622053760711,1
1,1.8304450414753022,-0.9317889114612858,0.48148570363684795,-0.30148111890705986,-3.154504561665317,0
1,2.048472296851017,-0.9031174017309306,0.8463067115811211,0.1849102946458121,0.02058909747663562,1
1,2.114755774556631,1.1965244648674183,0.6954528282030249,-0.5853803407642484,-1.684419244907223,0
1,1.9938451129561723,0.4588785000757929,3.13829277465236,4.112174280293967,1.460769584324339,1
1,2.9542952527698967,3.170765821009148,-0.03266116504155381,0.954894627259915,-1.3009473355273238,0
1,0.2868381257849729,-0.1557503716385864,1.7841385387741568,1.7960345047725959,1.965445100386309,1
1,-0.08464282455668504,1.737166910250985,0.3575530453573914,2.6387433282106225,-1.947464025420926,0
1,3.1210237419422384,2.990447383072076,-0.47155338521836043,-0.5971020311036057,-0.6781822748559009,0
1,3.5864908365701953,1.2365420099401647,3.413868874217577,3.865442489895406,0.09966779873805454,1
1,0.34818872565988856,-0.6671894514109535,1.97065634114526,3.7922775231117263,2.080606119616049,1
1,1.0437528342708446,-2.105223661393111,2.81905361825026,0.5728739428682655,-0.344507633659243,0
1,0.941683405696978,-1.1595109318290104,1.1036146020484743,0.025123146465083956,1.4040168671661712,1
1,-0.745639685454417,2.1337526294935034,0.6525487868833513,3.1327666362699045,-1.7079581264125268,0
1,1.8766823200811737,0.13480585411998947,0.4207634904534161,-0.18391335256405528,-0.7926227415757079,1
1,1.233965147080236,0.6140393924630058,0.9620072938982193,1.4661489998791155,-1.2516591760309626,0
1,2.1739529833905546,2.7039740751091177,-0.83197215749184,0.21601497554273463,-2.4027185729398663,0
1,0.8090799857023686,-0.7360984915258888,0.7807147186473706,-1.089891731021999,1.081786936548536,1
1,1.0897241873953905,-0.3392751881401336,0.24166426812201225,-0.5379358763378246,-0.07785150340880742,1
1,2.260794190426309,1.2287251672431034,2.1935275286623197,-0.2892143205474835,1.533068871361508,0
1,0.5985803361871238,-1.0544976393232235,1.115529296808525,1.467612837937037,1.4407479098835725,1
1,-0.7924885434337303,1.136511081172526,0.2621365665662022,3.0730578400004873,-2.405475702417651,0
1,-1.4101542973181735,-1.0778346092179376,-1.0820744337746624,0.5702113863433476,-4.285386525807581,0
1,1.2727648087065122,-0.6272009497507394,0.592221537479387,-1.002341906193256,0.43637246542215236,1
1,0.934215696770412,-1.6174371359589195,2.3052874314641016,1.056069122472577,2.930210704041828,1
1,1.8426657831815523,2.084483705645174,1.4084108317352646,0.6648868034062363,-0.08508961900728251,0
1,0.6941981140569027,-0.5915216677726733,2.590778516404475,5.076528767172736,2.2807523595142456,1
1,0.5740493524281278,-0.9891829369044546,1.086695359861617,0.0017333740299950717,1.602745278485567,1
1,3.1704346000650476,3.6365527374386,1.4881479888136822,0.7654906933411434,0.24053193874093082,0
1,-2.1975001745582614,1.1537304229776704,0.7288617968568457,3.443216614544524,-0.4684388853947531,0
1,1.6935778005624056,-0.864415861724001,1.254109139127948,1.611837846647652,0.5409462136324509,1
1,0.5818635899404323,-1.1565420390415229,2.1948336412242906,0.041912654194695254,0.14659172639942342,0
1,2.1406744243974325,1.294457650426299,2.089181755189565,1.442209163967859,0.47828362101171407,0
1,1.6046041632872106,-2.1295940988189015,0.024083164334102625,1.1360710872976,-0.10386413047955023,1
1,-0.8523672813886729,-1.0971258926099188,0.74232325099079,1.4387990672179785,2.201309881650748,1
1,2.0808246342406944,1.7820260246379294,-0.44195802927479244,1.0955219940868066,-3.259258585768793,0
1,1.705959801237035,-1.0697190824493492,0.6130640346970522,-1.013476639219236,0.3414940129661854,0
1,0.6598502481347595,-0.16749296755409682,0.9023831803158313,1.0325518995775005,-2.2596412938995494,0
1,1.277857864790528,0.602994092796206,1.2782819792492486,1.1964557131807305,-1.5380696731677497,0
1,0.22237950694831032,0.41747679851167374,2.237822725487586,2.7909273926660108,-1.5124396374103026,0
1,-1.9769154785813656,0.34340055324470475,0.9772218286008814,2.164259634284893,-0.7038588527191372,0
1,-2.0501086661795465,0.07685842908425555,-0.07831112580726374,1.7044380126400993,-1.8101581771031867,0
1,3.0490048596346595,-1.0178744546506868,3.2432072437860326,-1.5260419027392582,1.6254468873281827,0
1,2.385618112444039,2.4549344081498794,2.2885330480568262,-0.2905798355830278,1.9923846677572796,0
1,2.831976546236776,2.028203889140146,0.5132328413971684,-0.07805848297342144,-1.3442028701096667,0
1,0.868775920983258,-2.1462523613114013,-0.4303185914011931,-2.169919914798656,0.5220018738656756,1
1,0.5032799190947979,2.102892575199368,0.17222697374963858,1.1635786943986495,-1.0554157476926171,0
1,-0.0353318083874723,-0.771046187049433,0.8700681839763711,1.7860488137131425,1.4478169751232712,1
1,4.354658685650719,0.6288829274346113,1.0593391127445217,-0.6014180914313283,-2.191430585137324,0
1,0.2580738389271,2.214421226215133,-0.6544114635165186,0.22139918684861604,-1.1077132488522494,0
1,-1.5088463060223454,-2.1982990161183467,-0.00817011495437825,-2.116017502092586,3.0179509601406895,1
1,3.0481157872252265,1.9470102670777216,-1.8986983744330255,-2.151468750500691,-2.5855097482389002,0
1,2.6153622139324844,0.27144644122563566,2.595498514446491,2.7054183756284638,0.6058659180607793,1
1,1.400546110567695,-0.8655217239738724,1.8299465741262837,2.2703564525176683,1.3805424258726355,1
1,0.8732955306613885,1.73341572349767,0.9410774625135089,2.1974376624096648,-1.3441125030217043,0
1,-0.296102918379888,-0.07245213243084381,0.19453364560889852,-0.1426267449541625,-2.294340390659383,0
1,0.8366654924555573,-1.1285635309190984,2.0991745600496867,2.714633676048491,2.2425769935265167,1
1,1.6494976022879526,-0.2306384640571777,1.1048964478877852,0.4218177322277954,0.2669701134697512,1
1,-0.8147997572729546,0.45070565085334635,-0.38324373855827765,1.1813674669587593,-2.718980450658866,0
1,0.1954096231649961,2.4302302569778216,-0.6928160019208351,0.747367354838087,-1.3081999279093028,0
1,-1.009566796799212,-0.6260757440410031,0.5912458142549434,1.2526771847071543,1.9400369789148206,1
1,1.8263844587833962,1.4120198554169856,0.4396977593345902,-0.02110461997055091,-1.4542497023250307,0
1,1.9930967571261422,-1.5385894242169784,3.694890202693514,0.9415568843014033,-0.17047562487416867,0
1,3.7575500198973972,-0.3238748942635652,2.568472066572258,-1.6847548380584962,0.4216506741229302,0
1,0.5716553514734141,0.659578196091255,1.4440460881422506,1.9574665253755328,-1.963399810471672,0
1,1.6317698111001744,-0.9039616697916529,1.6619274510191757,2.691641372368368,0.9530342945326231,1
1,2.076302792200501,-1.0478579236298302,2.177950248828659,1.844405886127153,1.3918316087750338,1
1,3.016639880153696,3.5543633115587827,-1.8829723849677946,-1.003201555852531,-2.249922324665298,0
1,1.6766349352488354,-0.7265534599625805,1.0269762443901571,2.3241297404120242,0.10106104340645927,1
1,3.100634468069522,5.298086512237844,-1.0745152635229114,-0.31324414915204146,-0.4586406741437852,0
1,-0.7015691075089701,-0.1908613795008045,0.5413821622144545,-1.541514363234802,1.861474620994541,1
1,1.665888874581753,-3.2465094916615724,0.07885698896165194,-1.1512458886662635,0.8538240133663455,1
1,2.5618283933681,-0.789059499581525,2.389656813353385,-0.5477076812247652,0.5156224618705143,0
1,0.06826495758169049,-0.46307600995456477,-0.09335945202362539,-0.038202024397932854,-2.278452201809075,0
1,1.1710217781249024,-1.777775775489098,-0.2865382605479181,-2.5968602494741484,0.31241655550631,1
1,1.7540420118726368,-0.008872717813590336,0.8261475703001621,1.6865482275738222,-0.44737397309009763,1
1,0.6784417995643701,-2.65779092841523,0.05178367759488267,1.8056738031025634,0.860409941278436,1
1,2.362416478401024,3.083350019848481,1.6253996087304108,0.6923366546309953,0.7248387791274535,0
1,-0.06134149874745232,-2.2983798424453856,1.7003410010752724,1.5206865356262633,-2.2216094065652428,0
1,0.6829290832977218,-0.9651792380658216,1.1947533375903732,3.053088540654079,1.13941959561871,1
1,0.6722390462092873,2.5029602775567352,3.1032614681284296,4.877603095882738,1.315634063398071,1
1,0.8570237412916912,0.11518255604275152,2.5483834575726565,0.9397572651664702,-0.16091657039126606,0
1,-0.007488655263721666,-0.7130649249820025,0.3827404095850453,-0.964867814939367,1.2554252761129066,1
1,1.43674110113628,-1.2707014470262283,0.012338242081660122,-2.131519101913491,0.11234358447686421,1
1,0.6046552013840785,-1.8987427706926039,1.5273912965454293,2.209073009880811,2.237979223809641,1
1,0.5201713064011688,-1.7111458513120126,0.04256422549916139,0.31850187577644773,0.7340255796553229,1
1,2.861716848572964,-1.0547881627438347,4.049185546417763,0.2317087723068354,1.113354421385163,0
1,1.2120882397801023,-2.224794400338623,-0.41583608917923387,-1.944207957467567,0.2571655056578275,1
1,2.608532580206322,-2.9068991003975695,2.129275421393727,2.0314607021211177,1.8401291654365357,1
1,0.7618078340449155,0.890297138833856,0.2931273019143755,0.7955357042782971,-1.530951672210003,0
1,-0.31592190938397247,2.1593901258995913,-1.5520740024602233,3.1447298463350495,-4.2312733617922165,0
1,1.3067522360693813,0.28996118947962446,0.5795717019489923,-0.13642957406563738,-1.4225617727022892,0
1,2.2730362774273347,0.5302456893334708,1.314772007751784,-1.2778748825466026,-0.2787116073007746,0
1,1.2699153407175459,-0.7232890020039666,1.8914988467315221,-0.43274168285180736,0.3340140116785182,0
1,1.1075094277887705,-1.0558695229583224,1.2779770198285312,1.9593280862819418,1.122164868667032,1
1,0.9016538081474217,0.1934913667260838,1.1788683605531025,0.010574164977394274,0.8386615658118588,1
1,0.11795183205157822,1.833622260044499,1.2266766551301342,1.5871104490609598,-0.5260525629381517,0
1,-0.6952430546287558,-1.4465992112615553,0.1588868456759872,-0.940668683507152,1.9657787844120596,1
1,1.048283286118123,-0.566730411440546,3.593430741535693,0.40292378303268017,1.19991062532739,0
1,3.17767237660693,2.666075020191302,1.0163288198204228,-0.2761098000296309,0.11558475577145289,0
1,1.6271055255925797,-0.45332636789508474,2.5253388421450547,1.0198806692609192,-0.6913657051606572,0
1,1.3476248328774962,-0.7134453983249001,2.2746215161190064,5.220558923694144,1.4056959187972053,1
1,1.9052545748313041,1.7829399895347215,-0.1461273658917528,1.1754777636287066,-1.921837164355666,0
1,1.8446477373434647,-1.273120595866779,1.1695662130589328,1.7994565818850163,0.506927824417712,1
1,2.384170813758265,-1.3626663595015227,1.7348136535582719,2.2523987676656407,0.6921053668263711,1
1,1.3220868547196178,-0.7114798292023513,1.477276959076725,3.3602874830872906,0.7672614809476946,1
1,0.040090299278129016,-2.3175843760959,2.8924013021531936,1.8365355709695435,-0.5451250727473774,0
1,1.4481368566595518,0.405127052998944,1.495874460169135,1.4164855258026594,-1.117986493206509,0
1,3.759632800861332,-2.054061910310607,3.2366144582367817,3.4745031921430134,1.5601390218965743,1
1,1.7673003438464217,-3.3423381226138322,0.6716214229994191,0.4526711390054319,1.29326518869481,1
1,4.365718674707722,3.119162032113362,-1.2416561861591506,-0.8792319656770322,-2.4701544233447796,0
1,-0.9156206499963391,1.0527466688717229,0.06494885177306309,2.0558071757050866,-2.854527429684162,0
1,-0.6293120654205027,0.346038704542764,-0.1359009132656197,-0.18816134114569505,0.47638897996883245,1
1,1.7846041780303175,-0.574652223047443,0.9269188978338587,3.267984435157801,-0.329803219398054,1
1,2.920192618191356,0.8835043489654807,1.280062581842854,-0.06344312800867313,-0.7748976025194545,0
1,1.5911849367070876,1.9828688993424632,0.8230605483394675,-0.13803698115328045,-0.0926878773585228,0
1,0.09430541377452506,1.3294080647079214,-1.4555120226517047,0.8176990738949952,-3.0473201138858093,0
1,2.452150213714691,5.796019554198194,-1.0931805042688287,0.30699186595866756,0.052272865960486525,0
1,-0.8148554404576345,-2.181958532297087,1.4345059760298484,1.1321078123518205,-1.8033401673849105,0
1,1.3835368678684639,0.22600185910363457,2.212530509357113,3.3413907493391526,1.1032277541962385,1
1,-0.4725787135983708,2.2483559508573667,-1.5635468933118313,0.991011789669014,-2.9066659316006906,0
1,2.124207567515182,-0.21202188443272696,2.8696945169277623,4.340236301136276,1.3595785034880234,1
1,0.48320666530478806,1.6787216110748178,-0.29668001386622334,1.4189361986822178,-2.319316643979845,0
1,2.364688084950866,-1.2236089234646146,1.6047780149049093,4.695606001341997,0.11442090282991835,1
1,0.6516650595873422,-0.8731886103332541,0.3492476155695968,0.9755655193683425,0.46177473992039786,1
1,-0.9191569315625563,-0.21615403085612117,0.23350341080141146,-1.3758826783761169,1.6297079155580674,1
1,0.8811397614392023,2.1321801428481844,-0.7737801277547507,0.17712921310219198,-2.1283984886905882,0
1,-2.7062327603429885,1.6582283869887968,0.9235534021512681,-0.9591288175155457,2.8882668631734187,1
1,-0.055369306086491044,0.3145990286744915,1.2577183359115014,3.2657703833993312,1.1410929186260448,1
1,0.9636468070565525,-1.9792178212303009,-1.303163491648895,-1.5644066022097758,-0.7703535194053943,1
1,0.040953581062528,-0.19363878311537097,-1.0774187099498338,0.7531355606694798,-4.474882094030859,0
1,3.3994493233800607,-1.6117710340880174,0.6968895290294042,0.039020369993480686,-0.8601871111574027,1
1,2.5747638053613136,0.7497747495424949,2.170899662105551,-0.3677030611916139,0.7254148645449274,0
1,3.501274277421087,-0.12384428322758856,1.5504899998828532,0.14871248448930907,-1.9834232193978603,0
1,-0.06812041871116747,-0.8742005350920146,2.255069577827599,3.369694044604147,2.9393849579011833,1
1,1.5293906371905739,-0.25155878506266516,2.359900143417458,2.561417092851683,1.5600038315349432,1
1,0.6930283460421487,-0.9296015781677648,0.937211757209701,1.0613144635883565,1.132672781240258,1
1,1.8832446917823509,-0.7060340181430319,1.4691494729460972,1.7060093132156684,0.5444560795810494,1
1,-0.03625273620584246,0.4692528201708359,1.6768541985077356,1.2375183604816034,1.8502406503998663,1
1,0.5894097604174429,-2.5327413296575547,3.739390331567493,0.8115604047057672,-0.5464467325691309,0
1,3.362583977614331,2.84565247969459,1.1416785311068376,-1.0998514542663154,1.5322823381773696,0
1,1.0773914642450528,0.25042228439316605,0.5662566301587528,1.5843467631121944,-2.5783102123044017,0
1,0.07262129628328817,2.9697355496997635,0.06011955087815912,0.2658346297572871,-0.4359043660832348,0
1,1.2275270253672284,-2.593557758335499,2.014588828731717,3.2823174652448563,2.473849372573115,1
1,3.07291861750226,4.970205255979156,-2.4773858879392723,-1.0752518963261606,-2.1413996954746963,0
1,0.17216063275963434,-1.9885051580560653,-1.1849947753453103,2.5411713011766306,-0.6452396432169385,1
1,-0.32925028237681353,-1.7056461363336926,-0.4735140834263454,-3.3544262217762393,1.403682881921394,1
1,0.6965123426516153,-1.6935586376938572,-0.5582320613592813,0.3949391498927872,-0.14204097202560906,1
1,1.8382871048517675,2.772645110048721,1.274648280065716,-0.0879633651563545,1.1390276994429387,0
1,2.3754833798987622,2.178662895887713,0.45375798217899344,-0.46514254558925794,-0.28191725386400257,0
1,-0.0405838111378376,-1.3145483413803027,-0.7155754125526477,-0.33396313468400773,0.19916486603385442,1
1,0.5079194036080473,2.158342558728763,0.4256813036727375,1.900190112947981,-1.1046580943486728,0
1,0.18682786154662767,-1.7957219111077283,-0.8505946909061113,1.6341015509139853,-0.19844776517227247,1
1,2.1363221347459183,-0.264013290748609,3.788474536931035,1.060992956869012,1.4386311724102039,0
1,-0.6785335485366126,0.02978149603709168,1.0329781369368218,1.957264411859935,1.7265010712430913,1
1,1.0373874132005605,-0.6007274718080213,1.7414576628739522,1.8236876899994052,1.4993665489871872,1
1,0.42690001213519746,1.0541070659602494,0.3556999753099974,2.0159357233362956,-2.6876308330348406,0
1,1.908249648014528,1.9645131593914837,-0.9741013270597745,-0.36237688504992027,-2.396525448379048,0
1,-0.859873769607506,0.1503982946637854,1.691725450165424,0.08109581479722572,0.5660805068711656,0
1,0.991660532365548,-1.280627746327346,0.8636200472023849,2.7163060022351173,0.7133702729074112,1
1,-0.34463517820782386,2.628943494667561,0.0003954560318717437,4.002390437574579,-2.695327403043872,0
1,1.9847734017385372,-0.5375511826136813,1.6953935366342359,2.0209446098575885,0.6250411880105922,1
1,-0.7658433487590035,1.8310637633613958,1.1639135849426534,2.0571802092083074,0.5646427164414709,0
1,2.9615087178987882,2.2514121960096336,-0.38553384663269963,0.36323176832443727,-2.9486877318328633,0
1,0.5201267020512604,-0.7991510172829397,1.5436553083210773,0.25699786965400506,2.0685532483255638,1
1,2.5064031722232043,-0.038630435063832236,1.3734736349842462,-0.37896846126877026,-1.7420726282443892,0
1,1.8013460228396105,0.6864890253135943,0.7898816732361309,0.7699339017359649,-2.5337058945739317,0
1,1.069314036716126,-0.8933439157767276,2.027670993014432,0.5404587693210333,-0.9180314078672449,0
1,-0.10515977775155538,-0.4010332499037379,0.4377023926307696,2.4602826512796767,0.674897839141906,1
1,2.4938436747076675,1.8509405027529686,0.20910728669983258,-0.22647280095855926,-2.2158809341274095,0
1,2.2265052769168645,3.094116888472835,-0.014988587792679642,0.05968401876404761,-0.6350583369462388,0
1,-0.9207682259606886,-0.37195788851511846,2.881338516545143,4.073798347567891,4.015272933859849,1
1,2.790835657780699,-1.0482815752840238,2.577842706178542,2.9357520499881318,1.1138784025634716,1
1,-0.15666227059181992,0.10453727368928356,0.5651904847348495,2.992659604844958,0.5710182223075817,1
1,-0.1483139294075828,1.284288052428467,0.7379954703180207,1.0241534851481693,0.0068435236572266245,0
1,0.35817413719212843,1.4318566780734785,0.820727750723637,0.02406259795194765,0.46358002593514125,0
1,2.2719666587246348,2.035965389491536,1.231619339559228,0.4709832863323903,-0.4292699640230456,0
1,4.143809741053966,-1.1761680783061486,2.1306581843097523,2.616871593196137,-0.40995673258729237,1
1,1.1857453538435259,0.6273738474334454,2.4858223300750346,1.9703489811186852,1.6239854623394718,1
1,2.3246846692591268,1.6823129509358288,2.8077222276076053,1.1836285488447704,0.7347846240183298,0
1,-0.800515726945924,-1.0752513610031103,2.4035811732648993,3.101579163369601,-1.9463651095617647,0
1,0.3732466750991047,-0.32940020120525637,0.7270641000482004,-0.21691987873636953,-1.8027627956723233,0
1,0.6119440734524584,-1.0466797240305714,0.5520303028799949,0.2321478599559147,0.9362999232340335,1
1,2.178866372799649,-2.5428250021007157,0.5573508152806304,1.282984429532149,0.28539646289442977,1
1,2.8232801562946843,-2.089805140019548,1.218112824699683,0.8934629204690148,0.3226755382226729,1
1,1.9032574472927615,-1.4367430472225695,3.3878868629678607,4.501677429995949,2.7633114699502537,1
1,1.775046271504656,3.2701056662314807,-0.8116813066534758,-1.12303343909913,-0.8967722006288092,0
1,0.37530107189566997,-2.2037206125634055,1.92949170443931,1.1294111264347155,-1.7580772970134286,0
1,2.0958263402879735,1.4562353544620124,-1.1115878381064288,-0.006518793948651513,-4.237865052157817,0
1,-2.095065021452918,-0.09955527047053603,-0.24605316847600367,1.8996898390816217,-2.1486496922694007,0
1,0.6286753108126668,-1.5163217836959464,3.235374358024615,0.8635422104278859,0.3411085648358765,0
1,0.8914698031294248,-0.9811023093733526,3.101498598776366,0.39003205865156265,0.41826439336817356,0
1,1.913044231200904,-2.348573802911041,3.5598965751940055,-0.7103421843841085,0.3849190176851798,0
1,3.76699503037526,3.0063888667978373,-0.18967218173021938,0.49673829976816486,-1.6383828505616704,0
1,0.012589236873395748,-3.344739487878063,-0.8400575121195155,-0.4262698984847004,1.0829970717375685,1
1,0.7338433572965852,-0.6216418020451548,1.07667975035753,-0.9476561060227311,1.4340579169905916,1
1,-1.0081936438531183,-0.529459435697053,2.6838897604854273,2.889991292235556,0.35687449411884375,0
1,1.8114658969109145,0.4569535027726187,3.101554213356737,-0.41367432997358855,2.2455706321028726,0
1,0.8595423962309559,-1.0137707914674325,1.1673317225041089,-0.9592323829786933,1.6441820040475192,1
1,1.5271631637072014,2.4372529851530547,-1.0933958118895388,1.9652641679542853,-3.372182583392385,0
1,1.8074939724700316,-3.4443277531923617,1.495878074745739,0.10662117856205477,2.3376688168261723,1
1,3.2701139699258146,4.041680175420547,0.9646013775188798,1.1058774225746841,-0.07173068443775832,0
1,0.7944992985636438,-2.1374176150492974,2.6374424756170534,1.1250362524716404,-1.3288769011083512,0
1,0.6746231479503471,0.4577521289354589,1.2882719726543868,0.7418123723764991,0.8648519936124898,1
1,0.9070280562646016,3.550980608483598,-0.1554070835272885,1.9512524932622086,-1.3136234576276724,0
1,1.689934879174653,1.4692073377984392,-0.2085459266329559,0.49124259775348755,-2.223510896078751,0
1,1.1497443751834435,0.48487136640916706,2.8514819367643165,5.210652520330895,1.6061206923271272,1
1,1.6953020222249169,-2.151992295029703,-0.31271452629981633,0.4885524343239689,-0.43703660713625014,1
1,1.8730651996496952,2.5167013109928584,-0.11767588288755526,0.1807868425611482,-1.729737868382041,0
1,-0.8421996521451365,-0.6358661758322892,2.6404579524144562,2.139241316311791,-0.23534882359543585,0
1,2.370602213721029,-0.8275957073860716,1.129361342127094,1.978108117442649,-0.22123485454032754,0
1,1.0040286004234873,-2.2701604805307967,4.983301229289445,1.3116345013648716,2.268737774673196,0
1,2.096131491682206,0.022016243163564653,2.7247725437330415,0.9426036746285746,1.6328095277486134,1
1,-0.382561706209708,-1.825866979550553,3.0983781908777734,1.0143173537889791,0.3638842192642928,0
1,1.4391975160499662,-0.9222608336348972,0.7596837667698699,-0.6094284566702957,0.5687363844562896,1
1,0.9348260544342188,1.3363910231049632,2.3714634653855198,3.0586707839881857,-0.5454485280987669,0
1,2.800099490819142,3.675746031430227,-0.29649196030757885,0.3628174700545155,-1.0465897359713505,0
1,0.4580501809594174,0.7210848469268338,2.0829664096402136,2.9354316375695215,1.5330127295346991,1
1,-1.0294506196155933,2.6834770940088877,0.23149016146775436,3.055077680550768,-1.6104463924283288,0
1,-0.5671726569736262,2.3007586616797484,-1.9566884752578408,2.813206372401919,-4.315595192816299,0
1,2.0250544206631726,0.280763602085061,1.905750291800917,1.0779254439293515,0.5374846648653455,1
1,2.050403299603247,-1.3742209596521637,0.43657608844382956,0.5473908798701665,-0.2876871104405754,1
1,0.8695658291755805,-0.2590407822517896,1.144692144493318,2.953314352559077,0.578543980201381,1
1,1.846805248356301,-0.9897665956723551,2.034515594620208,1.4760255829542934,-1.2939470544760467,0
1,2.4336541442716597,1.424658536843185,1.3702586463030557,-0.41109119430598695,0.5785936019896849,0
1,1.3110392834201956,3.5516041276224684,0.07265759521289628,0.971723968320234,0.31579681857402586,0
1,1.1709776072480045,1.2711693686519816,1.8554959808481954,0.7652696655583127,0.41003150628731366,0
1,0.0076290815093816855,-2.2405723783548193,-1.456391311813769,-2.0522117088730565,0.02466569568418886,1
1,2.249251049006705,2.9825894769451637,0.047253724177943934,-0.6726358956936607,-0.8149637560811374,0
1,0.6738987099824483,-2.5131166879186324,0.15465980810235747,1.2594708260596383,1.0190966126475847,1
1,-0.17553530143969986,1.558854091786078,0.8539394120126376,2.194775233301744,-0.7448491623974889,0
1,1.7376850255604324,-2.509817868303092,0.017098226583831644,-2.300831062883842,0.5188008111239617,1
1,1.0167002182920746,3.4135874931592016,-0.6863881090679185,1.7998284812287788,-1.7596728431118331,0
1,2.4026185578858588,-1.1390925725439396,2.362972263745707,4.324712535851542,0.9840441718791969,1
1,3.040003935563411,0.9750658294237695,-1.2449097589819775,0.06433739313530595,-4.5210103053677315,0
1,3.1397660631996662,-0.8047395032181548,1.334320883738526,2.575581488301263,-0.7210457832166659,1
1,-0.33142151144682597,0.2843524467593186,-0.2172049709729409,-1.4359994005676362,0.3530503162468037,1
1,1.4839736160169807,-1.8041638419544652,1.1005375030091296,-0.587834667722257,1.365832725193608,1
1,0.47841386319214474,4.109864997120632,0.5605405026178161,2.7525397212578646,-0.512007986904113,0
1,2.0377827805521873,-0.662161910365549,1.5341440770006876,-0.36497917690206116,-1.6488444736679733,0
1,1.0438069737513425,2.3553240498247496,-0.29001046868919467,-0.21390122123986455,-0.06384399124894713,0
1,-0.30031327854760215,-1.8825874062664756,-0.8117930755012124,-0.7658388497743402,0.685811517025986,1
1,2.071325886941082,-0.7774531233429633,2.302460376997291,2.8672806979251266,1.2358054167114925,1
1,3.2910169876429203,-1.115130633965788,2.5262973855389994,-1.441113557672396,0.6125385013454347,0
1,1.217111228853038,-2.1310650891159915,0.7295029330492044,0.4466960625223615,1.1916271616072238,1
1,-0.987066842350629,-2.2821922179189977,-1.4161708436519955,-2.2487199475962014,0.9678373341969959,1
1,0.4243516888993113,-2.1489261138456097,-0.4169577219508209,-0.21467308034104526,0.5871470215776681,1
1,2.9788254484637138,1.181331180526935,0.39795037563453395,0.525501748235673,-2.231931715889479,0
1,1.176077734370465,1.0280080889381273,2.2317750583254323,2.4524902132559827,1.0170577048066558,1
1,-0.416046970402991,1.50475944802631,-0.5840007977881447,1.7170417965069569,-1.9292090662184347,0
1,0.3278155428956534,2.4236633056905763,-1.1579321309138773,2.0412302357631376,-3.7010603997610088,0
1,-1.7360414626113743,1.0052344723141637,1.4617428497641693,3.4449406105584965,-0.6657392869524625,0
1,0.5808998793865994,-1.5759083395564615,1.1284415522193756,-1.5773630338614208,2.2328947710019555,1
1,3.216532982193268,1.597829065091072,1.2843860743242193,1.1301932396139212,-1.7885204189346349,0
1,1.8330878932527837,-0.8901938078850383,2.072688104022728,1.046024956894921,1.52051025328095,1
1,0.11932001014399152,2.249148009781047,1.8544267212127155,1.1265565764235776,1.8469558908782595,0
1,1.683417544199389,-1.5497337355503635,1.8558364993838934,1.264108874116843,1.688567949234717,1
1,-0.9385657570362105,-1.5206805265205081,3.9179284849266773,1.5243774658754692,1.1922374334093253,0
1,0.7663776208140012,-0.6789608202518999,2.1033545681302845,0.8496245588377822,2.3445664594122655,1
1,1.9977675939166768,-0.11426798612839706,2.768887108435546,1.8395157454142486,1.701906295316432,1
1,1.3814830212101703,0.16317733860412664,0.16179823695894902,0.480571697556168,-0.823591920218562,1
1,2.7375751897050047,-3.3565046630896704,-0.46872120219943403,-2.0152513147473314,-0.47005185467609834,1
1,1.8413616882557626,-0.34708897377469283,1.5061558503805417,1.0606609890100684,0.5860230784571927,1
1,-1.0030245687006603,-1.8545018569429268,2.864421235774705,1.9534200705420646,-0.9274933402920056,0
1,2.5465662631317234,3.6790878922427064,-1.2364838197726242,0.42408183998378557,-2.4138095155616854,0
1,-1.7683763995249238,-0.24301943740872856,0.4224949997683428,1.0443133687854211,2.210156422998586,1
1,3.1327762410918094,3.947708963390397,0.19954877414041683,1.2095871136538074,-0.875605754251107,0
1,2.843466834976433,2.3250544632553325,0.7614910333672279,1.6717741449140946,-1.9884071383142605,0
1,1.4594436913510074,-0.475590750496127,2.378893882961503,3.288470995153626,1.624402788482035,1
1,1.3255096554393715,1.2854150832592384,-0.8622908254526758,0.4410322868911314,-3.211848574710856,0
1,1.4022575953077498,0.21848490958669298,0.6019956029414077,-0.4137841748683466,-0.812794702238256,0
1,4.2593342042492575,-1.2671579542897664,1.5123104408949049,1.9185549942401199,-1.1038754250383995,1
1,1.043331048108151,-1.8715069236414075,-0.7213266380617234,0.5793325308553248,-0.5620239001184832,1
1,4.0113512189543705,-3.0476736962516084,1.2043325523916124,3.8211374109874208,-0.6201445693190406,1
1,0.8949336125603192,1.4521294408635423,0.7267332184843068,-0.48471418678410005,0.07541119501473847,0
1,1.7212459664620599,1.8799288003651509,2.142376208011233,0.7261936482016544,1.4721462182008422,0
1,0.8966638741111541,0.7708361791124406,1.748597835656173,2.2689936325216307,-1.0542185947464922,0
1,-2.188264943684372,2.7454872404461437,-0.9502342270909916,3.6915018241140007,-1.9840389741776772,0
1,2.050550209814462,4.033771958983235,-0.3739002785294798,-0.5939497565002871,-0.06666166927697037,0
1,3.6232404407823497,-3.3482461254080738,0.5188221023387176,-1.4835711459827299,-0.1007582060454042,1
1,0.1483656430552629,-1.628272697297077,0.4364717186095731,0.5210372561276755,1.442300033088129,1
1,2.3212977178151712,1.3797784230555588,1.0875069450741628,-2.157284786041984,0.625631563405497,0
1,1.3440999792331585,-0.6729095910143926,0.2656154276060654,2.2977717673827964,-0.5303554231631387,1
1,0.09655715276093879,2.2077181567146718,0.8938836591758402,2.6543918380579647,-1.2187896686733695,0
1,1.3810996362900902,-1.0640672300914318,1.8394555660542662,1.0814298103997004,1.7012494688719497,1
1,1.6310454765218578,0.9245572137293671,2.7227554111571415,0.8642436768559848,1.0175461061770998,0
1,0.4489357328196263,-0.9331071016872352,0.060606369231878565,-0.9538331124499482,0.6330758550226266,1
1,-1.6990110651601813,-0.4324911974877228,1.2950624573913978,3.8458412059478277,-2.0407093289273055,0
1,1.1651373561055214,2.3154407783864523,1.0671936458355384,-0.32809097737281445,1.0775529375477393,0
1,0.5976185078238524,-2.864376795848021,0.506540109477194,0.1767507065579732,1.8501090051657294,1
1,0.705870510755066,0.8611183032052903,-0.5798722958302818,0.5366708046928974,-3.463403043421092,0
1,-0.34300457414300145,2.0075445222771657,-0.4381021836267578,2.2379201364478063,-2.33342969717753,0
1,-1.7436525355284958,-0.4366101177724113,0.183624738108508,-1.7239065519186707,2.4496215361009077,1
1,0.8335653402827002,1.8522185362033379,0.7950037509178423,1.939955349928884,-0.5889248254541485,0
1,0.8787601034723624,0.11193227891444901,1.3414365445033702,0.9859414946787383,-0.9801348858849225,0
1,4.826376868796679,0.08485844041804758,2.8607726926609622,-0.7425692062721929,0.2781367501006018,0
1,0.5870994282321988,0.0379737352933196,0.9511821691010185,5.206564840585692,0.06126904540443101,1
1,1.9785857864347496,-0.26445718782412975,1.5734880410140106,-1.2162294670327713,0.3894227562354089,0
1,1.1757313287237297,-1.7565801888934525,1.3279828941234828,1.0178326819123025,1.6392216847476648,1
1,3.8905207013721097,4.443697537654943,0.4604498011678785,-0.7677025921500389,0.9005093508860371,0
1,-1.3481503211913748,-0.502744130393416,0.9655233976227862,1.3085543626144478,2.5934563854173227,1
1,0.03890813134349036,0.6880997690492601,0.9107444642130476,2.8256810966081813,-2.1012302934676876,0
1,1.1640333023351233,-1.304096171222095,1.4288937265472792,1.6666496144728358,1.4425138699469218,1
1,1.6055092184240123,1.5247931274874849,0.0804220092492548,0.6018379671902836,-2.215631880717347,0
1,2.7975208122178032,-3.5871481803051286,1.4751599110937021,2.1674064605488845,1.2627517095988914,1
1,1.7620694507009373,-0.7572251149615741,1.7588375401866077,3.958197917547666,0.6752058530592249,1
1,2.845787980754994,1.9053563390222739,2.104299763720304,-1.1206191492275002,1.1067050580281466,0
1,1.6695603006110131,-1.0022340471444569,2.0746101242651056,2.2730733576158766,1.5150601481494355,1
1,2.315171279474038,3.623166873679076,0.3417504018632255,0.35692377172292555,0.034661303595753035,0
1,1.6363446543744282,-3.93199337946798,-0.23116284872526438,-1.65006626307385,0.9898882062832544,1
1,-0.2939826166124664,-1.6390186209712563,3.557769105940526,1.8438400265823252,0.062334044406061606,0
1,0.7454901546893711,1.8545812257708718,1.45594883751984,0.46413708737473536,1.1792608427833184,0
1,1.0611771079679129,1.6066002698241895,-0.6899153328334806,0.8408375383231848,-2.502933049458669,0
1,1.0308135752877234,-0.699705160101408,2.035049313919317,0.503112588575101,2.127254245031173,1
1,3.04120210304196,-0.38791381922733903,1.77332468850541,0.19070380586464208,-1.934676404588079,0
1,0.16624667954116057,-1.5752804973010872,0.2909533465965407,1.6234401437329642,1.0558007368121998,1
1,-0.1713367318827963,0.939897776991029,0.9560401974756767,0.5100699580988313,0.9725397263812867,1
1,2.2534378803732373,0.10305352920135014,1.229970377539682,3.1325694406460225,-0.6875877800736896,1
1,1.6440596606137547,0.15742667857149728,1.8397232530523593,3.4971603687561514,0.45422675117896427,1
1,-0.912111131373619,0.2953930794252375,0.0022268493695224434,-0.49382156731117743,0.9619205476174123,1
1,2.93285963244659,-1.37105479515072,1.7761036072713794,3.8249692721310953,0.06307663673734054,1
1,0.4696485170572887,-1.4385524012248643,-0.035330539485475265,0.14890493146536288,0.576429365868653,1
1,0.15490771129872904,-1.6558291494936372,3.405303294042736,1.098613832671265,0.7438116416642948,0
1,4.462315751195331,-0.23699657750103176,3.0893530736139008,3.094836029924614,-0.1164675599335614,1
1,0.4100542118197742,-0.4356983095878537,0.7472248808307566,0.061067177380693005,1.0463400392522804,1
1,-0.5903674267329326,-2.2644493275152455,0.687864203407617,-0.5272512140319696,2.8451387894865103,1
1,-2.393124191192554,3.29265231374527,-2.6356391181385397,2.7477010186161115,-4.862610666304272,0
1,2.5557432980352766,1.4362710965649748,0.7004913896411127,0.24071725871681549,-1.3910377523522404,0
1,1.4570455084045761,-1.982256390331234,1.105556778418667,-1.4533986186801005,1.6632946189595252,1
1,1.0988612930293107,-4.839539770901403,-0.7955329835185041,-0.7240343144704817,1.060365128985527,1
1,5.289484022925477,3.0034490716183937,0.4004554323290688,-1.3403707175485877,-0.43877339371640733,0
1,-0.14306399657358093,-1.320619176459521,2.83724434903292,0.19558417159276176,0.4720069512749616,0
1,0.5289060235595832,-0.04195861300569692,0.7432098232523732,0.6199957127940057,0.6507257615501301,1
1,-0.6947666031103839,1.3639837798261825,2.081070534028706,2.566010555547429,2.1923007238656567,1
1,2.145294387691983,3.1538083327411033,-0.6690354953040434,0.796981759492198,-2.190971935386389,0
1,2.463339386820558,-1.6845246594580918,0.1520173545920359,1.0402776478325735,-0.8619358490467421,1
1,0.6346968098578825,-1.7071036734305802,2.345486247099301,0.31255698828177225,-0.5944653505009634,0
1,-0.8445952191811239,1.195803226164569,0.3897607093268207,0.6842922960585385,-0.7230863292246741,0
1,3.500741023959853,-0.6789509251238173,2.2173460659421793,1.6952734380788175,0.09288424942599316,1
1,0.6819740501389924,-1.8068816511549746,0.6116438950141776,2.823781185646549,0.9372338691413172,1
1,1.138923394099979,-2.038389036263996,-0.1640827329733745,0.9523917048223056,0.06310044681813554,1
1,1.0374430961972163,2.851318064586433,0.4380236164859421,0.06004934172234033,-0.31391071073800214,0
1,1.0196244558573928,-1.6514399222180702,-0.598483348881423,0.9842499080470339,-0.5867492032873536,1
1,2.2391516269431015,-0.38753489238862526,2.386897393351112,1.2612669945031048,1.2520726598724337,1
1,3.2188913194742987,3.2554881997504985,0.2928781457917663,-0.6269932565532417,-0.24079014228547768,0
1,0.7226264686904762,-1.7672033987893192,3.361530025821711,1.6876626559629357,-0.3220724386499145,0
1,0.8077958884139953,0.10352405535137499,2.0590047920226877,4.126485994614582,1.3480174731345247,1
1,0.49181564912006337,0.4512524538929451,1.6606775221672276,0.8627528752866633,-0.16327308265574614,0
1,2.9404254292875187,-2.361635669320082,1.4178343478248816,-0.2969510028270921,0.8254857803755582,1
1,-0.5800903517034708,-2.259890577872171,3.817664431458964,1.7488061229256382,0.5261655961711997,0
1,1.041605253866164,1.9945348556432694,-0.25344426244214446,0.7833871789510529,-1.5373650851999638,0
1,-0.964693530956451,-0.6872653548094143,0.3106249803202271,0.6884431255783903,-1.4035977041439271,0
1,2.0278202809485517,0.6319364369495695,2.2890321095729487,1.2759189539037137,0.0797606127360313,0
1,1.9785810543279267,0.7937672347171494,1.2093004904474198,-0.6128348374257766,0.6963232026701798,0
1,0.35666934347940327,-1.2425054837733263,2.5401348264073356,0.6682453784404492,-0.21594489099065428,0
1,1.031459350100735,-1.9310036939610244,-1.4624783113974784,-4.348565444709697,-0.6019359721543798,1
1,0.6846012868085922,0.049989926455144884,1.4524484257283714,1.8136540464581885,1.1063593772640128,1
1,1.311344178060527,-0.7027782116097878,1.0586957964288153,0.35340739407731514,0.7680213528431356,1
1,2.909972787862598,1.871908535310555,1.0982003288294186,0.9515769128843993,-2.336243625720501,0
1,2.7261964341437763,3.544735514480391,-1.745222696549146,0.8959497524377485,-3.7021524578207634,0
1,-0.9285827039428618,2.022223726549438,-1.8195885033117047,1.8968316050901368,-3.7212345495050965,0
1,1.3133156354728315,-0.0947112999458809,1.5463495174977322,0.8294811834337161,0.9461071054345044,1
1,-1.736077313868463,1.9093407323773293,1.4418364664614614,3.1827082835224996,0.15769480441811323,0
1,0.01192194839312588,2.5159279594234203,0.9722844172722304,1.1720139175753452,0.5888618132665975,0
1,-0.4135389072465694,1.2865139825353493,1.261673705789275,2.0573421380755015,-0.8440583135080941,0
1,2.8098454067475664,-2.387117081622358,0.6399388955181977,0.9850436069609636,-0.1942393371391078,1
1,0.9160601099682135,-2.466276877527294,-0.43639508234248003,-2.3157957595197973,0.6910264867679679,1
1,3.262526111699892,-0.3699193243750225,0.7877584947028295,-0.244863858524778,-2.6354816409429818,0
1,1.5868102289083148,-1.2402892929152562,0.315249157762414,-0.6467926764112595,0.098609655554182,1
1,-1.558027165832454,0.6094920572833584,1.2803449041258337,2.056925314760279,0.0634318139956549,0
1,1.3566869225507858,-1.7677861698640776,-0.23918059927781354,2.4433740239803807,-0.6015041328478281,1
1,-1.361069697955688,0.9077207496494564,2.3356184749475815,3.800921250339857,-0.35585513552987535,0
1,-1.152396030023918,-2.36738246746838,2.301980131108574,2.4455388466421373,-1.355246059327485,0
1,-1.8060361161503886,4.113183537805066,-1.748462493543046,2.0443164172821504,-1.764993531967204,0
1,1.3378115979690581,-2.7770839285632305,0.9414945152171175,-0.04090897989906361,1.76370938205932,1
1,0.5852344780317726,-0.2926298471126352,1.6315551076834258,0.42582895460881487,1.8497991000460368,1
1,2.727230623722443,3.0402530078423924,2.2463258969736195,0.1976862779390408,2.061267092513048,0
1,-1.6115052449389022,-2.1508526706628572,0.07793956156779813,1.5967056558263661,-3.2278188432261397,0
1,0.30359606707716613,1.2242268075888239,1.5320503646400727,0.246214659148569,0.5616854216460678,0
1,2.6714842681474584,-1.5679018387599406,1.614718993998138,2.29076149831225,0.43557776771725476,1
1,1.0704586732670274,-0.964796192984635,0.16880547982328664,-0.46699827495501456,0.16292067414524758,1
1,-0.18546627945977434,3.6639833236099353,-0.09181362200514331,2.584974028614958,-1.0534240707966889,0
1,2.7793387716120983,-2.8173335322213093,0.8737107065222011,0.5568120067035123,0.416402774139529,1
1,1.5714415220364988,-1.2952270451927528,0.19296906501807431,0.29949197316281706,-0.18697380513509043,1
1,-0.6568965946761831,0.4725066434352947,3.4851182693660174,2.4123959617114474,2.020509783513714,0
1,1.9107141854505687,-0.15762452227254076,3.2948946055251884,1.0383839363432683,0.4089965872187393,0
1,0.029329478706437873,-0.21171610772452,0.9208515341386427,0.00585646586685884,-0.6494252373574507,0
1,-0.22632074506716116,0.22090789605056038,2.0483080666739735,-0.0451206610640007,2.8038402929152704,1
1,-0.9980088477681763,1.6129893794877288,-0.7792311601431956,2.8528057451333386,-2.934799880092116,0
1,3.0287077455177194,-0.3108253704639894,4.343382890107556,5.074275961520071,2.313314483679939,1
1,-1.2513207674585014,-3.846816855982005,2.6891482514606997,2.3899192424208255,-2.4085963837138546,0
1,0.0035385522772901634,-0.8778001092806857,2.642162247930438,2.488828155964873,-0.6199377238301362,0
1,1.720736840571937,2.7282461264581164,1.053034325602417,0.551382345329957,-0.044162661599499,0
1,2.407061356294018,3.3544431459110347,-0.767158367611624,-0.014923484918291763,-1.5967893101361357,0
1,0.3442296108586149,-2.055609169837947,1.7207277009921407,1.549636500713329,2.866172037646048,1
1,0.34736526418695146,-4.767087852329561,5.815550547839481,2.2723941803613616,-0.07491751133598445,0
1,1.5308882261550028,-3.922781542635502,-1.2515946841928738,-2.681278134433056,0.011795300623001936,1
1,0.8727342436663889,-0.5309558673545629,0.37956657763988955,0.7796947206504428,0.15929784687796955,1
1,2.376043929497192,0.8811869488189845,2.4233288660445993,4.053586694913121,0.07102822984363633,1
1,1.7091250720210218,-1.3655706010510598,1.59539671635959,0.7736715893927311,1.345001767325604,1
1,-0.3360127927034078,-0.48931760542774727,0.3088052520217385,0.33226579123023137,1.1286922461380198,1
1,2.847902957111466,0.35128183528572765,1.015883300244349,-1.3351356035588124,-0.7476944988388197,0
1,-2.05825574575768,0.17904768852736097,0.6809635768433565,2.9026806930873503,-1.3736718826454541,0
1,2.772792915800858,-1.3780011796860192,1.8431599989607412,0.7637246602222264,0.7834080368030379,1
1,-0.0765526851778422,0.3522966668376324,1.2817656705509024,3.1630279583879646,1.1683069820008056,1
1,1.9524221739768315,2.5888434955676685,0.3060815488051878,-0.9257701050442668,0.22240711693928206,0
1,-0.4264664216570575,-0.8392926054985987,2.1647933443425993,1.4128490196779948,-0.6358951484467716,0
1,-0.5918871769786502,-1.2205041330361266,-0.4614616148980646,0.04349129903112603,0.8635607793794449,1
1,-1.44878343192094,-0.9829678049056636,1.367218925532246,1.232173860504393,-2.2386844148513383,0
1,-0.3451850169323092,-3.655715931073354,-0.8801409745525908,-0.43910786107061495,1.503897442908467,1
1,0.20250335434649624,1.0012274678461641,1.9052893727124702,2.1025339864734818,-0.2710604085783628,0
1,1.0589586267746165,2.8120068957719493,1.0457863039179784,0.3063601100818397,0.7104366325026923,0
1,3.9278547125798458,-2.7126853553359425,0.4669389628773767,-2.2838778971867244,-0.6155748694857781,1
1,2.6289892991080617,0.6003075151634891,2.883092920640763,3.4534949663097576,0.6666993079818451,1
1,0.04344419237128516,3.5763542506277894,0.9889589603383165,1.9128703167722656,0.8794505615573447,0
1,0.23854561199121727,1.6758821859331925,2.3734479996656037,0.8956499027583077,1.8397268636579853,0
1,-3.456700010799275,-1.388318467966922,1.9583222859748253,2.605057987496914,-0.005864749426130023,0
1,-0.7126876822142203,0.4561582664217919,-0.1517498209295367,2.0103178379914617,-2.8471197296893913,0
1,0.9838341103259743,1.7758898809158716,-0.1979320221046057,2.2012818684771247,-3.028996647056645,0
1,1.1682447219182546,-1.3611219537358026,1.2854338050457421,1.0640988978155654,1.4004146025762947,1
1,4.123371734841129,2.147011352896365,1.989242874462646,-1.1179136781054022,0.9933302197298874,0
1,2.9007576913850706,2.6616107860337443,-0.48675022371213905,-0.08530283471793232,-2.454393060762637,0
1,-0.1039499361376095,-0.2698120200723073,0.35991367518644335,-0.18096927552451403,0.9786991412810013,1
1,3.2012056833305946,-0.3379136688462727,2.258946107017542,-0.0419932312123652,-0.7233886411653141,0
1,0.9148314147651906,-0.4116608820159039,1.0671230440549477,1.629077991936935,0.7406666374444977,1
1,-1.0855496475927469,0.9857779663679346,-0.8073900343977576,-0.29595675177488734,-1.3883535280757642,0
1,-0.38767935781852647,-2.4093131770826557,-0.7253101428780075,-1.9970308291662993,1.3297534712789225,0
1,0.022453883000946973,-0.29587012748754493,1.331708698014266,0.22795180191811448,1.9613679552663206,0
1,0.20433554758745454,2.9319640393971635,-0.3351887491984029,1.2321957705567634,-1.3281140676313397,0
1,1.0225090161613823,-0.2165592569425666,2.144466537867701,1.2314805017955344,1.8868701482515071,1
1,-3.5748395844385916,0.6463196050859421,0.415805727795829,3.8286620072556885,-2.007860448192251,0
1,2.429562418557012,-1.4435848481269091,1.7943317017529707,1.7585344540481143,0.8472713195085967,1
1,2.748010933582022,1.8434147517072894,-0.18990491533277942,0.32689427670570004,-1.4505350474933996,0
1,0.24748182748782765,0.7638889446910659,1.7409564925858207,3.847297057889901,1.129297254630191,1
1,0.6658551813954149,0.2645922290797238,0.5983812092631393,3.4185730932406413,-0.2343841884790494,1
1,-0.6653789424868415,-0.027765541386717274,1.0839400377200203,3.4532457604492364,-1.8322349079005251,0
1,1.341612678955777,-2.1225010125002504,0.7459377671627128,-0.02123896230225797,-3.4236864764832013,0
1,0.42872626313350526,0.9354411484317243,1.8269713102984158,1.6933304864370893,0.1577918107261287,0
1,-1.2032531328688014,1.6027604075740285,0.6982409081616974,1.879265498019603,0.14956533225300528,0
1,0.2534233186749726,2.581127800320162,-2.8150013547877775,1.2520018260393975,-4.981531829048523,0
1,1.2047988268530871,-0.6465946045031291,1.3709248342406122,-0.9010634661909287,1.3917021744617348,1
1,3.537081203778692,1.5918543229072202,1.2757733785476413,-0.8189426920338045,-0.3806791240282571,0
1,-3.2424290801616955,1.7093396694755367,-0.8752998899338869,3.3008399687720567,-2.6434036515070076,0
1,3.6870147825653743,1.8891519123613936,1.3432964935167515,-0.459820941848353,0.41540353561604904,0
1,-0.8602326858804092,3.4251249574550693,-1.5773865733356058,2.4051237323074974,-1.845872345627071,0
1,1.5447447588615795,-1.2870640744666724,0.41977570279645327,0.31546014573754,0.10994459349699814,1
1,1.2729708873630803,0.015061047327882937,1.9103795479930692,1.8460660344362152,1.2071128716183477,1
1,0.39291051049409087,-0.8265308696419918,1.1869187703246251,1.0265742016267196,1.634803770698622,1
1,0.7481748403154171,-2.7743172968317564,-0.6340412391677159,0.49380593998669575,0.28161995646478877,1
1,2.4790256391164047,2.2356106592786817,1.3533453295452467,0.1781122324986909,0.12672028204661956,0
1,-0.08802740388247332,2.65469982674653,1.4987875927287815,3.5174247457859447,-0.7161033263769148,0
1,1.7311291612419604,1.0006281868263789,1.4253542498555776,0.5630660769479225,-0.2458812911638637,0
1,0.7405386008897026,0.5890944616187075,3.778735654539905,3.0237614484169617,3.3693672612363352,1
1,0.9906095365273597,-0.993109210959755,-0.36647106935102847,-1.7164361427010197,-0.1764475604167961,1
1,3.316572189867167,-2.1639002560108693,1.7996377063931281,3.4445089683464425,0.26220395417094366,1
1,2.2976099499377853,-2.3659523106408953,0.4903850789618732,1.839059081267219,-0.10931862477790877,1
1,1.2378269463770792,1.374594337697065,1.8762979486079177,1.311529992605704,-0.5318152278107446,0
1,1.839541321524963,-1.2111673010239428,1.9755908569730471,1.4590919924495174,1.4925286373806248,1
1,0.7315018389565242,0.6131112088301955,0.5204701385924709,-0.15392585521778201,-0.5103335848025549,0
1,0.20465094735181333,0.5232953970482059,1.515700495415349,1.7474009035468634,-0.9226937874060421,0
1,1.4083403354405086,-1.8559691315868312,-0.34778433708401013,-1.7555677110706043,-0.0460849533757246,1
1,-2.9629841707076916,0.021138140022648022,0.5856614818116731,2.468643241966996,-0.9443438459372202,0
1,2.9593002680446636,1.6929349638593858,0.7891650338327325,0.0654384608741716,-1.7005682361709447,0
1,3.3444708584972846,0.4415670477141451,0.06694845308859998,-2.399621249457937,-1.8835566512073578,0
1,1.5870064613790444,3.0537435658679546,1.2573533648648154,0.7790446314664266,0.929274767581409,0
1,1.725968004921146,-1.5603325939439325,0.3191989617109854,2.485722114727756,-0.3361966349786578,1
1,0.7478180019199641,-0.019238922546339854,1.4396365139425935,1.4504104123413226,-1.4416135884743486,0
1,2.1769953353813514,-1.5005419086401393,2.3238724397906916,2.018375843836899,1.7127721641867006,1
1,0.9757109751829837,1.794301494134534,2.3795349058874278,1.0265318353944959,1.4414225443376343,0
1,1.8314003718030911,3.4726874247356765,0.8416380267514343,1.7515563068840272,-0.29006015894330495,0
1,2.4844575848539154,1.2125907461005272,0.8112707476491875,1.2604756023688553,-2.1018671365435795,0
1,0.8168126350131759,-1.4332025341986383,3.346021572071006,-0.07841729046284884,0.7220249949573796,0
1,1.1248292666986648,-0.8615265534719266,0.22241689271571796,0.7086864821057275,-0.06387662285461082,1
1,2.656494451145562,1.819870554884523,-0.8857124419560207,-1.7713616626372177,-1.7853734402677146,0
1,2.774702133006659,3.9827636719183843,0.4851474580067434,0.6814417931371153,-1.028556794724968,0
1,-0.3454829674241968,-1.7411714534192853,-1.0383215929827525,-2.8098865153265113,0.6986467841576053,1
1,1.1278330669976617,-1.1088074349574046,0.4488372370118401,1.3043399404678662,0.24593468493267046,1
1,0.43055491454950245,2.7921170436560483,0.4795134940736995,1.7614933824866368,-0.7350987205044608,0
1,3.018000551228383,-0.692370213970452,0.2913367829676424,1.430274175308453,-1.7757233854996635,1
1,2.0950646470781673,-2.143195430207564,0.9924244410922106,0.42625205951807543,0.7644625764535349,1
1,2.0896548613997874,-2.803612787230947,0.5493512555216968,-1.1623857212590556,0.8591413898251437,1
1,1.4245665225092943,1.3410464005254306,-1.3794522929273656,0.10879651617293407,-3.88413678286773,0
1,-1.0533193171115682,-1.3599909229680882,0.6601997758166189,0.930553369577013,2.505809981987072,1
1,0.34742362451835274,-1.2736044002840998,1.7338791441030392,1.8596529814254588,2.410860426034822,1
1,0.12722541055263448,0.3022516447683383,1.3115209310929403,-0.22733688110757422,1.6246692771287787,1
1,0.8701205290841296,-1.7582583686539262,0.6449388824508089,0.7457407004625588,1.1257233234264221,1
1,4.755215452065354,4.780414004930197,-0.24495351917028785,-0.2950294565030087,-1.4503905463791966,0
1,1.9213540629138883,0.2196490893645313,1.8878910034335399,-0.9929746608466088,0.9600668971719083,1
1,3.1194251524894203,-0.32400512387178326,1.96152785903009,0.3860541489930488,0.13241169025585797,1
1,1.326212655296813,-1.5038669554226838,0.6306328552958669,3.657796409440786,0.13010734234008092,1
1,-0.05849643200234045,0.5858813335328927,1.287844289587877,0.42364313583077673,0.4724320368354311,0
1,0.9465009375387152,0.4703229361322735,1.6572334149157304,1.933891749958585,-1.3017657354000343,0
1,1.1176990060301568,1.5307113271419293,-1.0918066195665652,-1.1388348528407226,-2.6481661589099144,0
1,1.3702659446002832,-1.557392720091515,1.3110287389172604,4.027097109711754,0.8641160861620085,1
1,2.704841333984147,0.7855363274654876,0.4694837382760989,0.7506290688623672,-2.754817256978245,0
1,2.00553413529404,2.047387631027773,0.7120695120840504,1.6560750666785413,-1.4357409773704028,0
1,3.0330278149426193,-2.7073781001384667,0.9477922652593241,-1.3415860515495965,0.565100099585657,1
1,1.2264076114403109,-2.3376049478623586,0.09599349279051406,0.06988263632594749,0.5984080987715374,1
1,1.8730658423891073,-1.13661182207019,-0.036211011772735446,0.009089906798841363,-0.7187020994182249,1
1,-1.3850621274102313,1.0573670519336307,-0.0763204053230131,2.0988584867716003,-1.818480885558194,0
1,-1.7297368431379487,-1.0839027728456023,1.2648898100074621,2.1190129230584382,-2.019839931130264,0
1,-1.4776618100771568,-1.5002003854452912,0.5153995698230691,-1.0540605057473953,3.0668147287778216,1
1,0.5045270085743235,1.1694975962392093,3.0709424743985543,0.7046131685704233,2.793554273347927,1
1,-0.21976011131667517,3.136088476261098,1.3996313857083806,2.3896115900367487,1.0638250990304599,0
1,1.8260577713859982,4.535758771908808,-1.6273407765883854,0.7232994110614048,-3.3487763392521637,0
1,3.3624088436291046,3.275003066937151,-0.7763111772298863,-0.04608293267298613,-2.6291954889925693,0
1,1.2392916831429162,-2.8923937077819355,1.3687758845890732,0.824151536222816,2.25338304991247,1
1,3.3416011409728497,-1.9395034960876187,2.286127517502269,2.3877537971648284,0.8452757112523998,1
1,-1.4428616529047544,0.46565020898818343,1.876074705041733,3.408827201306262,-0.8152276294961489,0
1,2.8456001705547602,-0.056210146470683675,1.5506201050114394,1.4767107504572985,-0.44156964013945466,1
1,0.3064935958152144,-1.7414888124831536,1.1839245841604065,-1.5190965612148357,2.587344329156589,1
1,0.9573882793406636,-0.8898644732866696,0.65193449374828,3.8330991480110765,0.10895770772560875,1
1,2.1435865321631207,-1.0878628421978809,2.6115453053402673,3.061735761895115,1.6938620773420276,1
1,1.7906832893894347,0.054601908058278026,1.3664692085190344,1.6440732387645096,0.1203802457435138,1
1,-0.5782247696516742,-0.6640390002889738,0.12511983293926987,0.16637769429094862,1.2126276191671936,1
1,5.485684435571155,-0.9316457917378733,3.163789626767295,-1.9066858783169414,-0.2674495620101476,0
1,0.8028298008591279,-1.7607609690820443,1.2654791800689915,2.5904805555848904,1.6047829187041152,1
1,0.7522330379940351,1.7844186479833186,1.5931403874600227,2.937646090611023,0.12098828141897178,1
1,-4.330918325640425,-1.721490049218683,1.9467475408520263,4.348849874044561,-1.8216775060351593,0
1,1.6097614763923236,-0.9631926190002467,1.8846917384523538,0.2028903484174126,-0.5532362282540155,0
1,2.0993703786654114,-0.4788392773903275,1.124592901692541,0.17548809342045613,0.10428749660403036,1
1,2.167886904130679,1.11118190221069,3.1195832015275684,3.752848820893625,0.9803527649966802,1
1,2.96980276129183,1.5767827388538866,2.7647215330185624,3.3378097996449196,-0.26008192031306354,1
1,2.556508123354443,-2.6164120673309674,0.9526480230457126,1.3214085136760696,0.44523265549389646,1
1,-4.37521321242021,-2.146247933036772,1.8004692615524225,2.5419369030440953,-0.3970101447528763,0
1,-0.08377044491498631,-1.1820835537009082,1.3820094188891106,1.290002563923776,-1.9858938324323456,0
1,0.505836974381284,-0.04886136632716598,2.0249732846703368,-2.122463380757905,2.638151654248669,1
1,1.9913298737016316,3.191312915186713,-1.7203661982989389,0.6572026556139887,-3.7159981493874126,0
1,-0.16305629057376536,-1.744647753278191,-0.3045305021044482,-3.0233072381075434,1.447426502513578,1
1,2.0132245596668654,-0.8711987772806916,1.91152588791046,2.6599794124233638,0.9102436674298942,1
1,1.8955647057757805,-0.05573907743712092,-0.34152927012371337,-0.23074954292967909,-3.154305633891717,0
1,0.09477470432524626,3.020110091257619,0.20937754588931035,2.318168118089168,-1.485008711297064,0
1,1.6423901094408846,-3.108320107143238,0.33858450347998126,-1.2146865158090185,1.1507617983962743,1
1,0.1657523860886727,0.7957904373070473,2.121458340212776,1.442303775249428,-0.2977565673386319,0
1,0.16684049786620292,2.235113732983179,-0.16632903348187655,2.092874847558142,-2.0612662956608534,0
1,0.7618791753069983,-0.5149175777109329,1.3038052435324352,0.11600255312913821,1.4229081372285715,1
1,0.440471831795215,0.3229014497317725,1.2003224385796312,1.8433337052559036,-1.555308240583552,0
1,0.5886259817762057,-1.4271778889941777,1.558288633200065,0.9802165694171491,-2.2085776020680306,0
1,0.45633696900341525,-0.03888024463986939,0.23836056923941495,0.6244173352568431,0.09529387814581458,1
1,1.188035845512988,-2.1641998299635756,3.750082553176853,2.5698811013021006,-1.3956166172046434,0
1,0.7458400418004771,-2.0306644101642,0.09903863631512488,0.06632767957532792,0.8513830639664643,1
1,3.4765703175586915,1.7450614708038072,1.1556537459944478,-0.2189191178865455,-0.23039160044353058,0
1,-5.3241025685893995,-2.120000991449274,1.15653052018034,5.507516200408258,-3.854090727588871,0
1,-1.4251659119585933,2.771403048003811,-0.6315282182623061,1.9616475573297274,-0.41042343688596106,0
1,-1.0802219680883502,-0.08462589490987316,0.049843415677976344,-0.915490462815346,1.4298586295579403,1
1,-1.356117359457877,1.1590714911449933,-0.8504581065840153,2.162083260899184,-2.800905415230459,0
1,-0.41912757086831065,0.7841835337488061,2.3330687969154766,4.234182947258114,2.3009773654413275,1
1,5.0673861988097775,2.245951692794965,1.646149283383656,-1.0121812682575557,0.009333447327960265,0
1,1.6501038302715307,-1.2247607947882593,0.6591237260990108,2.136590016099749,0.011892354753473167,1
1,-1.3352779685546667,-1.800989474689903,1.0103650028288544,0.7731583854621104,-1.8775542058749406,0
1,-2.3034219089156274,-1.4461202262386066,2.8851468874240283,3.172975276945196,0.10622899624108517,0
1,3.4826944191006857,-0.7609245702781742,1.3249597979196306,1.7584354169218985,-0.9113507746444365,1
1,1.1510476399599021,0.7295013330693007,1.947360279590181,1.991667292645746,-0.6856300150215027,0
1,-2.1420318251475914,-0.5453174711488515,0.5837745240634,2.8876883802890303,-2.6910866622462937,1
1,-1.1854477405796477,0.32540240091694617,1.918001038446802,1.9725886566857653,0.23496199542865903,0
1,-2.4129451202227012,-1.3970956676846331,3.177950563270708,1.6758118408300664,1.024230625434031,0
1,2.425090841158017,0.2042709730063741,2.4261587702270058,-0.6944787824223355,1.178820299009878,1
1,3.0665615626067986,2.313578827365232,-0.12010745338003437,1.6060851212824785,-3.319228005747827,0
1,1.7230717060303173,1.9004099592144557,0.8030311125207222,0.862848126371674,-0.8076396485668558,0
1,-1.2292604432003684,-1.4709513111644998,0.28710508650017497,1.0489112958247155,-2.4173269129126655,0
1,2.013538635955636,-1.3691118617879579,1.1288783793764705,2.7275078588859376,0.2352886231013358,1
1,-1.1258245785819465,-1.4980771666110626,0.37565914748508533,0.061803041356565225,2.396205024688274,1
1,1.372463116816441,0.6014830378486533,1.4288415612523415,-1.1822975123508743,-0.18726662108741987,0
1,3.905162268480426,2.647681310626349,1.2828655559314122,0.11710426809183949,0.3310432031816428,0
1,2.02971466920987,-2.1146208852155697,1.6631645592319608,2.222019454040834,1.3080488360192941,1
1,3.1698201639009334,2.0062750544478907,1.152351211754549,-0.41129628325816014,-0.5943455465549438,0
1,1.208604847576608,0.7154625164384572,-0.049345176654612466,-0.3323638756787475,-1.9339556382223166,0
1,-1.5134159312150857,1.210044382917267,-0.2789508438347901,3.0230014820962454,-2.3865255106243115,0
1,2.9123832800661065,1.9427939581963458,1.1574887277908403,-1.2851318964047342,1.316161112258698,0
1,3.4725583874766603,1.1323394807371798,1.5600035750572254,-0.12881330384274303,-0.7486754662566744,0
1,0.8369829749374885,-0.43497512760664503,0.4289812455403683,-0.5483629569616555,0.4121454642099708,1
1,1.5060593838205871,-0.031945805628244894,1.2432523341807695,1.513380322511094,-2.464017508905176,0
1,2.0534828638074476,2.0336267795435776,-0.825087287997089,0.49494829279808217,-1.7983731333546085,0
1,0.19661031653814554,-1.2528306849139212,-0.05691907068119595,-1.7273292752292657,0.9899597956759284,1
1,0.45366545873853925,-2.5507692754980877,1.983132641800038,0.9092671061297237,-2.7402893791717693,0
1,2.0399466152265604,1.305454466514637,0.29426705470958525,1.6433019147263088,-2.067175748471132,0
1,3.014369274181624,1.6774947994812115,1.3070273490661743,-0.3038288564158498,-0.11395510987223623,0
1,1.6402659783840112,-0.7757124269669695,2.903069759768416,0.7716603958517269,-0.5805580051451635,0
1,-0.11266838281332303,0.1253311356621265,2.267627297489506,1.1961412534230669,0.1909031914135615,0
1,-1.7769387876881684,0.045050607821524924,0.8922313371113797,0.7147151354710438,2.6738839289819145,1
1,-0.42149433792366753,0.3948679927351493,2.001111973630996,1.4659800566758645,2.5820095495419295,1
1,-0.6224543704609171,-0.07463681817454382,1.048478611779136,0.8835380608009762,-1.112071091343084,0
1,3.6752688265222417,3.665161122919984,0.8431252971977738,0.520168119123367,-1.034440118920244,0
1,0.6906927657524883,2.2816990081876365,0.7324510972285261,2.3274752810276382,-1.430208724503895,0
1,0.24402193667061112,-0.9691545731821808,1.8919802976935243,1.9300261776396126,2.4944238588755847,1
1,-0.39283049004156445,-0.5285698779715549,-0.36610133690995617,-1.7603400278274384,0.7026602133213502,1
1,-1.2440293780733716,4.150346787132859,-1.082827166638296,2.5180446864634396,-1.5971496942089463,0
1,-0.19486164065408773,0.7284311315014369,2.1483227747392535,0.9255701498108097,0.20811962493112812,0
1,0.7072431578252978,2.525851328883907,0.864909220974414,0.19515885978220293,0.6643158529661484,0
1,2.370550886285268,-3.2192277207724653,0.4978032602036403,0.9409326819463827,0.45408818455216515,1
1,0.3123867062150687,1.80417985918851,-0.5573022242197962,0.7058330896806793,-1.7202930236598797,0
1,-0.9676449174360464,1.2287002921972459,-0.13216476514399766,2.0934093149177415,-2.4842198082611926,0
1,0.7046869296131163,-3.124834713411961,0.7844776078679906,2.3121142665731043,1.8905813849388748,1
1,0.5591683388733288,-2.007673345944005,-0.17664125543680176,-1.0188383499501703,0.7936612961623594,1
1,0.34791595686452015,2.9882335050740076,-1.7478892466192502,1.4811549425441828,-2.8279068541920624,0
1,0.8536925123392243,-1.741289669208097,-0.08268044087746307,-1.5526374147180237,0.6272501983473073,1
1,1.3302181656425103,-2.0090600861975902,1.2836673240884762,3.7361398197961466,1.1430735134816437,1
1,3.3850314597675992,1.4295202307155932,1.3573872838056091,-0.0761764963129612,0.19741974325724443,0
1,2.9173856278095873,2.927009225857177,0.4217879575677004,1.0105161621352396,-1.5997187301023506,0
1,-2.0436591650755322,-0.8971166482315371,1.8589914011333413,2.718382674509331,-0.6976924812905984,0
1,0.6661099743646115,-1.913913539452518,1.440675526969665,1.3611926517218698,2.241102586084904,1
1,0.09842582035114122,-3.1369900021590524,3.9548225002421793,1.3905551364353252,0.5378068840019885,0
1,2.7116379425231325,-2.6649317398855197,1.0170338519461573,1.052781924635586,0.45278042001030305,1
1,2.372249296391293,-4.024498903637385,-1.2087776905297822,-1.0142623915191904,-0.8622739989662302,1
1,1.0389331077567172,-1.675506888160549,-0.6589894949304071,-1.7967559820147496,-0.1969656367589827,1
1,2.0700143786323766,-2.9607913457370554,0.92371873039169,-1.267856874049793,1.4035836726738082,1
1,1.5303517946946452,-2.2246971226227954,0.9843811547376816,1.2083420021757543,1.1639049815876434,1
1,-0.1996162288473522,2.339954302312483,0.2982839775213699,-0.03435314565484027,0.3975057590075102,0
1,-2.1287983398744847,-0.7894752025707854,1.3615000936360504,3.014689346230458,-1.7929308878756438,0
1,0.216717122170495,-0.3903317178568675,1.1205860206426104,2.0680069428063534,-2.690370010303047,0
1,-0.5152139630998365,-1.5515613175467484,-0.32023212062807405,-1.6480432118057977,1.4164682646833202,1
1,-0.308479233052563,0.1908093973198164,-0.024034035637911177,3.0038743476182264,-4.5003873410788096,0
1,1.6877776256929047,-0.5426236026531095,1.0582981713925939,1.677538044221831,-3.1118234035558494,0
1,2.627457517830447,1.7120840310280265,0.8551680885439955,-0.8228976611616714,-0.15787699091109775,0
1,1.8701964126216961,0.27730982761685774,1.743038948288775,4.208044142043796,-0.03345046062302348,1
1,0.4956632816497083,-0.21234560915953138,1.1031441388890109,0.4549334854669297,1.214568338177301,1
1,-0.3605911607545136,-0.005201047584718399,-1.2065667103842501,2.400181194176288,-5.11826189324241,0
1,-1.0113723251709992,0.07860735549688047,1.2616429133111884,1.598075425414705,-0.5802358865416175,0
1,1.853094214103627,-1.0031469150535322,4.957292517321253,-1.4557999272139313,4.415786485406636,0
1,-1.769652475427756,1.025911059151261,0.522308960028742,2.0219392587608924,-1.3778889355275918,0
1,2.5772771509281007,0.9129645659529435,2.682660848167191,3.348642369766455,0.3096778619926146,1
1,-0.3790618604241458,-1.0875819330052607,0.10173494384244852,-0.7063575389702312,1.3924771575953014,1
1,-0.21823743933155515,-0.32718058807843264,1.0009783779886074,1.1587126799627296,1.65187458034328,1
1,1.2183021408784962,0.3303384614447018,1.081120320074111,-0.15870825414488343,0.40084175448544257,1
1,1.1986039382702662,2.8400524382682852,0.9888888915169094,2.158800113205394,-0.5943084828912646,0
1,3.2271674777643784,-0.9336545592735221,2.1099565860786273,1.6020686611510737,0.32192651922199156,1
1,-0.3592434238505582,3.0429166077839738,0.6331730412687382,1.989913255361742,0.3337772616923196,0
1,1.3952773506641345,-1.2898999639291442,1.6309908735648009,0.47701263245324055,1.6561077990165773,1
1,1.843389613692468,2.2330235760163264,1.0898878210031513,1.2286081439059342,-1.1275308374636628,0
1,2.759179925671444,-0.6344023848739655,1.102374912247268,0.27176406155396704,-0.38873004802033373,1
1,0.03422887102726391,-2.4998362653962936,-0.3662310418607322,-0.7323707071736547,1.2321620247450062,1
1,3.386993099307327,1.2516929711269869,1.5967887384686512,-0.07192112299457487,-0.5446713120176618,0
1,1.3137543824322675,0.8275371505402922,2.0684019731103853,1.7194532822362927,0.942913619864468,1
1,3.6053513228052,0.07366988786772422,1.8165589380025466,-0.4724350758808864,-0.7007457292759247,0
1,-0.5846581217379374,-1.6096033774760847,-0.48860918196919934,-0.2946802432237252,1.0798829924131923,1
1,0.37989111756027083,-0.12675727231980827,0.831052744766353,0.3623555439059094,-1.3380985337803721,0
1,1.4256945042583116,2.915262191697057,2.709179856470712,1.365660143205926,0.5492462126858542,1
1,1.7844727670649427,1.5173843631606507,-0.39208233874266885,0.7572623642733829,-2.7188692071380824,0
1,0.6250815485753871,-0.33796952546873804,-0.3641153798288581,0.8759937342479445,-3.555357965692416,0
1,0.628195847320413,2.1849820663293986,0.9110525360909656,2.765190314735474,-1.030547896561535,0
1,2.012636662273053,-0.39777069784348273,0.8746580897651196,1.3721368973014054,-0.34821209806813336,1
1,2.3403735780364103,0.5843778838748495,2.513249015980595,0.06489638261485275,0.6166056918291045,0
1,1.780813880816131,0.5371344251899981,1.4621849251486,0.32044126687743946,-0.5158865034699638,0
1,2.7767529983888095,0.07254303889616176,2.275416567975856,-0.3065842884263663,-0.3124001573836376,0
1,-0.3807345884630211,-0.3328729210823391,2.066558014139285,2.9020700637463683,-1.609722917408476,0
1,2.5632965690675764,2.7461535278041933,1.3368249798679654,0.05373892810886771,-0.15428988895998552,0
1,1.037911357404029,1.115365652543437,0.15703010359295944,-0.41898109552214646,-1.93762619279225,0
1,-1.6896786962323374,0.49279379814429525,1.670578327823038,2.44873082360086,0.025072536789532585,0
1,2.165858522218077,-0.023369344862622876,2.041485128645827,1.436039993308425,-1.3164703227574153,0
1,2.2297785371030177,-0.3265761569032949,1.9039872860985536,1.395550634558654,0.6389383380679781,1
1,2.0144432119857942,-2.077519118282559,0.2718062627955121,1.745775186508562,-0.2682360038471856,1
1,-0.9266079536392877,-2.5527223371706054,-0.9220236237406378,0.5612271713041395,1.1838790012855138,1
1,0.5205988359512883,-0.21924454915453273,1.5470428090793398,0.3181935491339941,1.742708022617694,1
1,0.9289435098694199,1.8227978065507329,0.07317966494552097,0.563468717416177,-0.9259405964977893,0
1,1.7128580489710368,4.927990010467461,-3.400693415811637,-0.9224291315834974,-2.8539773937437385,0
1,-1.2960298660253344,2.6228192503096963,-1.0903408012151097,2.428034034787939,-2.5232298698495175,0
1,-0.19159208266921368,-3.1297679760130395,-1.0299766379761337,-0.6838442418708839,0.9682552034428421,1
1,-0.25434564890970934,-1.3840857584912651,-0.015809682911536616,1.4311525868874417,0.9593765047893619,1
1,-1.7004356653003692,1.605586425496992,0.5735146652553011,3.864175790157207,-2.0339047500002865,0
1,3.2288245765232273,1.6164461604287563,0.8411873225005947,-0.44229032593386375,-1.2440505070022123,0
1,-0.6877102679642875,0.8937035191683211,2.1040644795265626,1.248746749197548,2.67803608041478,1
1,1.3353791115328502,0.07722986762193318,1.5487222151475106,1.098314059021888,0.7693932981247242,1
1,1.3345948745427938,-1.6409410126625166,2.04097835491405,2.39439012576166,2.086831628867807,1
1,0.6197433750807491,-0.5486598302857641,2.264807559876588,2.1143831196177034,2.411424955628653,1
1,0.6096161415772092,-1.9926641982665185,0.09504347244396882,-1.1220318575813386,1.0951993345269466,1
1,-1.8207847022394361,0.6890090506112622,-0.8435748341534786,2.9805957032749593,-3.194595455700144,0
1,-0.28711960574319484,-0.8263407469830103,2.2679961422172683,3.6903937556088047,3.058197376754521,1
1,-0.3972635262853177,-2.7774005615792046,2.5369369231583843,0.6492517073785512,-0.5870022005174023,0
1,5.160347404343677,1.2156036564393453,4.2514864073006535,-1.1406492619014954,2.5337223881944055,0
1,0.41333602101967193,-1.6499954643152153,1.772660321121917,1.099541851224957,-1.6329559836328738,0
1,0.11319022612298135,-0.8325862359936695,1.2618294408201702,1.6471358198533972,-2.1383418567943044,0
1,0.3031721938616818,-1.2790510239232717,1.4465130077820527,0.6970411649755752,2.3052465503909794,1
1,0.16389729282215237,-1.7213550917159335,0.5200109887142628,0.49445028222495957,1.5854648563916205,1
1,0.2993788305428391,-3.33473169718775,-0.469119764857276,-0.6358866760666686,1.306884474868703,1
1,-0.08476556882763364,0.8958004702650527,0.9050118457713838,1.1906953060309382,-0.2323847270555719,0
1,1.784330147847558,-1.7784427118026813,1.0538566891140602,0.9222468970658637,0.8310287460827979,1
1,3.158888639751091,-0.39642974558022503,2.5578685605827998,-0.3490246430110393,0.7466970915431488,0
1,0.14248665563776963,-0.49502967017797384,0.1970697743349875,0.18401858120577508,0.6271994566907402,1
1,1.9141593386362081,0.5777724930188688,3.0681194561862846,2.3302731162592814,1.6871219145461778,1
1,0.479825974976406,2.113927052621303,-0.0587833326632885,2.021141122133155,-1.4810567134704802,0
1,2.652605484845636,-3.8937673316972834,5.025135527236963,0.43401275063834477,-0.4489875844480101,0
1,1.4530186871178914,-1.6854075012870426,2.438385653783525,0.35411099395099566,-0.30407489170306434,0
1,2.5101871139714165,-3.535841784819866,1.3048700412552274,-2.432366001842833,1.9965151677546205,1
1,-0.5445980744442556,-2.005679162503099,3.85418458468155,3.4503635920145044,0.37172604536269227,0
1,6.824402214389526,4.380951813618101,1.343171892777718,-2.830651676863407,1.4100961393221971,0
1,1.3478738643246049,2.6741258283037954,1.2855542946975353,1.1493129639400836,0.2810929036540606,0
1,2.375323147715045,2.69851043563213,0.09721822433706162,1.014275085917321,-1.69777001177485,0
1,0.7682686747550067,-0.30632779921984654,1.5575905414763636,1.3208877831664039,-0.97453629121481,0
1,-0.8078998840620286,-0.9520585268917447,-0.056707317098057874,-0.0459590038674913,1.3823941586228805,1
1,2.1337216719508074,-1.612626487136481,3.8776870309075875,-0.2288135660523829,1.9946522566658111,0
1,-0.3843364228408399,-0.19906388164816569,-0.2784104420265747,0.3140169623986231,0.3221577559019344,1
1,0.39129433817948445,-2.125267410575808,-0.5838227246187315,0.032785557929083775,0.3875905307451244,1
1,2.1895023160820237,-2.561360631443085,0.9129511861421915,1.516706487388081,0.6287429119353143,1
1,2.705765895835351,-2.3022869126486185,3.023954387129796,-0.2376545796918712,-0.7627365781899529,0
1,-0.5233902051071331,-0.32442716531826743,-0.8974670004472505,-0.37333771162576257,-0.11409876991147572,1
1,1.9455173038142222,3.912495023484999,0.9355856589330233,-0.6828475321193088,1.6904269604470579,0
1,3.469338461672405,-2.328108825546977,2.0285714819860736,0.996500052449088,0.8865159210736839,1
1,1.882447623810423,-2.20620560410036,0.5187033138597891,-0.5525248482327867,0.5827581146528575,1
1,0.6384958036303646,-0.8420322108239542,0.7610708550246544,-0.3506831006117832,-1.2535821703547172,0
1,-0.2174888072564911,-0.12081859930801087,0.2695331011765295,1.0574683473807294,0.6744727383373315,1
1,-0.37713136565361416,-0.3995288996742312,1.4814038298678651,0.8239339288848743,-0.3205417093714529,0
1,1.1363254379823158,-3.2629693047186357,-1.0360280882041426,-1.3307178109029936,0.024769231934242963,1
1,1.000674630143669,-1.092219738664614,1.7996304323971453,0.6374518873970949,-1.453110139859866,0
1,0.032836282709306164,-1.0309569735711543,-0.3825434122332383,0.7401244256361075,0.20546192945890007,1
1,3.066249934305411,2.9024632669256256,1.3827944424473486,0.8824566571383684,-0.029192480867324844,0
1,4.7073285714784685,1.7160321546146422,0.8817971643880204,1.0623542146909417,-2.7844231714549226,0
1,1.1529992457778575,0.859822160313868,2.302699905898326,4.977047334505153,0.8018304088810526,1
1,-2.7394471101385616,-0.19089019282927788,1.0299708368876945,3.270268976340105,-2.510133358349737,0
1,-0.36649881210967217,-0.392507111052377,1.30641009774339,1.626175541068807,-1.6074187440796004,0
1,0.9547871000437476,-1.5233185414596035,4.326435485309072,0.46184222967693334,1.6324668586780033,0
1,-1.104546474416574,0.9784224401779922,0.8696936791604544,1.092092232624106,1.5314066825958217,1
1,0.7422448867096181,-0.9339057802912835,1.1295709790606119,1.6436121434040074,1.2363113270012038,1
1,2.346566983281086,-1.917670641481544,1.1555666949434198,4.717312987481385,-0.03748600097336796,1
1,0.7258520438241931,-0.08484810324300818,1.526067716772053,1.6367604462778027,1.285577981332962,1
1,1.8483536879413218,-2.025205185454243,0.08641401846410979,2.3375201001744426,-0.4666724703156948,1
1,1.251142755401483,-0.882728213899809,2.109193077738846,1.9182326437237394,1.8891235896986478,1
1,3.1629447453093307,-3.4978420677140183,0.30332201393975955,0.30783261170853315,-0.20874452518154962,1
1,-0.9025979190569031,-1.136257494215838,0.09902480788619272,-0.8473886515257192,1.8769180177448146,1
1,1.3038196372786408,3.22904283495498,0.3516608825498653,2.2998969977344066,-1.242830078781774,0
1,0.5457462032904665,-1.8829184473044602,0.09862251187110616,-1.1505852382569541,1.1120641792692714,1
1,0.18955042096282448,-0.7530143849648742,0.2854847945138731,2.0710301407032565,0.4982851584466025,1
1,0.2767482052134175,-0.6392904364513953,0.4967896624451936,0.8439806107579002,0.8241394796408659,1
1,3.290931347470502,-2.451073391055183,2.4437578892388636,4.712740529216028,0.9881873703245527,1
1,0.5311953873810022,-2.607619480072869,-0.7942556755093149,-1.6028514218295253,0.505206915567281,1
1,1.796158573675741,2.246296739418649,2.612711065088166,0.5533550169059334,1.9357671926033282,0
1,0.3396251483032874,1.0337067354875313,-0.0473673697710999,1.6364401296084492,-2.970699429703486,0
1,0.34555038424682794,-0.9941432380843265,0.6986504506671718,-0.9795454317305023,1.523990122162468,1
1,-0.40649641294732675,2.019519079917359,-0.5908084582207955,1.9327321200510885,-1.7598706259240045,0
1,0.571431944260036,2.2715764068980233,2.053228240557856,0.34481027459130253,2.033595157390639,0
1,2.4437356737193703,-0.30175365913873375,0.6606656991128306,-0.2334371151418977,-2.3568660925055447,0
1,4.218601315664356,2.4579699119770604,1.1531831471346994,-0.9273872453301544,-0.6482692726802531,0
1,0.8381160315716516,1.9287881749508484,2.054197866295989,2.7634811619405837,0.5507625199893492,1
1,0.09805394539256407,-1.5052812703605145,0.9877742898356848,-0.06430021482807735,2.1619459864174138,1
1,0.6961231222801112,-1.0393952889524423,1.6412368903171322,0.6823057435966706,-1.1455547334292828,0
1,0.8331075429388618,2.532554706111695,0.0017697315355125198,1.2285172661015114,-1.4127919042478108,0
1,2.4056921560951157,0.17788558450362202,2.4452467321917064,1.4768060421467912,0.8745691329658007,1
1,2.450663563273305,-2.1771913284441027,1.8277875097276648,2.590265441999253,1.1708683466770802,1
1,-2.294965745932339,1.5631328989109747,1.2415174426028348,3.616967725030392,-0.2888492476339055,0
1,-0.4836104091100535,-0.27322724968068635,0.053661983568668914,0.26269765371062503,0.8526929385993611,1
1,2.0834428870994017,-1.8187333408316064,1.606292148302125,0.6491399566554116,1.3163184203243685,1
1,1.859489781315805,-2.9705705856020503,-0.8817845469185466,-0.6912063036388063,-0.6373543919405791,1
1,-0.6448978252630526,2.262789248954356,0.7517541966942265,-0.13256370339372392,0.5671447837102042,1
1,-0.6777790920365689,-0.3939180092989827,2.2567692678835067,2.682595965472947,0.12419473844707563,0
1,-3.4763425839084725,1.076076544322216,0.8701588774710436,3.463803602988327,-0.17644593666249642,0
1,1.1086309382963617,2.036642134425589,2.7472743387431233,4.1160046522452,0.905275788115785,1
1,-0.4897473459109911,-2.874890865724322,-0.673522310399854,0.5440013764140696,1.3077158273179381,1
1,-1.2303620363692431,0.019221308607541454,0.5637414468646977,2.1100491214946464,1.6460163666778884,1
1,1.8514350834787765,-0.5328894895359646,0.8095646169310624,1.088788510258948,-0.1901961710919673,1
1,1.3011389582410615,-1.7643189575330078,1.9587465649826714,0.8426355434933777,2.3129623233904124,1
1,0.4639715859615583,-1.820749974196537,1.8445066466781734,0.6216361096085665,-0.5342456787506662,0
1,3.5401520843070684,1.000362124736734,1.009604477697431,-0.8172423681649694,-0.35661423544061865,0
1,-0.6567734136004013,0.7642278989114739,-0.10268633789212456,2.752142239502617,-3.3656527443918427,0
1,-0.054761338076199095,4.342043432611126,-0.49538293192578386,2.9097399798717527,-0.9355083981733429,0
1,2.068025137636768,0.3008838955817936,2.7489926657234025,2.9412203414604923,1.2208077277744758,1
1,-0.4056979837536765,-1.4290207863971789,0.24962176807406367,-0.8193801418739661,1.804196759987828,1
1,1.5091244453105355,1.0587659871699888,1.5035279834554036,2.039580288812336,-1.2876759051604707,0
1,2.381268250312071,-2.287364981919346,0.3992793000731557,0.9301504783845772,-0.17975349145007558,1
1,0.5465445230425305,0.10320571960787084,1.248005421918871,2.8896529419666503,0.7950856107517241,1
1,2.0461056398480486,-1.193397308275162,3.0296255725020167,3.478126348023677,2.273298019989368,1
1,0.7640859761929023,-0.7654324917994003,0.11171975230666542,-2.0772144754018718,0.4976520280383032,1
1,-0.5404507873340094,-0.7595305000015529,1.8404581013164987,1.8502425048699873,-2.088077507293505,0
1,0.95552985684131,1.488750633570847,1.6400713087559264,1.6605434819837244,-0.09641766889406911,0
1,0.5826071309899745,-1.0341776538075385,0.7813084152001336,2.417617621850843,0.8582009850690617,1
1,0.4882195184326541,-0.7858593671666375,1.2684276638387932,1.8172019180928247,1.5009851012876088,1
1,0.5182194567873809,-2.7687522208108897,-1.464668391491354,-1.9780700048139437,-0.14073422468291485,1
1,0.04650211033874929,-2.6893335130630174,-0.0148300048907406,1.562657607296615,1.3836220197423488,1
1,0.23367729367626033,-0.7218769382950097,0.101020999248992,-0.36480849760084144,0.616923282745519,1
1,1.3630023754223473,0.9105264310566705,2.309363074426578,1.692513400265216,1.1590458715308163,1
1,2.1821902205051744,-2.5980441669261922,1.9126401947012242,1.2611601517012732,1.9293542978774767,1
1,2.622317302392686,0.5991433165383773,0.8546553064252931,0.7888943219699533,-2.894543049472202,0
1,1.842440380428751,4.013190514910434,0.31123542998455445,0.6136158399570601,-0.1949956081886144,0
1,2.416754995505716,0.45754730068310623,0.832778885029228,-0.9732876746992409,-1.1308642536745368,0
1,1.4840861769840632,-1.7913964982008872,0.75611262340795,0.2520796753638539,0.8617271220455928,1
1,1.5472444311238558,1.9264562154095293,0.4893430377278948,0.7557054003991289,-1.473566359607183,0
1,0.358343969445442,0.828103024777014,0.3234486532676626,1.2234649833598934,-1.7329916566841534,0
1,1.142507112409157,-1.4756270686985138,0.3883695117907574,1.118387320232453,0.3794490709421581,1
1,0.23140422693656426,-1.4721723001061842,0.6982485585852318,-0.38019933122634697,1.7305441262377619,1
1,0.8594915536224663,1.9327952846307,-1.2851464180606396,1.6325860510962302,-3.940353818851648,0
1,2.04097058342844,0.7691112467812258,2.0338355213879344,0.880962661187527,-0.285620463093898,0
1,0.7070853555908291,1.4355865045157257,2.5506375795862777,2.1773995346722863,0.41748392851272187,0
1,0.7368931486122582,-0.954206905545571,1.7425273904448533,2.102294021158446,1.8843162189775333,1
1,3.59802704683676,1.8349531935277847,3.33542824622583,-0.00781820258735122,2.088115677262042,0
1,0.18080545095688483,0.45091833734126086,0.6012841178211699,2.7207374097918007,-2.8855783502496024,0
1,0.44901280569146507,2.1604076882308734,3.04493101812889,2.83748290161516,1.9115572711283164,1
1,1.3485403691226168,-1.5533070634551724,2.753609044444831,-0.4390375596529277,-0.08223603737817631,0
1,-0.689525217839634,-0.1525650442089843,3.2748081396761126,2.259595125185421,0.9142776087214077,0
1,0.09663159397733168,0.3915714109634756,1.869073980591266,2.286651317282353,1.8386104809907091,1
1,1.170005525903532,0.48115117700071086,2.2647948969414236,1.4332253710997076,0.020212201701796717,0
1,-0.13976434341808752,2.3309593814261387,-0.5559388474390159,2.358048682962613,-1.3893303558818437,0
1,0.33279710619851954,0.34159067657551745,0.5959755610741332,2.094260436551027,-2.603425343420543,0
1,1.1941312464274645,-1.4074591240607637,-0.04946595696970779,0.01031919706761264,-0.02455438999059556,1
1,0.8235063690998126,-0.058939367087341044,0.16229987890191921,0.6273094470406648,-2.3782603622278415,0
1,1.4252139684057898,0.8899229567668527,0.6327838181368867,0.13032822368671726,-1.1504239292502543,0
1,-0.8061106677700114,1.798484634177763,-0.8269346271101987,0.8269894820213715,-2.041750029424909,0
1,-1.6223884409364122,1.2285020024769,0.4222777617117005,2.8766963136051746,-1.9530476088301456,0
1,3.0380398130120776,2.2275668119317538,0.9674623714695672,-0.8590204798707073,-0.249965690833158,0
1,1.6925933722577102,-1.3238092996075574,0.34750708794744023,1.099049886036807,-0.19277735201380963,1
1,2.024508219236107,0.2596148892193777,2.806667436590282,2.157640954278036,1.462872329572188,1
1,1.3762254082620036,-0.9970725030298011,0.9225249185696067,1.025792770002736,0.6027282582831199,1
1,0.7942216333745387,1.653132398508792,2.6830598005929884,2.5606130133404665,1.5340946857330606,1
1,1.259392273597012,2.19330211359796,2.4698083569810336,1.501261457887738,1.8405326965413291,0
1,1.1624476631681542,-1.0068952039473664,0.3263962649382016,-0.5610866759240964,0.3109697369268396,1
1,-0.7730794591502703,1.1230511487254555,0.3419279476275132,1.465258859419138,-1.4454386713964327,0
1,-0.5071716735417591,0.8407920860327722,-1.7210663680067508,1.3268531709829468,-4.374967504665886,0
1,1.158920902094869,-3.303007668053605,0.5370492761312634,-1.0701229631940317,1.8622730598823716,1
1,0.36283866301685086,1.3673980020049206,1.5812361925504614,1.8158820785431418,0.16433589148523242,0
1,1.8630636754916143,-1.4988877817182042,0.11510186408719525,-1.438383473869878,-0.10959156290067851,1
1,1.6599620429556419,2.0010920444862608,0.5971879896711294,0.5524171880155639,-0.3498325296828818,0
1,0.2208727206254828,0.1386635144522821,0.3953409420295736,-0.9614765842090391,0.6271717270012176,1
1,1.2509721533948506,-2.2058336736658313,-0.4282608450441434,0.4097408974549095,-0.17976198534024235,1
1,2.991905268159885,-2.7085206700472275,1.0998414514420307,2.242311611104966,0.17030376977283912,1
1,0.7717729688497471,0.2746008223045582,1.1354067349047294,2.1570736903693826,0.5206026604034217,1
1,1.9935485359014466,1.1193108179369122,2.4315298241691323,1.9167602297982822,0.40869431479846896,0
1,2.3907979811553215,0.9530364278927039,1.5688236306512147,0.6196476051210046,-1.3139576586393673,0
1,0.9787338466744706,0.50952865879737,1.8594428347642364,0.8178328415831257,1.3042697231308096,1
1,-0.39487462020048714,0.36833615419991594,2.5906021345116965,2.5485434058782985,3.076808171441434,1
1,2.948440141817218,2.629632274667525,0.13190203295356362,-1.0109226200551,-0.37458335138593235,0
1,2.725600087875235,2.5122638344717547,1.1957131479556489,0.5643163609654585,0.11512874936258655,0
1,-0.07473093632696459,-0.08056959706248723,1.0557588842835364,2.6693355188829067,1.2178167656425012,1
1,-0.17589606889273046,-2.110460842777069,0.5052236356693507,2.040783260593402,1.824259064369806,1
1,1.0186781860689278,-1.6904186688242828,2.767975584293219,-0.32885567202577537,0.8262465936224768,0
1,0.8798812214587064,-1.693460226683503,0.8652765730644149,0.24561983411130184,1.4267633554010586,1
1,3.0011818187896884,-1.8641861196185663,1.4321288608056024,1.6694844241060405,0.19497370350420595,1
1,1.7521697058082841,0.2556107667591472,2.893605887432124,4.187533725312829,1.4776033547911465,1
1,0.9429707869679869,-0.9537451337424352,0.937846353136826,0.7061922893534844,0.9891371201734022,1
1,-1.884281307526975,1.3516513351555537,0.8708173676965902,4.361731187155316,-2.2809688782662754,0
1,3.4227889473934385,-0.48076557611720583,2.3285923750603637,-1.9146020562362684,0.5375600263259315,0
1,-1.0296225440588151,-1.706937135827972,2.66361610847483,1.3227758706835955,0.07871309244726743,0
1,5.18032549454739,-0.8334249497085919,2.705122304998445,-0.7817453891892014,-1.1053107008092176,0
1,-1.152514931580944,-1.8601247295198302,3.2737838948202445,3.5436630257461963,-0.6674159906785058,0
1,3.1361503002223428,2.3015240187484833,0.09278170369672167,-0.3444942805886031,-1.1158799342673509,0
1,2.624802350566129,-1.075283373797107,0.9604646907990326,2.1558234045087348,-0.5239709265533079,1
1,2.657936898913955,1.7421825370431163,0.7595876523850489,0.9156311172717282,-1.0179490222256316,0
1,0.6289749411728911,0.7331237360970249,0.7100682114276172,1.376188270878523,-1.9581933521344401,0
1,0.2219994722302595,-0.8407267318716749,1.7699920435450258,2.255259571253853,2.2529230737525943,1
1,-0.41412255120172015,-0.4493989340562944,0.15146879565756644,-1.3015426523196476,1.243527280388848,1
1,1.3718852802781876,-0.8362133010503945,2.3802900118819084,-0.43145504598528395,-0.16216598409528138,0
1,1.3840656789603667,-0.9226141708259673,1.1336847207454492,0.04389985071692393,0.9371302446621292,1
1,1.905872300916396,0.042815464226151234,2.025109163470141,1.1583876673133071,-1.07494466489366,0
1,-1.3916259692861175,-2.4314278391876556,-1.7473197960898559,-2.753682418797023,1.0208437961687449,1
1,1.8677637457968579,2.3477087302687143,1.7495863830729514,0.635101282129819,-0.5052414295927277,1
1,2.2639457801769423,-3.412871338821913,1.1458539316926493,2.043915350925942,1.2141975715382196,1
1,0.9491624874384313,-0.3507681305421766,-0.05583133817415464,-0.5295093569575722,-0.3036554871101582,1
1,1.3477912170655524,0.5767653850389401,0.467447763991491,0.26959982327289034,-1.750179640442822,0
1,1.5464981780101708,3.0413680283945266,0.8823453274836393,1.0057798513970833,0.21400901589548704,0
1,-0.6889296040201509,1.4385483333567124,1.271165398892578,1.5046649681672521,-0.5998758442057561,0
1,-0.5081318371162282,-0.26037097342000515,-0.36225547375712774,0.07530059717454118,0.37141778395085234,1
1,-0.2672884982108954,-1.4257659335959414,0.2315023584757383,-1.2061853597234458,1.7132095042299014,1
1,0.016197420730900802,-2.114444707646199,-0.09881413195621525,-0.22535220723351257,1.3007048770334677,1
1,-0.7007779548719126,-0.7508682817910592,3.35412286635629,2.149973050964233,0.7285149446863268,0
1,1.3272600321506882,-1.451541377908268,1.6348303228738073,1.2900039605974314,-2.2244352962213196,0
1,1.2255499323143617,-3.284617573494232,-0.2132482983993067,-0.9477726355254987,0.8906876642382954,1
1,-0.5628170529170784,-0.33714646526460856,-0.2864171540385829,0.2910365542816201,0.534789314404116,1
1,2.691529609065954,-1.1661333502860096,2.304717480599611,1.1605154572203997,1.2132192472762935,1
1,4.01897501568995,3.7084415089718687,0.8899970867169165,-1.424354290712063,1.7835103894978581,0
1,2.4529909774988115,-2.958575744822122,0.13191458145003443,0.25854653696376373,-0.08173228525372034,1
1,1.76608283516706,-2.340535284757926,0.42043935346487515,2.5321936138715753,0.11879556831045102,1
1,-0.22969965930890357,-2.053062785189217,3.054472446852065,1.9348572595499274,-1.3891379825042014,0
1,2.3307075996527282,-1.37793273695716,1.8431755576935827,0.7902556112318486,1.1176766797800026,1
1,1.20784676717582,-1.4572061310666777,2.1858164239366804,1.834050734110633,2.3425831299096345,1
1,3.375737683290216,-1.045428042929001,3.655490450269674,-0.1538809406230297,-0.6924064743589347,0
1,-0.3774687459061046,1.4128906327275559,0.16090791707806928,1.4737819854179,-1.2840340548166074,0
1,2.482822166529238,-1.9333273217272364,0.7254227440887786,0.5604033041109255,-0.0037004109302638533,1
1,5.41271687108599,-4.447721523781839,-0.2971073571499876,2.0510767441243396,-2.567835640450288,1
1,1.8701329255498418,-1.3279410858777316,0.49190074927053296,1.6336967603395838,-0.227934794275354,1
1,1.9515814374890925,3.8069923448255216,-1.475571916966088,1.4953762420605832,-3.548534394380839,0
1,0.5899275097878709,-1.0995339977718723,2.012049221722255,1.0112664730453111,2.6081981803158105,1
1,0.48266610901508844,0.5941391349488783,2.421030520017318,4.496696215270928,1.726402304453213,1
1,0.7475624832067,0.13745784017428708,-0.40731654599006983,0.7917437933766271,-2.9090918666579415,0
1,0.9866473673053214,-0.008563394823194459,1.5334860931678174,1.9270927755383847,-2.0938727305153932,0
1,1.2753225652616922,-0.07463788199414856,2.0654333375255383,1.3029826248457668,1.4911496912270843,1
1,0.6991053437011594,0.9926320148425545,0.3101252098628665,1.700260298695191,-2.9967801160173044,0
1,1.9257664834238368,-0.10806755647646094,3.2178803771773032,1.3748910883473084,2.3794005324137,1
1,1.27223942381276,-2.4725861164571747,-0.34075964735403397,-0.8652737758715341,0.25988445407774385,1
1,-0.09560353651579856,4.335653866651288,-0.39790397937538113,2.3671645996572144,-0.20723360452060768,0
1,0.3220734358008004,-0.07446896896947064,2.361379688596206,2.9434877060956675,2.3857087103621275,1
1,1.8432649372598708,0.6763441800687473,2.2909757268516087,1.206348072699047,0.9165969919034119,1
1,-1.0408063483553458,0.02054404378048491,1.779907611677727,2.4748393102218498,-0.9905194671050356,0
1,-2.1026699108795435,-2.6204741316439186,2.7499124811802096,4.206912681092593,-2.919442834175756,0
1,0.6037921195185114,2.359787171216317,-0.20126828452313594,1.874238977089083,-1.6139715035718982,0
1,3.222406662600385,1.0525227125714685,2.0624521775557216,0.6999421076377861,-0.7814969272276495,0
1,1.7812329504880602,-2.2312272200657564,0.9450386746549722,1.1292929697082656,0.8995462086979303,1
1,0.5808027684215852,-1.74238423009384,-0.20166615381734454,-0.2270449292973371,0.4979275436014591,1
1,0.4035055478525065,-0.4561663972580098,1.813003891142273,0.8693785047353157,2.1954123548982025,1
1,0.34328475914863554,-2.1858325167530004,0.09466387281816246,1.2001886896152438,1.0656408059779994,1
1,0.6634881236364434,-0.32880691542145724,2.3699217438469393,1.6037137251980704,2.4477463988714,1
1,2.2957498959144766,-2.258983942543855,1.9979595568418755,2.2063858730969472,1.5941284906892406,1
1,1.443039518956339,-0.04680262820200909,0.9635503213113173,2.491183389754667,-3.0491838343657345,0
1,1.2679957420308654,1.2303107872745915,2.0451389259344763,2.0448694620629384,0.6773947286107285,1
1,-0.13803784057228952,-0.30008399095527616,2.4191387445129826,0.6367154030870218,0.7515018384108263,0
1,1.7808620752788995,-2.2405770636804236,0.7784953447240461,0.10662071469955225,0.8907590467092713,1
1,1.6763621273614555,2.994228644273577,-1.2618146880437258,0.777017862706378,-1.8729999725143158,0
1,2.584085735452959,0.0021324985649278094,2.202607735435441,2.8421845448725995,0.2936338937132942,1
1,4.147599964649735,1.5045852341864845,1.834187167597444,-0.7198688350543692,-0.02006407721816883,0
1,-0.1551459436943765,-0.48429167222910896,0.9195629987966857,1.2440076891725287,1.561697338556988,1
1,1.6840740524078985,-2.6087925278691344,-0.654978386427248,0.19443742407177533,-0.5514104810908349,1
1,0.6663171172138082,2.590885133985745,1.4322725852355818,1.072899374786912,0.2865134993968994,0
1,2.351677243049986,-2.9897327393453432,-0.4588138315495305,-1.7332384532056881,-0.3713291282665774,1
1,2.34407231277456,1.001574024499448,2.732892377206155,2.044168064962081,0.7315311037693782,1
1,1.5741024546511344,2.906786610641415,1.2836340350691744,-0.16660584429506398,2.1980634863599056,0
1,7.2774627778411,6.191469666765048,-1.626231313171341,-3.0936673277069024,-0.7706048455738173,0
1,2.033043277081175,-0.4374947093575704,1.002037367293162,-0.3399799808287238,0.07685512206177325,1
1,1.0029048310411162,1.5726911128222905,1.2907942079603987,2.394603058846357,-0.8329906865061912,0
1,-1.336813597726278,-0.3041530392780698,0.5101253710552314,0.9349134600181247,2.008368537523599,1
1,2.3129411876534114,-1.7630238209991722,0.2562087788449411,-2.0019998522719167,-0.07986355324708128,1
1,2.013766809695174,-1.6864178709937947,1.9534051101318315,1.7846825145009013,1.518504700710271,1
1,3.9371486608165953,-1.374497198718629,3.412304051842395,-1.9894866179134971,0.9228800379637327,0
1,2.1996513724081783,-0.9578315507756636,0.9497052129929969,3.050280903109798,-0.40835536815395,1
1,1.0353071681432626,2.83374462221699,-0.7223874226835347,0.516392606300756,-1.544208164718168,0
1,-1.124477260776502,1.76433507586243,1.1397343043667205,4.024828404627983,-1.813260757473885,0
1,3.710662372213657,-0.5395400873059379,3.5423575949479154,4.687909177338108,0.9515693889368061,1
1,0.18810926439956843,-0.2986232332614751,2.1309860904988325,1.8193866644035919,-0.8380166133162641,0
1,1.9555969801705944,-0.04099584357724051,2.296466564170084,2.4238334783194797,1.0344715047706112,1
1,0.4437960045752415,0.9980515522144746,3.1848388915306014,5.525580471308993,2.2730962984707865,1
1,0.8613971862646367,3.5349543714050085,-1.1916495466331387,0.7439676253353956,-1.6940052638133074,0
1,1.3430888577138869,3.712472846009762,0.1468460198761331,2.1404261632460324,-0.5016581963988067,0
1,0.7822210208436154,-3.1282721159967783,0.9448329732583285,1.3610372314748815,2.1863822175371386,1
1,1.8826833319294587,-1.3229692993101319,0.588880467840386,-0.21187400527907974,0.12668784418589685,1
1,0.06192575602861894,-2.7591241926905457,4.326357831759768,1.7177382041296902,-0.42509654249979045,0
1,1.1818241770110298,-1.6216209666485928,-0.1108266310104633,1.3832772935366164,-0.1813968834965507,1
1,1.4334684369027342,1.7539012432655914,1.960804808603174,1.195718547946528,0.8213846071215078,0
1,1.886082387045331,0.6069171229134713,2.042171348000672,0.8702925441516896,0.5498217599108852,0
1,-0.05124915438181876,0.23107273146371166,1.1525329799190962,1.4303012036204639,-0.8186691615865282,0
1,-1.3383987756172604,-0.5230313746150348,-0.8683176448098682,-1.3324321699286368,0.8389149477129048,1
1,1.2222420333992732,2.2099270359814835,1.5881648377276052,3.130950974033167,-0.4978651641573144,1
1,3.2188078128084734,2.56561101074743,0.24527274592483606,-0.43633608680685065,-0.5312437537870809,0
1,0.8207597535942416,-3.542617505989395,-0.42223149677564664,-1.375313849920481,1.1960795145651653,1
1,0.7420044155076277,-0.8393375576534811,1.7473936850828937,0.849707335863444,2.063535215068876,1
1,0.44820658298491867,3.031891897855751,0.016029436432914768,2.0195144094884854,-0.8594400335134504,0
1,-0.4151474358471785,-0.5638410346676992,0.29221289598309264,0.39590731367282206,1.1712622832291526,1
1,-0.5666067982942489,-1.6194225914502596,3.074008743022416,1.1295234347010954,0.4439339042124084,0
1,5.829745922864938,3.781328528640997,-0.5156559520875792,-2.5320460029162546,-0.8769637285848031,0
1,0.11250019033384107,-0.8181593768904234,2.3775210871026133,2.360190163672609,-1.689532356289797,0
1,3.8649050098988593,1.102916411656541,1.1718111573698242,1.3667305674415406,-2.9893271375672343,0
1,0.04327503546649947,2.3906454001751483,-0.36599694254037995,1.9027055056749467,-2.277106927766127,0
1,2.688030690508043,-4.005839431647604,0.9079212741066052,0.386269697255591,1.157170194449573,1
1,2.343315551119318,1.9552548603285171,1.1414075315989551,0.7506048494205065,-1.1921890710918506,0
1,0.9940087418498121,2.1974256620934622,0.5243755823699352,-0.9259760771897618,-0.001456916791667262,0
1,4.001014025364739,1.559411270018463,3.616015498428073,3.17630020346653,-0.06852895258451897,1
1,1.2990949129027871,-1.9108573705343035,0.47862329394778336,1.1639851672306825,0.5752833517780764,1
1,1.4074999059768911,-0.8003343951811441,1.2513599376993985,1.2927282563866227,0.8061558558225246,1
1,-0.6399006069091362,0.17710811339644428,0.6303044346461089,1.6419836317247218,-2.3364454094621343,0
1,0.6778856555025626,3.2569110633649148,0.8584418946484763,0.33993478479367534,1.287388152063317,0
1,0.06032984524601448,-0.19515400824108486,-0.1290658145618402,1.0243375904279088,-0.0065137503765662075,1
1,-1.9514517513877263,-0.8922979492728453,0.5856048824103351,4.526502607980903,-4.746148766484181,0
1,0.35757835117934234,1.9240647896410608,0.7308759353326482,0.44518595598012356,-0.24986507713188688,0
1,2.888132196134209,-3.6993270259285653,0.42101785941582015,0.4049312494555568,0.2797544521255597,1
1,-0.4302904847740372,0.9179707183882575,2.5010122382969895,4.322766074103382,2.439638560741714,1
1,2.156781712591526,1.4104631320232461,0.02304001770830999,1.237463529914222,-2.1106661358302934,0
1,0.7202857872824733,-2.0034596629471983,0.6221078815588468,-0.1488119283676026,1.4702763180101006,1
1,2.1514585881408723,-0.4638308313807217,1.5861958587077667,0.6054767242400633,0.5319289385225022,1
1,0.8843511094844534,-2.2051940746430656,-0.0060731960604958335,-0.5466476768381165,0.7801242628386891,1
1,3.4103464575881635,4.120296256413402,-0.01605493204154307,-1.534014589200392,1.3704651352132906,0
1,0.9325127389322334,-1.09925781253658,1.2191211250105225,1.0053925323880848,1.3387881042658618,1
1,1.2808458457393295,-0.2539652494787602,1.6294849281304837,3.582725227681278,0.6991493993481687,1
1,1.1067334990099134,-2.545385200879641,0.12471741015035798,-1.9266406462680323,1.1724046388878275,1
1,1.2720615814060203,-0.28467834060052744,0.6354966113885184,2.2767168581011394,-0.24264539763999093,1
1,0.8243148583880445,-1.176631203233261,0.9256944276470765,1.8886305060302058,1.019219160966192,1
1,4.794067766020142,5.817745141358997,-1.336333470427085,-1.7168759819515658,0.20834193347421182,0
1,1.3933314435461046,4.538123974785137,-0.825075884423438,1.436041051813401,-1.665197152829783,0
1,-1.7843017627084041,-1.3808308669496099,-0.5578746176338549,1.5211131343048183,1.5707632583023883,1
1,0.8840209524016259,-0.28637239501427647,2.018066262677964,1.9045805854031455,1.8089551844263771,1
1,0.6265953532184981,2.0204358398958244,2.789674687453478,2.834003615953117,1.5588758064451866,1
1,-1.3095410140186896,0.45028260017789856,0.517714817095376,0.9808688897651776,1.5568779815342497,1
1,1.4436333617905401,-1.7996857092973513,0.21719564016980974,1.2306269378185253,0.06189071066938634,1
1,2.155749214419487,2.40253279618538,-0.8422399590921577,0.6166729075047561,-2.964047851654816,0
1,-0.6140623441926174,-1.9720730787443794,-1.0553071963722411,-0.46043235907537916,0.6471858606124948,1
1,-0.5544833627143209,-1.8236912325114232,0.5763408885915345,1.748547299690535,2.1006983735474734,1
1,1.6092704090791945,-3.5064237605924453,-0.16424511697033184,-0.37740506639560945,0.6397141663999188,1
1,1.9514727266682725,-1.119808788382415,1.488649609324132,1.534032644833196,0.7900702737570932,1
1,1.3725720365674143,-2.496368662196142,0.32997965308431154,-0.7970884824694968,0.9812004077054702,1
1,0.5392482048886678,-0.2643777880863373,1.1633505779667004,1.7636226561135961,1.0345921203165573,1
1,-0.005869144217065525,-2.4453529291052556,0.28103893062040475,-0.7107525366556731,2.0245839234763428,1
1,2.458427308581534,1.0697518057921322,0.7684813620764277,1.3439874812418056,-2.4710124124022035,0
1,1.5005916959451269,-0.07697546607922612,0.6296876277360942,0.630732678967465,-0.26132976907095173,1
1,1.3578566263511567,0.50821443024778,2.6382693816781084,1.5153179426837071,1.7800091159744675,1
1,-0.36075800573411554,-0.889466224083123,0.7253481736034426,0.4245288810795963,1.8292463059516686,1
1,-1.85290604984801,-0.5640348271560998,2.1246112487935926,3.9995869400196478,-2.1179627319450187,0
1,0.2777859153410882,0.9012104082344699,-0.1722934320847882,-0.3396059207257225,-2.2910878370124377,0
1,1.5304123191108423,-0.6714490672699664,0.7715658262873137,0.0654363260003914,0.26682768598760087,1
1,0.5359807218079418,-0.3617427922549825,1.6396412476284237,2.4045222385383402,-1.7685375227129825,0
1,2.7674611846351813,0.19514237238233823,2.2716219527743595,0.7634556323447919,0.4547758876534388,1
1,1.1370417053350979,-2.0234180431464726,0.8824905244677288,2.0828626451199765,1.08549989894337,1
1,0.9708567596638952,-1.0630181033032076,1.3967059786998195,0.22311480485319235,1.6680955211345876,1
1,4.815795047689179,4.882231012626718,-2.1044174958132,-1.7116529118732133,-1.5753428159094667,0
1,0.2919439106610582,4.156350977563833,-0.03365478029919533,1.4158993585558566,-0.8222903046127221,0
1,1.3644685833737418,-0.3967108136572165,1.1030289052003235,-0.41364985574257807,0.7332436604199569,1
1,0.9907726405446657,-0.5188852485816777,1.3760166024522493,0.7493859982706859,1.2505026727437387,1
1,2.554991144946504,2.3510296312273717,1.0161217303445278,0.5218039683057146,0.13710948240215126,0
1,0.8626139907037461,1.1365208212860183,1.3747351684031803,3.3890067783470577,0.06950192765686014,1
1,-0.12861055560285983,-3.453495702718278,-1.6980745893029252,-3.8293043751165747,0.774741240387433,1
1,-0.0760060235609461,-1.2154655236918184,0.9149517483673876,1.749605481021368,1.766456135656691,1
1,1.0589515412279782,2.5736219714495148,1.4358652853104614,2.5037778210796366,-1.1204045964598035,0
1,0.3301005041058306,0.3531382831316593,-1.1048609421009608,1.2848738298652524,-3.8837298914932257,0
1,-0.8468116882067784,-0.602047121863792,0.6347900588032487,0.703180931745432,1.9124445246588029,1
1,2.410529114913131,3.7979834812782634,0.29616230731727533,-0.21684554504538167,0.07266222114519905,0
1,-0.09337433865580302,-0.5428177602181254,2.226723998623588,1.7453718657966673,3.0056684413427224,1
1,1.2741668625917841,-0.574468373160636,0.18596385284880035,3.3091454891377388,-0.7995702817050343,1
1,-0.15111835727614498,-0.25895290608269805,2.117457676173379,2.377097215017516,-0.600397340439855,0
1,3.122966931783363,1.49366183565756,2.0723168167446433,1.6661728626083199,-0.21408765004842434,0
1,1.6875419905248552,0.03614560791192023,2.328822667098364,2.1582300049374146,1.265525684269106,1
1,0.3389940165479335,1.0374362731382298,0.6359168919796372,0.33700578587539665,-0.5644072526997446,0
1,0.21251246828322834,2.0235245517099854,1.6655829409497878,0.88612602916166,1.1927144586687555,0
1,-0.9931552326701041,2.0821262226468678,-0.5871520066234457,2.327002977614055,-1.8852947214546267,0
1,-0.0931295152425311,0.08108912997561679,0.17352932817791566,1.7295269335834664,-2.534584216443549,0
1,1.7841683944716973,-0.22756692544670143,1.6424723566830168,2.194417581741785,0.5121282036198076,1
1,3.386762047139957,3.7538351826208456,0.38021911319917123,-0.6639570145465308,-0.73271044551656,0
1,1.2905011071637047,-0.9024594943623496,1.042524641566727,0.7611483306423041,0.7764252622555559,1
1,0.02085549469141923,0.7981700610791169,1.445008188627609,2.0024750959465485,-1.0615002570691756,0
1,2.5837062612474693,-0.8545892347391374,0.8540749369109591,-0.2802946853335804,-0.33795945056921295,1
1,2.282391641473641,0.5719081076697368,1.2432090390067425,0.21680515470037243,-0.7169881700650083,0
1,1.0879619030229342,-0.9196646061210394,1.0069501708771142,0.21952588809503037,1.0224877204931246,1
1,0.901334218077229,-1.1138367123329205,1.0404950765353975,2.1548615827909585,0.9908784857169867,1
1,-3.103553055291055,-1.37276278382891,2.151002379805904,4.293029034751793,-2.0080158700946926,0
1,-1.4694809621109162,-1.7748690151782909,-0.7557968813132254,0.7327017239207363,1.4216453127785038,1
1,2.3156116613501956,1.4414789787883304,-0.6127133274307863,-0.4114631415683734,-2.0491670830797077,0
1,-0.693195315145072,0.4996470192875919,0.7441200744822584,2.3000077006093598,-1.6243246736857886,0
1,0.06091765090210399,0.03326011609167301,0.07177984206226096,1.11484242597597,0.10548969231562744,1
1,0.8078494517160917,-2.480022080492536,4.353131858818178,2.4552493308000782,0.008418030358064765,0
1,0.7605133978670628,-1.2201956437736146,0.7285546584476537,0.006766139900979962,1.1330629260344178,1
1,0.35126054937796103,0.433368130037463,1.0560590587895846,-1.6969788561365475,1.2756546762955012,1
1,1.8548892767361091,2.48273914111651,-0.06093609876204775,1.4680384088761014,-2.2579427108110623,0
1,3.0928049852297064,1.2471536756549733,1.3314771887899275,-0.1692396379731198,1.0854109833523795,0
1,0.929120792688013,-1.4360848231263015,2.2176148034390275,1.3879874314885734,-1.549395969274495,0
1,1.3506566411525267,-0.5576374267063546,1.7767449879589723,0.640878565709023,1.485203776677148,1
1,-0.5414930508444986,-0.04002507876810346,0.11440277705829505,0.14759143508259787,0.8444863026900528,1
1,0.9319026606630573,-2.312395370472418,0.9487510672892986,1.118056656971657,1.6560240710628102,1
1,0.10657036366702966,1.9812615172624557,-0.18495543755613175,1.4791078288726704,-1.8701849371693533,0
1,0.3255352926130367,-0.1608477031728519,0.5405329750177859,0.8174934962085167,-2.0934681731927887,0
1,0.906260657245813,1.7807564167860317,3.1218379419820033,3.872660340635459,1.684280808904798,1
1,1.7403316859510316,0.6972980209321247,1.7990313071685675,0.5212450150622435,-0.3231905875315252,0
1,1.9507902954116287,-1.0839215746746085,1.007756840129011,0.19161733846962392,0.39386125969151575,1
1,0.5602066527401415,1.955770902959526,0.20263238282620677,0.09347556415465241,-0.07387088388462437,0
1,-0.08106271170105206,1.2337903913958113,1.79716099157315,0.6469308767691235,0.4363813036102382,0
1,1.5270689473704935,-0.8785335986998153,-0.008321694170967175,-2.8499463731599937,-0.07656830884302357,1
1,3.8069929378432006,2.494381527793712,-0.400576901624647,-1.8078011689819737,-1.6518893649166138,0
1,2.1571611430485067,-1.0302738095882384,1.300563467497297,1.7927161409738712,0.30545756940824,1
1,-0.8124866498489711,-0.4674708451810792,0.6017040826130262,-0.25905085970451136,1.9371111056618928,1
1,2.8293528807170754,0.5228002729050991,1.9109236592292334,-1.25789059657488,0.9934277023475087,0
1,4.722413828010371,1.583735586469758,1.469650472926044,-1.0268662866489584,-0.1842891384151083,0
1,5.29929490290465,3.958000060717971,1.1182014902666104,0.38720608250326116,-0.39820708854766707,0
1,0.22766103198221344,-0.6399460816200537,1.7709286802702886,1.0989345791246925,2.3303360790284184,1
1,0.9393581557683048,-0.40186212929785115,1.5167281938175377,2.516229828465049,1.1203065539870278,1
1,3.9221766111271994,-1.1381276484057103,1.2826008017242163,2.382465526436336,-1.2327980132496426,1
1,-0.47040753964719806,0.7616448809445237,-0.11164196347782185,0.7535666742280921,-1.3432777236926334,0
1,0.4620502411183667,-1.9550304338397373,-1.1996527575371028,0.3300459059245543,-0.5779627998899668,1
1,0.6744037908264879,0.6549056747795043,0.9857682233747894,0.7556546980632944,-0.8304178715969814,0
1,-1.9738414074903723,0.44546831120823493,0.28902013690644657,3.3949939119732737,-2.2151982091048454,0
1,0.32468210287040344,2.5695357004939483,-2.4594567192543146,2.12600347668375,-4.674803640308777,0
1,-0.9808956857486748,2.556266986791199,-0.5433524169338264,2.220427305766396,-1.537542360506341,0
1,-0.3942375046510491,-1.1258093564284692,-0.17255307801941577,1.573143379135455,0.728302207583293,1
1,-1.2957133569639332,1.3008477796562556,0.6478575832080217,0.10234138073076149,1.4246065019740108,1
1,-0.3779866774460896,-4.749614970693432,-1.9131295431005242,-5.606804725380663,1.7127457714144996,1
1,0.726322726165286,-2.1755606177556244,-0.6747083529274718,-0.5669118069282921,0.10389900347403924,1
1,-0.16371445578499944,-0.5389412332147274,2.0865847654724377,1.767126895732246,-0.8937249843072231,0
1,2.3748178118480645,1.9288261384118435,0.5388713167899372,0.28823178477329214,-1.583314401262254,0
1,-0.4485804425333664,1.2545465142948355,1.6211137176021926,1.2443437652373044,1.7238460460444784,1
1,0.7294139399888524,1.3121582632695432,-0.3880245882481963,1.7231385473534881,-3.2775511649831617,0
1,0.8658932364486133,3.0074571825307426,-1.347360484483057,1.880678388912472,-2.9460617849797766,0
1,0.8646974553580833,-2.0043665613206203,0.3899896010879257,1.8895269401748058,0.7750713915839542,1
1,0.7775139727880341,-0.11841610604864639,-0.714612069298558,1.1929195218878617,-4.060286610926979,0
1,1.5914979605919837,-1.4929798449729956,0.17539421856592463,-0.017233301396610168,-0.06668596890383194,1
1,0.8570873520352704,-0.341129959587416,1.3512497930698357,3.2594011997155685,0.8081572058473819,1
1,2.7062523486038175,4.573976832657545,-0.2911760149157261,0.2819945783986434,-0.20080209476687438,0
1,-2.02979864147659,-2.363784353578709,4.149635442962454,2.5074599122240437,1.7314903331386615,0
1,0.08430265615316379,-1.9260440361657691,0.5118640526920359,0.998333110530417,1.6725974308468694,1
1,-1.6085077892397601,-1.7825937840612376,2.7348201796094562,3.0706880848437965,0.030164880598905652,0
1,-0.9157948178623454,1.3903865349976172,-0.772434978954259,2.442044193594579,-3.2670889455167442,0
1,0.9673924455379601,1.2710420865427512,1.8091647248832365,-0.07024652270395326,0.9733049039512738,1
1,2.41338559410487,-0.32301829233050716,1.4910581751492944,2.6632418636388673,-0.19082445004013127,1
1,1.3717087906361354,1.4802738269638414,1.0877004939470214,1.7137575372664977,-0.8856982428884693,0
1,-0.8812332582751194,0.401063852831234,1.1119194226604252,2.6658933342168094,-1.7260006705612265,0
1,0.728812047796182,-0.208617478822141,1.4612391199552381,1.2149079026807648,1.3117311161919862,1
1,-0.8396092981759349,-1.6681723214723059,0.4035822373796851,-0.03260063922178191,2.347182217111378,1
1,1.4436268657367939,0.7350735470245632,-0.17759692250284398,0.5586458187221994,-2.266484859781759,0
1,1.2891557282548687,1.4198611849903886,-0.14582668123436315,-0.14053904820081442,-1.6103475943787662,0
1,1.256662869482152,-0.17846740201247835,1.4525236331623952,0.7913223023983921,-0.3565043094626864,0
1,-1.228036127778875,-0.8872441428893774,0.18475419075517086,0.15817444362189736,1.9402508967266252,1
1,1.9801487733495862,0.06248745201345296,1.5530033948607316,1.8546379641660886,-2.582425756129107,0
1,0.12583642824288122,-0.8895032484275615,0.45081448931385704,2.34606860659357,0.8056011775646816,1
1,3.0679470059016336,-0.0714407100749519,1.7875940940551582,-1.1896714130629804,-0.8844017367538515,0
1,-1.0708599286671632,-0.15162416261741918,0.43217458284532384,-0.07856135634123951,1.7800341073513972,1
1,-1.8065769821877202,0.5812738111107179,0.5151181614047383,2.4143147227057966,-1.6011634801169612,0
1,1.1195064187466692,1.8314676959779275,1.4378907577972682,1.2116587076220022,-1.0551532574078486,0
1,-0.25967990541211905,-0.5425698201292188,1.0298451809879734,3.662861615900919,1.4261173211689633,1
1,2.1629915517680542,1.2755339402146595,1.3102632535102452,1.0350674003988427,-1.2033176606221228,0
1,-0.49967089790266006,4.947048026099376,-1.1432177771454426,1.731217234691977,-0.9964529355803047,0
1,1.5816020692769115,-0.5558945476762585,0.6201625082166795,1.0818739852926027,-0.17899697605044484,1
1,2.7598400315877045,-0.17195790191402882,2.432881303426944,0.24477721899370009,0.909180738861993,1
1,1.039261309942629,0.3877824840344424,0.1664715120720317,-0.45999372377093706,-1.5298050696230163,0
1,1.4789979731509355,0.760123485226694,2.775113009935411,3.2257126403604044,1.4337800898441193,1
1,-1.9955861515423292,1.3030148532617538,0.5193436409764001,2.1451530993444745,1.5239372742287363,1
1,-0.948604066108039,-0.9081585279862425,2.9656605500464712,2.5839660476014537,-0.3225332266818479,0
1,1.3404001488016561,-2.136077139222267,-0.7911643445020906,0.5308345379320873,-0.7428866229302207,1
1,1.9045008160915753,-0.8808921576203822,1.658313684039713,3.268783214508109,0.6173078487634535,1
1,1.5200999748512247,-0.24248772490549153,1.1368793453563109,1.3290870712865515,-2.305408234203193,0
1,-1.644727643216644,-2.51166781172699,2.9219504327649255,2.042680322021096,-1.3220744044165802,0
1,-0.3014991166774905,-1.9305950689342695,-1.344438797282351,-3.887681305864149,0.5606109671479521,1
1,-1.4758566417961951,-2.6123756227985835,-2.1733261026066275,-1.5710231100948469,0.5061243530022921,1
1,-0.9672879397626588,-1.3121459693985305,2.3884554517767214,2.052601837708367,-0.8337049497406352,0
1,0.19918165768745444,0.34518635732413583,2.173829740225392,2.755085515796452,2.063421855035643,1
1,1.306748045148005,0.33605638328666465,2.228310955912019,-0.08091892612017215,0.4781638674985471,0
1,-0.28858463342165686,0.7131505788945691,1.5966184151408065,3.014893203191219,1.5702203299852,1
1,-2.027725849747183,-2.452484146301455,3.973442283009188,3.3613866905840104,0.7006405996996128,0
1,0.5965604101528686,-1.1945294160393836,0.24601548751090818,1.1362161623378828,0.5271183184873727,1
1,2.0140666746142566,-3.1456554916611865,-0.16255219104629814,-1.3219072454501366,0.28489693723885134,1
1,2.8714389449916284,-0.31833715080702585,-0.17960703256015242,-1.3095683780703191,-2.4332991908537727,0
1,-1.0715255543661693,1.0274350572373085,1.19736905250711,2.837283109157454,-0.3996925265724518,0
1,3.1376904413507947,3.116448159999929,0.41611168658667264,-0.2053447770000736,-0.42636974352168655,0
1,0.9055601059194075,-0.0027271874947187857,3.075710117439079,1.5095405668178175,1.441470970315831,0
1,0.6630570338953755,-2.647618355118875,-1.3747499289023493,-2.9478989295591864,-0.05385219810757591,1
1,1.3648506409604693,-0.3727649771199735,1.6832758413662234,1.2490260134879165,1.156729521470758,1
1,1.2376402786832001,3.113290484655945,0.2568709149398166,2.172341749046973,-1.795952975455494,0
1,2.9429126422363474,1.7637731206906095,1.3122945411578544,-0.2929956333172703,0.4312561160897965,0
1,-0.5638731202798812,0.23047998490218058,1.7673079944641659,2.147987746892235,-0.24432243095423156,0
1,1.070340494512396,-0.6429914783268018,-0.4751365878491427,-1.7070598714504013,-0.572944545712333,1
1,3.383628812414717,-0.5613285403595472,2.2029207728115425,2.9577920151451025,-0.10048887990947164,1
1,0.7872653159388336,-0.0019266569450657745,2.2913174755169727,0.7333077193093924,0.7535291306049834,0
1,2.5352966913045942,1.116186163777922,0.4621201247869321,-0.4663217641784634,-1.071503787327029,0
1,1.9771853708936584,-2.3621933480265245,1.4192857269466344,0.09635083603525318,1.5406854274788022,1
1,-2.1446068339440685,-1.6577783653964735,0.6184668574729268,3.3047515266350413,-3.278444851212668,0
1,2.420584798995346,1.3782606391898824,-0.3709613135006895,-0.5913888831373533,-2.382032457833114,0
1,3.1478447597696007,1.4549921790114944,2.270978256426504,-0.7097612986968458,0.7250185060789087,0
1,1.7018471179730321,-1.830047963441798,1.2750313295039732,-0.29207873534022455,1.3836708193058092,1
1,4.852815767906467,2.595597997998329,2.5793733199242075,-0.5199919441123886,1.33337650910424,0
1,1.1091533546697705,-0.6623233649544895,-1.03519347915329,-0.03826809806638365,-4.560044705056433,0
1,1.388551521214909,0.30919689252474925,0.3164809311425426,0.8617249478445187,-3.5365047192536676,0
1,-0.007702525828003681,-0.37690890303034075,1.5107580966247998,-0.7345665856405199,2.380512803862974,1
1,-0.7005081464852407,1.2359987956484086,1.4233111377219736,2.6337142942812624,0.20249523812882808,0
1,0.06437802914814705,1.565808294799134,1.9541118790569065,2.6914792757370885,0.4485014415139503,0
1,-3.026860294121291,-1.7972882260729666,3.9050245455612167,3.712776534272331,0.48832260923568627,0
1,1.687286599500325,0.33825824400818316,2.803940834169613,0.27563928481893274,1.8107808645067331,0
1,0.24577699178158585,-0.8955917643067929,-0.18444833408016503,-1.3231603109104118,0.5348953419390788,1
1,1.9056491354003293,-1.6854192266206127,-0.45994455917859955,-0.09588546840696965,-0.938240530296176,1
1,0.8610579235936675,-0.4803652862561827,0.9468183999490982,3.195001398209376,0.4271841535196337,1
1,-0.9228158557453654,0.10615654976373268,0.19968985912066095,2.418669031658653,-3.1910337334329797,0
1,0.7750063209721918,0.6161348959609017,2.984260833410657,4.088001800824795,2.2005293518644526,1
1,2.0775461389827274,0.2512854637552351,1.3547694678557478,-0.0386336192482466,-0.2871157693365063,0
1,-0.0811675620402399,-0.9771025619423073,1.5618500973186817,1.362463179850005,2.4809156200739295,1
1,2.6607441724970027,-0.8766434861949413,1.163357857875813,-0.5454665980111506,-1.9805195180821338,0
1,-1.1893295582165693,0.6934532466468075,-0.5126469813939307,2.233714445632948,-2.4779618837943245,0
1,-0.8737513324561981,-1.621562445758864,2.827557439116948,1.3489207760733763,0.25020219053898574,0
1,2.7171785031380575,0.2836162104192219,2.8262201285343815,1.2300188377758887,1.030869856522323,1
1,0.9880786419626045,1.7822263529762756,0.9010434552098245,1.2883920403884286,-0.7106234892855687,0
1,-0.004652438688965699,-0.09485181806623422,-0.7096837526835116,-2.1341472753397017,-0.15938948624562288,1
1,-1.4303459490511452,-0.9374696558657053,-1.5996745179325105,-0.396196435856756,0.11703143200580535,1
1,-1.375789554016034,0.33701522532424244,-0.9628521051369567,2.6703303651184602,-4.75834229608699,0
1,1.702439398730153,-1.6188038327077945,1.9360727703905174,0.2388227877054907,1.9825023645512307,1
1,2.078186569531063,3.0366268820294544,0.43705464467745747,-1.5459447342979242,0.7315950379948493,0
1,1.9505484708723717,-2.4628971787792766,1.603546743694043,-0.860461796286732,1.9785551181026277,1
1,1.838705261308164,-2.283304651965153,0.8069678804063847,1.84074779624971,0.5970281741493572,1
1,2.5019419957092714,-2.6502318062967234,2.1168569682478857,1.674853386893751,1.859781312258826,1
1,2.9127783907784606,1.3052650766295018,1.1092345491313615,0.19063372685401747,-1.6343341827221516,0
1,1.8713343911633238,-1.3901662311327248,4.249760629834174,-0.9072385317832987,2.7897740047134034,0
1,2.066942877813893,2.8119185701361613,0.879108522304943,1.3435778321232208,-0.25722604116506276,0
1,-0.45575023022169825,-2.430306591264311,-0.4140908601733375,0.18148802390383878,1.4095924309987602,1
1,-0.5047607724271019,1.4674029671452165,1.5842122692755645,1.8746618424068704,-0.12939819618446313,0
1,-0.16628917350684103,-1.5612675391042559,3.198963916174821,1.170793062669117,1.0016917117511022,0
1,1.9873124979719121,2.4011936480998917,-0.25323120083544204,1.5615904319325407,-2.8560224660058022,0
1,1.157069053353159,-1.2564961674598831,2.5343215700514987,1.416739946423245,2.7609146148440953,1
1,1.9538230035629338,-0.9335196666944051,2.4486620562478643,3.4250851842913836,1.5204414054059832,1
1,1.3845806642128369,-2.064454237951928,0.4716220438776554,-0.13770839863005113,0.785359591376491,1
1,2.3623352740582284,2.7443172181225366,-0.009131536715665467,0.41310715122325314,-1.199702646999158,0
1,-0.5525460420605068,1.0730028990192457,1.0550856208533161,3.4805725479651053,-1.2654706024442484,0
1,2.007981299320985,2.317272334779399,1.022501226672164,-1.0732246908701404,1.084395132972256,0
1,0.11893377984994047,-0.7748499385769361,1.966683256319769,0.8412667542052563,-0.6092212081000739,0
1,0.7647336489557154,-1.9108763912845972,3.2930515637084454,0.907534024100051,0.6755774182541483,0
1,1.7318309017249036,-3.4821220862479643,-0.9195649096426746,-2.611554458808456,-0.009351079746673152,1
1,0.1076971126808225,-0.7096610774715448,1.6399260360826236,2.3225688436002656,-1.8982723761284954,0
1,1.8647465923554782,-2.792465654830555,0.7861303645111019,0.15873113062609367,1.1164980350355567,1
1,-0.5069511439858732,1.9594482332489824,-0.3777975565341849,1.829590143400746,-2.421357391777533,0
1,0.20082469248304424,-2.0490569660382927,-0.2213222540912565,-1.4219067530858487,1.1241026217258578,1
1,1.68578075652111,0.51354450854624,2.2864845433774015,2.372914845673246,0.9617030108399063,1
1,-0.43004460441716574,-0.004417028470979467,2.1836616623901626,1.538736544297453,2.979249965376158,1
1,0.43041820656353824,-0.9829144310988025,1.658014308249065,2.147200844037391,2.0866531099335806,1
1,1.7982935639219009,0.35959549766519894,0.02902809392081329,0.8954253973103747,-2.7168581896148973,0
1,0.1852013264305955,0.5561157603241995,1.2251165235541481,1.7942777900152278,0.9781133466244385,1
1,-0.5531702325011914,-0.38203466817711296,0.8252916466270697,-0.4845438332245642,1.9962965033082996,1
1,-0.6811871571963177,-0.7854722430683649,-1.409099080761048,-1.1143806556650642,-0.24370861010929978,1
1,-1.3523325327457174,-2.3008714453357806,3.7147236581411205,2.3282114219143866,-0.006429705433823929,0
1,1.2647647799226998,-1.8885818869811213,1.0378895266215336,0.8063411015344597,1.3273741762091245,1
1,2.0251013333405545,3.8423730748801486,-1.1256052706223816,-1.1318214367674386,-0.14691320182691214,0
1,-0.5748144406275817,2.5470927809112602,0.25004414506335726,1.9059502155310462,-0.6772144100667972,0
1,2.131980271283889,-0.9415501028522879,1.2428628259087902,2.0726800008577575,0.16182298454992083,1
1,0.7851741041732978,-0.4779743159482164,-0.2409564433657534,-1.3563688329030978,-0.21803121214027676,1
1,2.904087208279318,1.6686518221065278,0.42658944179754166,0.034673281630802744,-1.1667925897908482,0
1,2.334266700761152,1.061877419039476,3.5869668242364354,3.1635532247920475,1.5283300281534142,1
1,-0.22585343103243227,-1.5223855543543199,0.5833859078391231,1.1375190405524753,1.787965614392042,1
1,-1.2953193703297714,0.9565545343421924,-0.7600490441028036,3.519084253057756,-4.48526600594009,0
1,1.4717596101304173,-0.8611414782980291,1.8678656480721874,1.5690840832554305,1.4619284671275694,1
1,1.0966915991116826,2.7821859436432157,0.40261296888852605,1.2961356425546298,-0.7483171261154438,0
1,1.8180118108081782,0.694477030156539,0.8821432471524674,-1.0697465177476846,-0.23487330923696847,0
1,-0.733691716829121,-1.0500599480212685,0.29985608667171026,0.6566178468146613,1.6591224295642988,1
1,1.7940841503678469,1.2447917269211997,2.12898089397437,0.8132758173963789,0.29779824552850465,0
1,-1.2208622383738827,0.04664279836614049,0.03649759019120935,2.60483180451913,-3.411157421044277,0
1,1.080538733170538,0.00201297067850037,1.3854322525461478,3.983411116677654,0.3920726392513709,1
1,2.2175679716375623,-2.7761071018537375,0.3859127128028643,1.0075414919273353,0.19336591153140725,1
1,2.893157392101317,0.363670533787684,2.7517216904214052,1.7365405260070284,0.7066245222459587,1
1,0.97175754377648,-0.4746789097940879,1.9829336563369295,3.4776060828054396,1.5096363807739326,1
1,0.6772901774499167,-0.1195881694201767,0.17613034651625936,1.2278377950202002,-0.21201220142970634,1
1,1.5146313841853742,-0.3275454237985904,3.311057515438144,1.2704315105897233,2.9369722608415323,1
1,0.2535024715875889,0.14792473188790156,-0.040647056121655645,-0.08096690179138544,-0.02637820605595409,1
1,0.8161462183850522,-0.5855120133022429,2.6381068659723783,0.3203508890198006,0.1713772920714951,0
1,1.6052567202985772,1.4103663034650862,0.4561281747139675,-0.028498506006752633,-0.32478563759244383,0
1,0.6969621724387579,-0.35032804793083283,1.0718577635040851,1.3083515009910096,-2.307856240539741,0
1,1.0202558374478015,1.9027979773546746,0.9606319600647621,1.9433931087226222,-1.2972230492170076,0
1,3.323023918634136,-0.2848926737263855,2.895046246585455,1.1469542856362631,0.007078066128194838,0
1,0.2478298632541447,1.3122592722330952,-0.3739857715200907,2.838789093935258,-3.6027616177846893,0
1,4.61666818949179,-0.2139959912736733,1.7744086366395178,-3.2121682910294034,1.0983492990417973,0
1,3.1249188077546743,2.5775728288438455,1.0203661954371506,-0.11920684837877316,-0.29948699816490676,0
1,0.41872338783998997,-0.454862892147319,2.1254707809089775,3.7555331235015528,2.0957005741241392,1
1,-1.5012569202135597,0.3823782030702192,-1.4797874309232597,1.626281203375651,-3.510635423861751,0
1,0.5618603941152256,-0.09072365302264451,2.53375694544669,3.3032621321979,2.3398191493539047,1
1,0.792082393019534,-2.1391487017549493,3.0799806134738668,1.2880004473433122,-1.053386756311246,0
1,1.0936625951808057,-1.0401161039987876,1.826781330460987,1.6953231591498439,1.8161931806488179,1
1,2.1372146352977497,-2.5190998901135346,0.23473266441016127,1.167434167800478,-0.10939701481262265,1
1,-1.3632126166626906,-1.3561816670872209,2.1404372416034128,1.7183481732269241,-0.8819193169448537,0
1,1.4653850953950631,3.395087835618294,-1.4919760923384446,1.4549210487816853,-2.5374762204079437,0
1,1.031911027060005,-1.882787631394216,-0.7865845581826543,-1.818465924711,-0.25936784729704354,1
1,2.266110683373573,-0.0045603451373401604,4.719189531776811,1.2599285107204428,2.673887736806197,0
1,2.4543399398953603,-0.8498480300918215,1.3184003874243375,1.357190937278039,0.029038654840790823,1
1,1.1603507946174643,-0.6788063999264888,1.0726670243909837,2.8428674321507375,0.495573779361685,1
1,1.960347705078704,1.8744049988781293,0.021761319034260485,-0.36078147339599376,-1.2042132712976177,0
1,1.4025316679976776,-0.38735243170708533,0.033514722300920896,-0.6567122626283814,-0.5279702926825456,1
1,2.5237114079796426,-0.3089046047529572,2.604470836491132,3.392743072779124,0.8979312068330182,1
1,0.36647667372385984,0.8051305053692877,2.0967840272270264,2.382968376673257,1.6666694715660286,1
1,-0.40788839299752033,0.1126370689542151,1.053430478711546,1.6273168921961731,1.5332338161196453,1
1,-0.1069813275898639,-1.0901446960125174,0.6153211714212996,0.5031441636845408,1.60963449200072,1
1,0.8887849658220043,-2.273796903219225,-1.4580769118331238,-2.983718292844596,-0.5323142583168619,1
1,-1.1023950208588236,1.6731948763093758,0.6162385690855346,4.903559252003048,0.2359029800060728,1
1,-0.6919566757424358,2.3509473917122348,-1.0317013364601668,1.7552247927562261,-2.5724840724514744,0
1,0.41397030142344504,-0.7898636262794352,-0.17261093404496064,-0.901652745525273,0.280092818031484,1
1,0.32430880145014285,-0.11885688990380627,1.0117772087327184,-0.20232486465971378,-0.9597941476640031,0
1,-0.8518347786349791,2.8970637910206847,-1.2196965037744971,1.635496923659182,-1.6924219016554731,0
1,1.514857601047107,0.7661553491502548,0.9440577063835258,0.7309563052077133,-0.9838266301838255,0
1,2.9346560487991793,1.9082593736150413,-0.2887369794838137,-1.1097236351848765,-0.9896959105414446,0
1,-0.139695868410743,-0.6312653140716894,0.07990865335401676,-0.04772465354955835,0.8253004382273113,1
1,2.30403373238382,0.32259406814819347,1.401325360434091,0.4014540387651261,-1.7525730935287203,0
1,-0.1165105322297213,-2.42697690759008,-0.4595228771556552,-0.4757655481727039,1.165197892666808,1
1,0.24611927494292585,1.3293089142087462,2.8191106861287745,3.339590304804018,2.2034016110100936,1
1,0.8014720863431901,-1.050632711613928,1.064049046484135,-0.12439629565985855,1.4402468260196208,1
1,2.474920284741271,-1.7335734940579954,-0.21280937882815243,-0.1858120583058782,-1.0803614728687791,1
1,1.5649389095175106,-2.8531727391134174,-0.45417622592081885,-0.6233579734888031,0.02671590342980723,1
1,-0.10974451870774438,1.3905787290713134,0.7635760123021972,1.0529326473799239,-0.01801286584856643,0
1,1.0594856665464893,-0.5834479948150177,1.4457026176781314,0.8982100508568311,1.2913814512482746,1
1,0.5389884256189594,-0.045558952041913514,1.9032940020558178,1.337758701615397,-0.6415025221970272,0
1,0.6659911206562437,-0.2163361144613125,2.550951648372039,3.202711283876016,2.3453466332985737,1
1,0.8802329065671035,-0.48207591241352055,1.9546992181493132,1.3262943002749252,1.9142212387191666,1
1,5.2347962905698,-0.08787544639369149,2.436358016515646,-1.4590697125139895,-0.2177750191124802,0
1,2.075434229693391,1.2008629766319396,2.0290371186671,-0.21398857067919352,1.2053019662030522,0
1,-2.0593629298791156,-1.8181032405064603,-1.5497991039500123,-2.8041569410098672,1.5482588373219892,1
1,2.907586785757651,-0.0006523074150808217,3.442813742428852,-1.3253683438924306,2.128887536960169,0
1,-0.7424462408359505,-2.5711402180166005,-1.972372811505878,-2.2136709703729345,0.26254250270311164,1
1,1.0496777642508905,-1.9598534291088514,0.6893087428814163,-0.9335512927858782,1.4076706397269958,1
1,2.018871447170012,-0.4926343543764543,1.304317114449163,0.9949030731576844,0.24348972548848613,1
1,-0.5267008647414537,-0.5454133962055933,0.23979083812949853,1.18222828286715,1.0934411649081464,1
1,0.7897234094188185,0.4577003955063189,0.8711479957766604,1.4364143165664287,-1.6744552851515166,0
1,2.6258475558958345,-1.4209572587827644,2.6327117025207043,1.5795975372376045,1.718465644608366,1
1,2.840048196078702,1.5986835082745325,1.770580585149087,-0.5356080960370995,1.076429662276778,0
1,-0.04236034886833173,-0.5904912184216392,1.2121488859856606,1.9348575669490933,1.7369438819912895,1
1,3.4498752299562523,-0.2750067251216546,3.5119258099393047,-0.4494290746977412,1.8728506223027632,0
1,0.7058424763607523,0.5600627349174607,1.8097872652036764,1.1715040269951802,0.49841244829041864,0
1,0.5315085868125842,-1.55113383599711,1.728756381830896,0.1277588395366308,2.6765276489312253,1
1,-2.9037558359182043,1.1905838519992826,-0.5091398559194964,3.141818541931275,-1.6496672962140866,0
1,0.801987120799518,1.5136569072104284,1.5869447929133056,1.599028700641008,0.6927776830892782,0
1,0.16929941534840742,1.2841837651852053,-0.04725451231096667,-1.4181292944575534,-0.20054227914901435,0
1,1.1316791488103353,-2.210929245251493,3.3968176590317243,0.6757595897246742,0.6002934195156975,0
1,-0.5683584203577963,-0.29505338469706466,0.2901339503727809,0.24083061150292195,-1.3366479873608001,0
1,-0.015209872456479534,0.10664774224638984,2.0178924551134303,1.8869494057831706,2.352352041864605,1
1,2.1523036687837873,-0.6743546828626734,2.6049912748802577,3.231450506493468,1.411889611800345,1
1,1.9947884966745404,1.4049352188123025,1.599056540781803,0.8198108933342731,-0.8778370180483412,0
1,1.2668901712225713,-1.0090531348318335,0.3822527922058129,-0.5029989386824982,0.3041895273795744,1
1,3.0983395968755563,-2.13693145747043,0.4419091624229041,1.993761200697247,-0.9647798094901479,1
1,0.6994003102750994,-2.218155977627821,2.003763086103758,0.05126426233271131,-1.4888360818016602,0
1,-0.7161878626263596,-1.856043195531313,3.6786443432050198,2.8118328880784693,-0.5251474171156242,0
1,1.129404077290342,0.48034567169908726,1.6040513523257098,1.757448935876409,0.714759670915165,1
1,2.418684968943598,0.01383402969763825,2.382304639917115,3.42720186871408,0.5735619964463108,1
1,0.18863843484285792,-0.5111473449380444,1.242917062471022,-0.21191185001291135,-0.8812336890166664,0
1,3.6750998343408487,1.3188562104911707,2.854663419367405,-0.3410505896193261,1.6281651139457467,0
1,2.6668790059782967,1.0085038037762597,1.3270638474729317,1.141850016800991,-0.8616324638505591,0
1,-0.6056212486182799,-0.12002621211515385,0.303185867267448,0.8488222026516692,-1.974707930695398,0
1,-0.3853940682578223,0.933463191581874,1.20179506297945,1.459870433637288,-0.1746649741964601,0
1,3.7386290237325395,1.403456560516895,0.7129886052134947,-0.12211654484711598,-2.3831626995126447,0
1,1.6251307947461515,-2.058221616065202,0.7145322434110889,2.3688232976019643,0.47733799686544176,1
1,-2.1770491836807486,-4.02445641211011,4.132918292520969,4.41306468423698,-0.825671645213404,0
1,-0.09759290945128951,0.0108762515416998,1.48241467482226,-0.2591017375115181,0.4798101660640999,0
1,1.5770521728860825,-1.9701165620336658,1.0517202587153824,0.6576207205121268,1.1562939823038954,1
1,-2.207677365006114,0.0361656339157963,-0.05948832938070492,0.4171688954242533,1.9338568248993182,1
1,2.6020836625247576,0.5829514652467745,1.4442213494685818,-0.3237493947692667,-1.0983686927373815,0
1,4.026548348510277,3.004947179016664,-0.22013997303312816,-0.6373634072872649,-0.9741001314007349,0
1,2.4844145351782654,0.2728194924616385,0.14176923330099833,-0.23529487723318465,-2.3665209060615564,0
1,2.5753888710742308,-1.3005781059023829,1.4989129387553208,-1.8864086806228908,0.9076881953770426,1
1,1.7591252386162801,0.044491232528141245,0.8057733840539196,0.42072861134990414,-0.29435810216146097,1
1,1.6977867588100435,-0.8179360210405482,3.320838795172981,0.890483707572573,0.4773824613128548,0
1,4.139242847577435,4.2375613098038585,-2.2164899770402178,-1.7267215274216747,-2.0746371714949423,0
1,3.4760527089760838,2.3679758547247234,0.24724474053071843,-0.0076223150770688974,-2.205072110013976,0
1,1.2302303519502358,-0.6616017900050768,2.0069178107067476,2.4679346798269712,1.5910358437432324,1
1,-0.21865950384764865,-1.2126429918524613,0.7796563027066106,1.5178523492360054,-2.3462653034216396,0
1,1.7016107583618194,0.5343436725162168,1.5689238078337415,-0.15506011783303353,-1.3893565218105879,0
1,1.083234708653959,1.7577699470626118,1.3662470960207826,1.0537190521461275,-0.09034015248242533,0
1,-0.2902597889816385,2.783859474813968,0.11835407370495732,2.5083201751390645,-0.6373116524041292,0
1,0.025503904427848556,-0.9948152322046868,3.574627042268564,2.206396626024885,0.23442697475508734,0
1,0.9833265122528481,-1.818200483781097,1.2365473968402776,0.24376120068620855,1.854604893201748,1
1,0.7021153818617945,-2.685509619167889,-0.026309592896095024,1.4743074349065513,0.8461717631366651,1
1,-0.8743341111347769,-1.0502491058856442,2.8458050985155126,2.8681336585157142,-0.4987649424192968,0
1,1.6400571065526917,2.154427832808751,-0.3734754689063069,1.2939268443971863,-3.1422635197744717,0
1,2.290799643148943,-1.6709479211964942,0.982546475002127,0.0905264595063211,0.3972064185972729,1
1,1.4910098324700547,-1.173709063228027,0.15662608096854258,2.3433613748681745,-0.5361987810134838,1
1,-2.1808372731478056,-1.691242168679043,2.094865787647448,3.958209883657922,-2.0798926198513783,0
1,0.5108061462183455,-1.6445194320157601,-0.437007976457771,-0.7561177943967552,0.32578308649290366,1
1,0.11801161957654449,0.3842906583207476,0.6599470193918952,1.8645509342866093,-2.0486361922794507,0
1,2.8387800728465784,-2.294766660519251,3.0687839631634573,1.8197103522047908,2.4731086843823507,1
1,1.2861427581265366,3.9895775097874857,-0.9156582834308407,-0.578226591556867,-0.4160136052017558,0
1,2.4445299393891937,-3.1897638183256816,1.5207494507226915,2.791113824195387,1.2880038327521508,1
1,-0.7121684308554976,-1.1341020120575234,1.996402200558689,1.9451114959455549,-1.4619058600431822,0
1,-2.759884894322461,-1.3319779938336471,1.4851896706166967,2.2187571711237126,-1.1800376575347697,0
1,3.076459845875327,0.8579377297928903,2.547168406184044,3.8550686127164386,-0.32275276474989645,1
1,2.8705429176252197,-2.5316999299933585,0.4942489121660334,3.5535256526523233,-0.7715980105651186,1
1,1.0764808049576662,-0.5111476036030038,0.9895426016779496,1.7478074287797782,0.5503258481004605,1
1,0.0906091793020043,1.065323123546396,1.1530016621847008,0.8736678199099188,0.8630999859401135,1
1,1.8367482728930624,2.6728221775478933,0.20724902002708567,-0.7805921875153554,-0.28938969646999246,0
1,4.157830106201068,-0.8712932110080795,1.5476699012236623,1.4770890504628305,-1.104402220200841,1
1,0.7347274250962925,-2.4141466240263947,-0.13982112443737216,1.2572728821753865,0.5689487121723463,1
1,-0.40999393761083547,1.38251043425324,1.0220675794772864,1.558982453423728,-0.01399304447369476,0
1,-1.119150448918377,1.4774556145928803,1.1828164656017601,2.5905100299640758,-0.7642566778338308,0
1,0.8173601061532947,1.860991635023522,-0.05218576334821412,1.5201257998007494,-2.272887846760854,0
1,-0.5780459860854319,0.6560831853689062,1.476219750064164,1.71460424923316,-0.1449072792407312,0
1,0.9202965304590542,5.5564764493371515,-1.190998258334469,1.1052112957125788,-0.4830170423841874,0
1,-4.647570210615736,0.7972251789606766,-0.23857723605639491,4.494286569526176,-2.3381088114085964,0
1,0.8306990195043751,-0.16432162681905194,1.0129854307150636,2.1172193062668745,0.5196016473782359,1
1,1.0449266746310715,0.34317855481898873,0.8204382037854909,0.7887976427195962,-1.639499078840887,0
1,1.9731062231388121,0.35889250250720406,1.8729789862083965,0.9130617576732458,-1.4169647091168462,0
1,1.7812667676650635,2.5052546748630906,-0.5467459577983849,-0.9105070229925027,-1.4100099790023775,0
1,1.5560027130591823,3.2476793630333547,0.3529533210638409,0.6157343003656808,0.2792387916972503,0
1,1.8925554537024603,0.4711139751572567,1.7026676548941775,-0.7864595760652837,0.993565442005947,0
1,-1.7227718903441231,-1.8784910251309335,-1.404584027801492,-0.6617903897573552,1.1139252774533726,1
1,1.350790235317497,-1.1648546611217334,2.311895090421438,0.4792722468576117,-0.5769694598603398,0
1,0.42880682338700804,2.485440019215047,1.8097161609671322,1.0174164836623114,0.604334619025011,1
1,-0.8500614513368943,-1.0846044448476042,3.388085394573673,2.1454282421022812,0.5819476809533972,0
1,1.0283051362319917,-0.23625305586429657,1.98150496623147,3.208049806609663,1.4006776263375995,1
1,-0.4131547341753281,-2.0332602756876983,1.17039221591491,2.91062431399049,-4.303870396418793,0
1,0.02959011392779476,-1.3627290371751577,1.5925696326008894,5.047133473205287,2.0423060505614794,1
1,0.571712472753926,-1.084795825489637,0.08616542306938757,0.15096841785005355,0.42975297178201355,1
1,-1.0132526979039507,1.577693861939606,1.6940819192384793,2.987294306178023,-0.5627745078828148,0
1,3.3276812570721317,-0.5893295797361213,2.470992343735076,2.465705895429175,0.37715206906826915,1
1,1.2072155322512224,-0.9439654022900285,1.232529390734097,-0.6230826359039925,1.3517730534665757,1
1,0.17396221565253656,3.6326909944843253,-2.2750218850233246,2.5089433517376856,-4.076942686894064,0
1,0.08894847410566276,0.7484401739974489,1.4712848191999748,1.1416259206611878,1.3813194604982526,1
1,2.45923348522538,2.021062804558712,1.8758014232159639,1.8329122734516186,0.31720330365238225,0
1,2.3718866116304334,1.3168837586306945,2.4895735476871854,2.4410271670883015,0.2008648220602245,1
1,-1.6932281457797882,-1.0654454161888398,1.6773680821587513,4.1410350530167275,-2.4046891068035867,0
1,-1.738862068461478,2.285273907308914,0.9252471986626645,2.2386652354182206,0.8971035799474494,0
1,1.946707679776163,1.456545941894044,0.4187631945121474,-0.15634953787843875,-0.6366508351365582,0
1,-1.6609989080833456,-2.2981570812886263,-0.4186217624584665,-1.2481678477506186,2.555229219053648,1
1,2.207768457543283,-1.8888801708168108,0.9644807732234273,-0.3429882335012835,0.6141350596606304,1
1,0.02668728144063559,-1.289202060525737,0.2789547180067746,0.750601125067233,1.151415241115833,1
1,-0.6184937657073655,1.4941309574700727,-1.1516664185200667,2.053504845751899,-4.290287863691896,0
1,1.6493191907848053,-1.4057722711056093,1.9881835058557713,2.151938392029663,1.6670064128176816,1
1,1.5534224908004663,2.352105389157405,-0.37353345117283054,0.3347675161401138,-0.8960449099304993,0
1,0.1952627490035831,-0.05238723713923976,1.3172399003754618,0.5720511307423872,1.6106957198881577,1
1,2.32324309821699,-0.2646990680728405,0.7377496127307565,0.4870549321683655,-3.075150072321716,0
1,2.8923837535019765,-1.0799814154940868,2.6614215574488416,0.23473213645647306,1.600980935806506,1
1,2.2231688730277694,-2.40705882315013,0.851225734239012,0.5405111922810817,0.633571162774947,1
1,3.0683504764831246,-2.911683080849345,1.9630649013566324,1.8493042789100844,1.2857779848993185,1
1,-1.03661294674016,-0.005147112007081178,2.005803285478841,0.3997042332173092,0.6598739909381592,0
1,-1.6409848685552704,3.0656221651316757,-0.3354420626875976,2.079305995821904,-1.5151619352255468,0
1,0.3979967475238003,-1.418349505926067,0.4702282712409972,-2.393185542875431,1.6193276218340156,1
1,-0.8242854556843069,-2.358158019099153,3.6423020506606294,1.9310679405022202,1.3232339278685554,0
1,0.33642529955225253,-1.2372072446493982,2.862227511499804,1.2574014173764527,-0.43892115126661857,0
1,3.7310785919060354,-0.7888598261614528,3.626912130893724,-0.7436850880970605,1.2950556249879361,0
1,-0.4411787432096461,-1.6979869571126307,1.2122957736896405,1.045801449557225,2.813958331864363,1
1,2.3887413387517578,-1.5745143122495593,2.0760642078774723,4.357714519927233,0.8818049711564062,1
1,-0.020438370804345185,-1.2169173517346488,0.864550740130905,-0.5786105320024695,2.028989990005392,1
1,1.3491297539324978,-1.1524434279995996,3.006426168279415,0.4580550975478389,1.1271038870314327,0
1,0.9560058827632659,1.5428983793482418,2.3569704109899563,3.082760383960982,0.9923016861695614,1
1,1.4271424190805828,1.2588197459120665,0.432365849964123,0.6147159398622366,-2.0022916415400256,0
1,2.457398688134837,2.9099292100864718,-0.22865668214809798,0.5229867418148241,-1.5399646983019433,0
1,1.3547642834234106,-2.7060739816269814,-0.26736942336646186,-1.7646472880975819,0.5589496104005254,1
1,1.6209198127626365,-0.8433799482943172,2.954697943953703,0.7911948435572214,-0.28504118434678183,0
1,1.9447387449708318,2.8064406841672325,-1.087500172864583,0.09303270419189613,-2.060969194290096,0
1,0.4746831747629624,-0.3914168331451904,0.7143965962380036,0.9398546835905282,0.7527873534430638,1
1,-1.5111428429035598,3.1385525312293985,-0.8460089574317382,3.489997927760219,-2.089247531495158,0
1,2.0249384969939292,-0.48238205984448523,2.384534081628943,4.10487677453091,1.0454748352598768,1
1,1.423067002495918,-0.8241530520417197,0.741715030620357,2.074661637926104,0.07614629894457303,1
1,1.3561149942431072,-2.0825488447399234,1.133677674448547,0.6484455103644778,1.5087402707787732,0
1,1.9561870251426607,-2.6871389636128717,0.8035764693810741,0.5575543242765237,0.9281174852568831,1
1,-1.0570330892758135,-1.580409586827891,-1.6544838997187292,-1.0528205277671412,0.1858739578096984,1
1,-0.8772690343845035,1.0776965752818057,1.175695315089147,0.6071006401626775,1.7421565766050386,1
1,1.8902238968739873,0.3143296833538842,0.6529540249928683,-0.6022126750383547,-1.54188700724425,0
1,-0.996945060408406,-1.0689850099552356,-0.10744071449284354,-0.5630555085609903,1.6288396551208097,1
1,4.462221477737836,3.93907035864655,-1.241595245235648,-0.1588025229762997,-3.0662906096218068,0
1,3.982210189243628,1.4379092611535356,0.234012812919841,-2.161011606348516,-1.4344991534348475,0
1,0.5351906700137201,0.2260463496905809,2.9465516708613158,1.725574010970397,2.9571924014594444,1
1,2.7273730976568573,-2.45414809073165,1.0942506569909476,1.168720560257628,0.40445225283863306,1
1,0.051821887492158214,-1.7220577892240854,-0.7662096324790826,0.6305482800382061,0.1327672223579791,1
1,-1.7557608527068345,1.0434587212042652,-0.38311876190488525,1.355282357684191,-1.296825404679108,0
1,0.4732366408684431,-2.473909309199663,-1.2780473724521397,-0.37177083053809823,-0.27531379428175073,1
1,1.2174929471530918,-2.397785882121804,0.21006492633023222,1.3861627368857041,0.5615735356256015,1
1,1.3103453463146009,0.7970078315334295,2.36309162476997,-0.2598857653245312,2.3686303990238824,0
1,1.1898199240350391,-0.5575418768252356,2.0852142621321077,3.683386592190845,1.4543353384258668,1
1,1.534788966561204,-1.3724906639326646,0.6370715352573061,-0.22993332276865686,0.5385739754790736,1
1,-0.21067960497146765,-0.9939044224760163,1.6405373603101776,2.077174661853422,-1.7610291071400248,0
1,1.6059080487438315,-2.4319526352089316,0.8815530347180539,1.2854674472626928,1.0711801786417774,1
1,0.5747846884366716,-1.654377831984205,0.24379737759925257,0.7367252516842808,0.8312370060870302,1
1,-0.3237360957920208,1.282943024468632,-0.19506553349106115,2.4214954790931924,-3.1287976792042147,0
1,-0.010072464761197386,-0.06273252275151131,0.5089520933659847,2.9019545684644825,0.48069547914841126,1
1,1.4300992697831476,0.3269124761879456,1.9427309883863622,1.0828881110034236,1.0485143126011913,1
1,0.8609878379050855,-0.364509856126603,1.509178931159323,-0.013294822309242837,1.5479749070832403,1
1,1.7671043158211974,6.114369042340321,-0.6666774488325138,2.1550636161941403,-0.42307446132243953,0
1,-0.18890651985521,-3.101205917013804,0.025982254771697466,-0.5386561533630472,2.1985816490918246,1
1,-1.8259158801903599,1.0538309307252491,1.0433953310813144,3.9555359334664564,-1.8071882505964263,0
1,0.12392972759591059,-1.9780128792272538,0.02854286737178391,-1.049228263283132,1.399553959537284,1
1,1.5818440635669968,1.777643578370671,0.38707093874048404,1.1852680112438498,-1.4692595402080342,0
1,-0.9955887788335791,-1.5539768525742996,1.9336233230095088,2.644871060947022,-2.018473857635601,0
1,2.1326375495220278,-0.8338080125232937,2.0646175436721568,2.1885482305332182,1.0261246590892537,1
1,-1.0987329023825407,-1.4275396851879978,2.2109991993707783,2.687450856045822,-1.1920809683799893,0
1,1.6989193451601214,-0.6151983989620124,4.260804726995698,1.7410541543626343,1.0938494724062053,0
1,2.8298933543520093,-0.7232488978800649,1.3362896022612023,1.134547351461467,-0.2797653013862904,1
1,-3.9203801803012563,-3.1923726338551317,2.710391112316229,5.19009927883209,-2.7948630531245175,0
1,0.9488276939958565,0.501991709086101,1.8691936054999503,2.5605634432880677,1.018684316984233,1
1,2.6635884400482066,0.2800866974583843,0.9843567933663071,-0.4058630051656533,-1.510322197695902,0
1,2.330874290824266,1.9614878258891155,-0.38633336310764554,0.4986358974207995,-1.744547700297732,0
1,-0.8416781374421805,-0.4726270240396375,-0.2071932531195324,-1.3150562253024751,1.1727874001236,1
1,2.2618900183467123,-0.09772918426931698,1.0729492233742886,-0.9263641998993954,-0.12289831139370744,1
1,0.27307450105923137,-0.05876118491042703,1.2129637537928666,-1.195573483653312,1.7155785757403583,1
1,0.8357123632617632,-1.191368224444666,0.8579219735994915,2.0585574537310394,0.8951247778183706,1
1,-0.8126932633931465,-1.3318761391246454,1.7548179257414778,1.7962192861109243,-1.553882857557018,0
1,-0.08636629820090991,-1.5810783882003054,0.19225298392390988,-0.455074715839078,1.4842112267691776,1
1,-0.016449442243553047,-0.087589905489451,0.531843026146883,0.5217483376112229,0.8744169932979758,1
1,1.4547089144506866,1.3722755398162079,2.527701811730429,1.782242615225627,1.0713730856149153,1
1,0.647512224657391,0.8761155743131459,2.242181920511465,1.4874420034219207,1.7025191372857709,1
1,1.9287798119061952,1.5649868414657502,0.13325722115767857,1.046308509939051,-2.1403053866566943,0
1,2.0287902246492484,0.08101055799395274,2.5714034337557194,1.0689062663644908,0.5154208736223009,0
1,1.3793716706637449,-1.9409671264470618,-0.05139928574714192,-1.6115335549637084,0.36462643102515946,1
1,2.567409870404805,0.5363119120732494,2.0272066558870403,4.54863454654415,-0.460640906495267,1
1,1.1121914357305371,5.188882322602124,-0.5419642052918705,0.6683324646391668,0.5550095295423927,0
1,0.6242375470811689,0.8716936848962025,1.3290416132088585,2.193288519944381,0.5106741412069827,1
1,1.0883397739379792,1.6372903718646712,3.381170427092252,3.879576217558902,1.9086024273615991,1
1,1.9707371162587926,-2.065439110598632,1.5701089364942722,1.9191072189775604,1.2725928062574028,1
1,1.2337064724443392,0.6449679081326782,1.510250061996583,1.136846300591725,-0.860618195555833,0
1,1.339262376742328,-1.6399451772175038,0.5496181557542829,-0.07790002239621874,0.6731808535908584,1
1,-1.4406798181740923,-1.2053683098213264,0.11396442743693291,2.3245145912420293,-3.277017698080275,0
1,-0.6928976398204687,-2.074231735177026,-0.2729761416172176,-1.268759930971005,1.8185443550175355,1
1,-1.4531593149766011,0.0024757297897590735,1.0671320117974195,4.103593231907116,-2.6639265766626923,0
1,2.1191986523955224,4.1585221460311335,-1.499060556529587,0.5972767271813071,-1.8257069985441992,0
1,0.21661996694620034,2.04550126184773,0.11102742885618422,0.011796513960725008,-0.6036326952868234,0
1,3.3355251361851055,1.4686572494559234,-0.882964150522259,-0.7301185218813517,-3.2499375901279945,0
1,2.1342436619048186,1.8492242616712713,-0.953326502490244,0.28963926436523146,-3.405382162323031,0
1,0.3538371964634305,1.4443492366520463,-1.3579309472127439,1.3067120344227994,-3.0220778756807847,0
1,2.8477519025956104,0.17825653402908093,1.9864873334581001,2.887049437004095,-0.2730293382994595,1
1,3.1083534170180704,3.189545262735502,0.6327281694358103,-2.037942638685921,0.8419698837770977,0
1,2.6815417117159566,-1.7124249204125879,3.5368700247425076,-0.8439965386441606,1.3132654732068239,0
1,0.30474651446141754,-1.2830942637563822,1.0054401689824541,2.8836676014815943,1.4016801885604289,1
1,1.176497342988382,-0.07069080063732325,1.2507394696449692,1.1751745270123897,0.642456834352201,1
1,3.1722384549809393,0.1779386474202176,2.717738023463146,3.443849967659271,0.2584552860630519,1
1,0.9705800756475786,0.8824873207927342,4.028794082938528,1.6545844009005803,2.2387987049344895,0
1,-2.149529875179439,-2.652661674031299,-1.440496665593952,0.42950060127394063,1.6805796985282875,1
1,0.832571271401156,-1.3473962300469382,0.6648071419629326,2.927150169222806,0.6049265114596707,1
1,3.2077383105152104,-0.1709997279367068,-0.7757342886254539,-1.6036467612462078,-3.620492197768978,0
1,2.17673068271617,-1.4443763928579134,1.6395153144462098,3.22020522800934,0.6623969126687672,0
1,0.5582313713948767,1.4200507637714281,1.7534118420078721,2.008267483727332,-0.8323179092929566,0
1,-0.0553617625905054,1.0053216243961978,2.572511801940702,1.3852698513983732,0.5416930052547624,0
1,2.6630275964126406,2.348305452348851,0.3359272519010472,-0.13845461098875012,0.08948107054273757,0
1,1.5941148103564453,1.4646652530265922,0.9173427911784146,-0.584588055679973,-0.11618411180038268,0
1,0.137273348265338,-0.43489895672898293,1.6511941191548376,0.515839355722983,2.2678529976057513,1
1,2.816072340274335,-1.5011766524068544,2.470144931262151,1.0986849834307868,1.4756958921297707,1
1,-0.3154983207937805,-1.6457978001334992,-2.087474016435025,0.6030642470632924,-1.1680775213190104,1
1,1.705006406112665,3.0181775444038874,1.941466903154236,2.0392972771880444,0.9440487136597411,0
1,0.9773085583476804,4.308460136670018,-2.2508707105638943,1.4159621457489713,-2.9637187292111573,0
1,1.1994284298379545,2.0725057644282336,0.529296614700248,2.3563756749873317,-2.0496125418617512,0
1,0.5602988032215481,-2.525217424673642,3.4413580056316224,1.9915179753740002,-1.1871981697964913,0
1,1.2196690474997665,-1.9718277173179768,3.367615550941754,0.12814851987020925,1.2382721716219707,0
1,-0.9245101399770768,-0.5237940798361511,0.5983130761710401,2.55814781853744,1.6164621647265962,1
1,0.756071626470532,-0.7315214985366529,-0.4265998394976209,0.9894803556904289,-0.6198013550906609,1
1,0.5976244849379322,2.921317524194068,-1.6787980953741313,-0.2685912883800483,-2.0083441803437427,0
1,-0.04895917549328255,0.5844786335809642,2.71490641219461,1.1071351378569967,1.779739797069809,0
1,3.63413463440664,2.0495482269273184,1.4461454908779405,-1.8291031945359997,1.7380562557133503,0
1,1.6619700700794209,-1.525504925087732,2.9112777024750525,1.3015569402865412,2.9434914026886094,1
1,1.1129203495383508,-0.24961801039326936,1.7440773072836717,1.9420059075852434,1.2699951759769688,1
1,-1.2780996304668881,-1.465010593306848,0.5281724439636188,2.9162232854146826,-3.464205780860086,0
1,2.3364151228378804,-1.0067040595772319,1.454828853918631,0.2609910629364942,0.5555223212385595,1
1,0.5406210973851477,-2.256578407720818,1.20381856738836,-1.0435596704261174,2.59859804141668,1
1,1.7263768136729762,-2.187985036282755,0.5250243259711825,1.433406495836822,0.38601208269559795,1
1,1.261114883253999,-1.787605694430379,2.3088226156808442,1.1810776915618317,-1.5078269807139262,0
1,-1.6804759489973016,-0.1995239565058584,0.5033271604842696,2.355883264106552,-2.5678660632784496,0
1,0.6549285526386992,-1.1154807737792058,1.6835991866082236,0.9933271501283572,-2.2882266687110375,0
1,0.7503797703850956,-0.5997897193863941,3.4796463671296767,2.1463253441518075,0.14730399397150906,0
1,1.8784855944625187,3.0866408791091704,-1.215478402397752,-0.25305965543274445,-1.3276684815578466,0
1,2.3028197534654025,0.8900937900084965,-1.2966186967388844,-0.35377255907570837,-3.4783996855702246,0
1,-2.0813831028541756,1.0121763733763993,-0.6076039474833614,0.32498188008793694,0.6907026670051744,1
1,2.335381378447912,-0.9251784956008522,2.7475684585119207,-0.06793122739709823,-0.5051091792319486,0
1,2.3613646819410383,-0.663735526420648,1.2891937632086525,0.16583668110432004,0.15418841229600833,1
1,0.8395160742558806,0.47825851518928775,2.50056014915525,2.3071409687140756,1.9284222977553411,1
1,0.2118000476847226,-1.356722266784357,1.8590181579969167,3.9555315990016,2.3862860094011618,1
1,-0.9705346981285508,-0.6524075034147551,-0.9262110460860307,0.1020907371481431,0.3077008404687187,1
1,-1.1150257602645062,1.0595653871937778,1.704459756171505,2.8088885121019005,-0.15821734229443962,0
1,0.5106611955628967,-0.9789356657009811,1.8273324320639603,2.7265888294155682,-2.3235405899760746,0
1,1.4973378404525741,-1.8059571903608618,1.0911380695323771,-1.0126511565582876,1.4354234644145993,1
1,1.5057088153019131,-1.2314499482576244,2.0167738155349397,0.3972484658073092,2.0206821269084987,1
1,3.22864388045536,0.9144913028512972,0.18859921613591712,-0.779352377466457,-2.0169676565422807,0
1,2.3453757945145117,-1.930171666252613,1.50943237170815,2.153917460983638,0.7953894014554849,1
1,1.921383005242018,0.5277532726141354,2.6623542196430465,2.3815478080917085,1.1901867999402835,1
1,1.1667020887319786,0.10304579477630771,1.5581173520848677,1.3910692530266209,0.8850875170312027,1
1,0.6868344686363395,-1.5854569455615204,0.19118281769571266,0.5665085359237505,0.6667412402917379,1
1,0.9646779470826142,-0.22814065376801929,1.0240880634491794,-0.5505242879085415,-1.3177819215309619,0
1,0.998172778722884,-1.584107621722013,1.144327268979324,-0.30555171428097605,1.6880437831185744,1
1,3.169142617792137,-2.413712150978112,0.12778622901027303,-1.1740733217703618,-0.742939006513299,1
1,-1.0218481324774467,4.656204726224296,-2.312433752066146,3.6069725562864012,-3.1938439453271568,0
1,-1.2034117158811992,-0.2571230383144216,1.6291882398477915,0.7254821624601417,-0.202854331864726,0
1,0.3366264682894673,-0.3440747385847389,1.3846888807434128,0.632376695232371,1.7235773132031365,1
1,-0.540060788844521,-2.0843359318521353,-0.08980157314026149,0.5641371347070736,1.6255817509980641,1
1,-0.9266716756912654,0.08017914428574013,2.2677407674798817,2.924196264580565,-0.7664631179825075,0
1,0.10016038975482744,0.30892828945304407,2.267186777293733,3.4161687156471676,2.183993144245064,1
1,0.6869856458457981,-2.637392221538809,-0.22389409801590676,-0.9605964554795516,0.9709352183187918,1
1,-0.0409576325421428,2.0788431338806457,2.4245343495271463,2.7584677067307677,1.6519514950341154,1
1,0.5637511268300228,-1.4962683930949146,0.35247580844155857,-1.5109329006414094,1.2342102379022764,1
1,-0.26075320903040144,0.07712185368324587,0.8094852287509398,1.3964950428989265,-2.1967698234466932,0
1,2.167583165216234,-1.39238354407951,0.17354783683612218,1.003310058600582,-0.7273028670126671,1
1,1.2240279293178729,0.622348651621403,1.8349696627638612,0.2302920774486431,-0.1336511610410639,0
1,0.6562807341745861,-0.6579380140497331,2.3467380008051224,1.437105743703244,2.6247755455424198,1
1,2.1871123667040884,-0.6156216023577168,1.2323983641072118,1.0118193069928487,0.10424020023710545,1
1,1.486397132067911,3.4343341433995476,-1.22644432565489,2.013587780217142,-3.717186480701443,0
1,1.358483887779316,-0.9536812668152673,0.16712773426432204,-0.3412126295509337,-0.10061339726888763,1
1,0.05422176015583957,-0.2785909462727214,1.1181003867268742,2.3747158408197317,1.3394441999790847,1
1,1.877754141170136,-0.9676431308614698,0.598737979814091,-0.4055688585709192,0.01734373611838158,1
1,-1.796431144667784,-0.35055342917834387,1.1549042227770083,1.4991942797320834,0.18088146234366254,0
1,1.088351994221201,-3.608893325841083,-1.171455557970348,-3.3680589751945442,0.4048104669217928,1
1,0.24391742686856788,-2.22181550086008,2.7229447036468337,0.2349427206755721,-0.11219272007218617,0
1,3.5450929422409954,-0.8183407035829409,2.085361107787157,-1.013967457597119,-0.14405093992012663,0
1,0.7015603612152983,-1.3336756694667202,3.7627603170790205,1.4894974825059635,0.2563210209556934,0
1,2.7652162646437506,-0.5348863411939837,1.7002292884503376,3.473124983420917,-0.27308386202635604,1
1,0.1076217874945713,1.3498698837744707,1.6862786983081004,3.8040933237392975,-1.3713170513907582,0
1,0.42418965018534094,-2.0438230355222675,0.8799032322961208,-0.8292032396393592,2.189463495526341,1
1,3.471638787677686,0.29594667142457054,2.2735630894443566,-1.0202622134235484,0.4797906457491514,0
1,1.2438669752035691,-0.5136027067956838,2.2589401786435985,3.5870545707064707,1.620295375863276,1
1,1.2159125555897317,2.4950722693535585,0.7558735279094048,0.6305985358179682,0.0016873229072329465,0
1,0.6068990805676886,-1.790065889875895,2.3691166576178677,2.006731511828818,-1.3392507659758832,0
1,1.5281884545337214,-1.8866136361382662,1.2623293082339753,2.794838533005417,1.0407701121379032,1
1,-0.97826834254121,-1.7554863414249509,-0.40433359380012646,-0.14933105174174188,1.5674990964420772,1
1,0.5324778576202793,1.5308174616531223,1.5173608852260243,2.2875012094303537,0.46393897499904935,1
1,1.6213651069375419,-2.3811691302721205,1.410187391352978,0.3745072812877718,1.8247724215608616,1
1,1.8785412190353048,2.2116959106347513,0.4745117334439999,0.09856412876741871,-0.5774417588149394,0
1,5.695526747828686,2.5344286213034435,1.1940898407902099,-1.4044577879761921,-0.6099239600399837,0
1,1.9466637117108156,-0.21019730467637965,3.214271182126393,0.8056319918321366,1.2506975027647966,0
1,1.3870944132555312,-0.07680101190606303,1.8423662721053304,3.464458128414987,0.8036265484299556,1
1,1.29716965245359,3.4280025562561574,-0.16694279284514213,0.9063833004635165,-0.4485364815629126,0
1,-0.4918589237061626,1.1986755840067154,3.3387793069376963,3.563699902736537,2.3731191702831227,0
1,-0.1262362942226114,-0.8551118599066871,0.5876644228377199,0.7458533315552489,1.3990176790919462,1
1,3.2786973321969386,-0.7544346648524953,2.429364994536327,0.4921087017612763,0.7691249477915624,1
1,2.1885412494240573,-0.5392699812721653,0.8892715963995841,-0.9395146479830461,-1.5872122000193865,0
1,1.6593670545231034,1.689743299179591,0.6960238231149172,-0.2148309413876821,-0.25788240212352187,0
1,-0.17094759127085601,-1.3372861351761811,1.2762892327995523,1.2309358792699654,-1.2319917388303558,0
1,3.1209972703130435,-1.8608471913440736,1.029175905886144,0.7880235797706783,-0.26669580769194634,1
1,1.5555680455111216,-0.027675388100009357,2.4868522853242983,1.5321669035378522,-0.2946134889178589,0
1,1.2687085838171557,0.21491131933972396,3.330340863306948,0.700586259679113,1.2623121856966066,0
1,2.6480178621260313,1.6577936942023355,-0.24890255139444895,1.52060163021111,-2.811561866018643,0
1,-1.203078816652631,1.923154843154729,-1.1115900730061319,1.0312780603742946,-1.6956767110234905,0
1,1.3222223019280235,0.23075351731181493,1.484469450336674,1.1709512395536563,0.6326664518629703,1
1,2.8688559748162903,1.3620586339940368,0.5013802198386499,-0.03086173118637703,-0.40465830784040957,0
1,0.3480932377558156,0.9518698920444622,1.304691218874181,2.076064150189465,0.7252014208523557,1
1,1.1680828378019825,1.5252933437531273,1.0327249180162899,1.751840072378159,0.0029063751117102132,0
1,0.2472006522869039,1.4375527152636396,3.250384878420729,3.531905952441207,2.623329358729186,1
1,2.1835207032300383,-0.2180019041239213,2.077533956425323,2.699374715639541,0.6124654920881037,1
1,2.0079366696245415,-1.3811726163455442,1.0952699050935908,-0.02497316299578367,0.6296545263483893,1
1,1.6084646070174244,0.5674391382803365,2.051058770126856,2.0472444954476243,0.7537534376726753,1
1,2.2003400906981585,-0.29550433063566106,0.7264411739458995,1.7330850705993974,-0.8200937276149614,1
1,1.2796251627066197,-1.1041638715240147,0.8099702407217912,0.6563202962402722,0.6718235264309376,1
1,0.41425186606538855,0.05200165706479021,0.06766957952885222,2.8883270902727096,-4.006144053289439,0
1,1.7035168570103707,-0.3183608072426529,1.3806839371757402,0.045779644037726164,0.6560024768107328,1
1,1.3494666727786049,-0.3862927000154823,1.7565496348470757,2.40199581152693,1.0624958889345153,1
1,-0.31604575887650843,-3.06440437766343,-0.15419308062450443,-1.61492186301893,2.2340895784972084,1
1,0.8802326648170232,-0.4756195087839725,1.932361213436304,1.2381299339043568,-1.2167570950107653,0
1,4.801957802850881,2.515192826588014,0.38568340763230924,-1.4754195725952335,-0.4682687004625111,0
1,-0.6853344667964434,-1.1311068710331313,3.582756224978718,0.7076539931542709,1.6138507916704108,0
1,0.9544336177083175,-2.3927419742429894,0.5543468456495024,-1.2970750807923594,1.6174635952744052,1
1,2.029809383841868,1.6481320907310524,1.219380396355381,1.9132654902018458,-1.66271302846414,0
1,0.9226880816807808,0.48104374507708325,-0.12767982657533805,0.27873206638081627,-2.403817349139236,0
1,-0.3399228408745323,-1.2860689293035872,-0.04057775355065485,0.2536951199324633,1.1502030443069269,1
1,-2.9444937205780577,-2.123341481717649,2.402892167507204,3.3359892673356164,-1.755153625982301,0
1,3.4914375004519536,-1.8135252423913066,1.4032302533781573,0.15598599090886311,-0.0008680547810695494,1
1,1.2391631623295671,-1.906526539361364,2.8719640303815512,-1.3422934370913673,0.041766135847784325,0
1,1.0544827602056626,0.06806770312594845,1.348064690788299,2.1086493369445516,0.6271216286518041,1
1,1.6318217709675535,-0.15219088289516836,2.154795001125216,1.9077844361052496,1.2875343111953859,1
1,-0.6130984166861104,0.5816488060309952,1.3695967905926514,1.9561040636138562,1.7694739254603284,1
1,0.02678080136314198,-0.19915171565412082,1.03188545199759,0.9613906270885806,1.450848196058967,1
1,4.390147956282211,1.8453143979177038,2.3355238710537485,-0.38283916082764136,-0.0028591516532037176,0
1,0.20625601170514263,3.088510695090547,0.017792380446648104,2.2090613661352756,-1.255312751531627,0
1,1.234602708074401,-2.026276514613516,0.43373167958268066,0.4763971626135234,0.7455620303711112,1
1,3.025636053404665,-0.7587831533561029,2.6939869239237035,0.9403735063875532,-1.2284298143157868,0
1,2.4911970806130563,-0.9395139237391509,2.718047386954691,2.4299793549373065,1.554338958339233,1
1,0.7734214369184221,-0.46190166902793317,2.3817113085316564,-0.7236721042753071,0.8064049977075696,0
1,0.40090992963731875,0.04246521830424499,1.7277791419587418,0.15263282961614177,-0.8450366032943604,0
1,1.97457594134483,0.7870975131963779,3.098842476271143,0.18645916182683886,1.887700008309177,0
1,1.1860310567047954,2.7032623560019804,-1.129795735136847,-0.07839811787585371,-2.1487626372619157,0
1,1.0267880172782073,-0.13595041924991869,0.8964120194699069,0.8212821215194005,0.44141265481439274,1
1,1.5121753821863764,-0.03268834293737499,2.1243916203070965,1.3970185056091609,-1.1369880453570334,0
1,0.6062417797030485,-1.4920994901250557,0.6636216681248513,2.4554569595299274,0.9242354307608525,1
1,0.8855910596288336,0.4946284879122973,-0.34920435644822745,1.1183070679330118,-1.2892477136586669,1
1,-0.32247298444737593,0.3038212818374225,1.8448839913944362,0.35488615894756026,0.4891011533879568,0
1,3.111242127448002,-2.251910879547883,0.6675387736858138,-0.5717951249179811,-0.23728194577123762,1
1,-1.2343876823809277,-0.548726711283601,-0.30020888803581824,-1.0701073387458688,1.3829727479910292,1
1,-0.8863933129487891,-0.317143494798674,1.863387434398053,2.8056638421552518,2.9447535847541406,1
1,-0.45056675343802266,-1.10636007909629,2.95986072031664,2.0364489162278705,-0.16557701556436044,0
1,1.99282432267053,-1.0408244890176321,1.701819285045505,1.879134528177312,0.8967407058032133,1
1,1.7135290180601679,1.557859303247921,0.31484090682605037,-0.14129171048062572,0.1072189113764681,0
1,0.4154009257757193,-1.1398990022723072,0.91737083694475,3.065569338856993,1.1534903575895086,1
1,1.6632136891136797,1.664787090518322,1.5395515877181059,0.551531595769827,0.1631416378125885,0
1,1.4274948637777873,0.27550546725249947,2.7505478697477206,2.511839254036672,1.820899246485854,1
1,0.5941959664938438,-1.5787735629258361,1.3147767786312257,2.1365485582525467,-2.892400468858579,0
1,2.4141464873391545,-0.27633354058363613,3.377142651100874,4.629032886627086,1.6898075237907122,1
1,0.6887369579439093,-0.1447378001255748,0.943101153039432,0.870463118033846,0.7660917723036031,1
1,0.8756860476271893,1.360609724468541,-0.017342643458530427,-0.27774740262647213,-0.8239827263225303,0
1,0.6064268819041476,-2.3714729941286303,3.72715549546284,0.10602789139666025,0.6628229192918844,0
1,-0.5207360215874528,1.1951816813067322,2.3992871260357673,2.3188895075172873,2.5511051299283087,1
1,2.3507424794168212,-0.685179486661385,2.184368260760024,3.18288270989687,0.7902987996567454,1
1,2.7244278824120762,0.10873305850909454,2.0667129884156985,-0.7944899014822941,-0.5960706305134928,0
1,1.2505849520740249,-1.2461682961066523,2.1822958166945163,1.0339055183442956,2.3241433637744464,1
1,1.8638422547674065,-0.5197994201246312,4.157358498825755,-0.3857151612885499,2.5104031126975905,0
1,0.01780421524750675,3.2285055995981153,-1.224833637744302,0.851685408547501,-1.7737104246244706,0
1,-2.6000153603208407,-0.8056567887105479,-0.5979661618257304,2.951239609960952,-3.6689233499625047,0
1,2.5555483697631893,-2.133976545713209,0.7188393876665411,1.072804363722074,-0.008491475184777997,1
1,2.304813330348046,-1.71723944417645,1.8664524137219782,-0.07225668541789187,1.5077481613943804,1
1,0.0015615569395297513,3.5592861584745563,-0.8251112715905684,0.4848582012398859,-1.00694746325932,0
1,3.8636152611742163,-0.9207376895992059,1.5429013031703174,-1.5019809248399443,-1.7910915190976051,0
1,-0.4099390023108114,2.190445908371675,-1.94131624062606,1.2474829716277585,-3.9210760944440977,0
1,-0.5883907048826276,-1.5746751512256463,-0.48925535123903363,0.7386223009921081,-2.562474224209764,0
1,2.734672830236205,0.3713901793458235,1.6810487675314858,-0.7474128053516573,-1.2279613737865578,0
1,3.4876961689340904,4.992904260128756,-1.009988477259585,1.211105448770683,-2.4917739182851855,0
1,2.989964955197299,-2.8135618391075896,0.0511838906733072,-0.8683047286229078,-0.5146270643569364,1
1,2.734285878564753,1.8483354933710614,0.24845370945592227,-0.6923735693655051,-0.9292027665031373,0
1,2.8580706138984198,1.0607856823938853,0.58920375556958,0.3964777871289814,-2.106797654813742,0
1,0.7982798263390469,-1.3331145631608956,1.7084058864677558,-0.3543632787048463,2.42513256461069,1
1,1.7878124278540042,2.134295297694317,0.4055137340557846,0.07915830844172989,-0.837304724724681,0
1,1.8535359124112503,-2.4408015374501595,-0.27304037526470704,-0.3082887382701811,-0.24065619054129006,1
1,1.332895908908172,-0.012591740370998528,0.6615521628349461,1.3176572744833335,-2.2186857283750956,0
1,-1.9815004185147957,0.5838058981429538,1.6314810708080378,2.7870643608533863,-0.06643166523361199,0
1,1.2438730831740132,-1.616422332245496,1.7433400522766935,0.3211333702326623,2.1061690995183793,1
1,0.6072778695025534,2.3390585302710125,0.8168921188748453,0.4499569548852177,0.4295209000543354,0
1,2.3066606956679183,1.7972801070935556,2.924295712771078,0.9017302417877047,1.1356863173168583,0
1,-3.2861968407502236,-0.6816948149201274,1.4989876481822484,4.594303502392465,-1.787931017169703,0
1,-1.0420863305702075,-2.6488924051798683,0.0044505217299753985,-1.8057310503467385,2.8283390376390916,1
1,1.296581920216111,-1.0896783241071812,1.2372241969941151,2.636706370344484,0.8229176166934509,1
1,-0.06950806644246899,-0.9039451408196661,1.1274778935287413,2.318413522311038,1.7753633641494813,1
1,0.9984779701704047,1.0148230786033063,2.0909630347771637,2.1621325977560764,1.0777972193151664,1
1,-0.3624192944681983,1.1215230023848637,1.1170296519703704,2.0014457203915565,-1.9128781217894775,0
1,2.0940787707614863,1.1026363402751689,-0.7584781715273079,0.49180042144238867,-3.8530443223537194,0
1,2.378223033765272,-0.09763690069596542,1.530785861391607,1.1724426548745557,-1.6068957546603093,0
1,-2.194555268876398,1.055325146407092,0.4334948274967162,2.827730274921024,-1.8088217632859211,0
1,0.3181904394338153,0.05021756902818986,0.321047201238595,0.31335122054712305,0.3253903606662387,1
1,4.422367537473514,1.618534929735696,1.9605488862866225,-0.6033869520592592,0.9968028670428368,0
1,1.3225194683385764,1.101063507957571,0.9400785881345531,2.938177579642191,-1.8507634501199681,0
1,1.2566256502258448,2.4333915885892443,2.87505721679062,3.35492160881497,0.819499140772816,1
1,2.8359030908449605,0.9323798597994353,1.7757012776918448,-0.9739440727608972,-0.3787902929980508,0
1,2.3285988920135967,1.4971159027488299,0.9969471017482417,0.22526002047045668,-0.858581345870272,0
1,1.4838205187472278,-1.129003639302577,2.9930841134880364,3.6878104993579743,2.608169288518761,1
1,0.34694671990393144,-0.9502268631702244,1.8349205733998524,1.875043743368905,-1.0157104764602465,0
1,1.8872951638937483,2.09231181680615,0.686579087762609,1.4832271881569545,-1.3903992345203244,0
1,1.7797397899131302,-2.2118654900972405,0.33282460315761997,1.354213973914915,0.1331943489517482,1
1,0.7039611309816939,-1.8747774667766457,-0.8202082489159392,-0.13760774693993705,-4.979437351924789,0
1,1.0697340318203121,-2.154800428337996,0.6865136493868453,0.02528877904242155,1.330810491848647,1
1,1.1495573004764852,0.8326126877231055,3.00035440003845,4.981861894162158,1.6409481966945307,1
1,0.9578216167675014,-1.6463150612247794,0.8615986660284936,0.7658131419231655,-2.8971301047028577,0
1,1.660472017126179,1.0389635105572774,0.9271352549761893,0.545344714147495,-0.8069675944215293,0
1,1.8967895913272455,0.09969876323014448,3.194395874590093,3.756978398485253,1.8491303690586869,1
1,1.5131823878743615,0.8849790642701194,2.5972919958249463,2.242219935033222,0.22371866938038987,0
1,0.15277097121975114,-0.2089426711860347,0.5821936128412615,0.9466000220962044,0.7919755566338903,1
1,0.5051809770266253,-0.1064274786279622,2.095115148744744,1.3313415241453663,-0.7012354079137082,0
1,2.074372925434928,4.994657993885188,-1.0181741937468631,-0.14082849661577157,-0.38743281625816794,0
1,2.282600816892015,-0.9604558035869593,2.5966878477703466,0.1016740880467275,-0.363669220998472,0
1,-0.010509860044343844,-2.06329768387579,1.7781630430284459,0.4524061036228628,3.420839998057561,1
1,2.219862549748716,-2.583945600782296,0.7718029493899374,-1.2413959083617034,0.9080647164299546,1
1,2.345724712753751,1.3241567167412116,-1.0392982959824053,0.19474393107246069,-3.5763110454151223,0
1,1.262509408169009,-0.13521773380010516,0.7139020919996439,2.9601887226966914,-0.3352449615753015,1
1,0.6899652624673447,1.098981299475836,2.583649870316397,1.5023713641525802,0.5424427531636751,0
1,2.085888380245921,-0.014206169833561932,2.909989367320193,5.432428796856895,1.1642671139932614,1
1,1.2598412969801216,1.1168986283460762,0.8815514626020163,1.2294936766473683,-0.7992067452629414,0
1,-0.38833879116767434,-1.4901912254103005,0.3557093475971176,2.0843614310945595,1.468322765407773,1
1,1.9835424755880156,-1.4609324889635609,2.584220356681975,0.661946573188811,2.346441064103533,1
1,1.8623890177499307,-0.02564573159736705,0.686862149832548,-0.04631958146310189,-0.42668806695883044,1
1,0.1816910583189465,-1.2543118577891506,1.5435174886591483,0.5300056835890858,2.526192827122543,1
1,0.6853620240967615,2.272831231512713,4.090484767245469,5.030929183913772,2.577955783532272,1
1,-1.4520011636988182,1.0522290633604925,-1.261013402693087,2.0008598705206486,-3.827799329475981,0
1,0.4696622500516243,2.6536207535146787,-0.30773762938516147,0.7786735351645617,-0.7786703055024429,0
1,1.0301499556931668,-1.8451344508531666,0.4874010521258133,-2.8305583758721156,1.4424555146361422,1
1,-0.011666855728019287,-0.44293949426004464,2.009103222963133,1.398541890281243,-0.5513972477776061,0
1,1.7102318056523456,-2.0840519215776023,0.13413045793190503,0.008462632977443096,0.11346709692134904,1
1,2.6522025315848055,-0.9524796191350935,2.0618636091756493,4.137984432232202,0.3763982468602578,1
1,4.069180952521641,2.6778473614895026,1.5285412653393786,0.7051937202600542,0.27430831312334925,0
1,1.3324224674669303,-0.7621736266563752,0.5053697675591401,0.4957117064489137,0.10626076916296134,1
1,0.03121048766539536,1.995593038314789,-0.6018947225375695,1.6811813876032997,-2.203864472767057,0
1,4.5335936394480765,2.233966239031122,1.8961456309563856,-1.770395850732291,1.4789179947738393,0
1,-0.11654324247567649,-0.36866872836355813,2.8500441593938626,3.373434658025453,-0.4400337192377656,0
1,4.08801314850807,2.4378473140754693,1.4835826224675808,0.3035783261977656,0.5475809744674782,0
1,2.031597320767497,-2.350851576969257,0.8261461687919538,0.029893759560142175,0.7922140930190381,1
1,2.0731639907767425,0.46173092021539397,1.9639005069262672,0.12294456541417131,0.32885117340993975,0
1,1.401241974002676,-0.5326439243373456,1.192237176312502,1.17609447555638,0.6180513566122515,1
1,-0.12509748236869478,-1.4072783364364851,-0.23413852106983724,1.890965539402989,-4.662958076501205,0
1,-1.1395964769322497,-0.7590885817412723,3.626674030358616,2.7078701476164557,1.1551388046639657,0
1,2.0401477926168416,0.6871694938978072,3.1685426033222153,1.2920619239586637,0.8045142344893192,0
1,1.5709457158227964,-0.9564232987646366,0.8869901909372636,2.7816383016857884,0.08237944273789244,1
1,0.5673146988918308,-1.0753672808630927,0.18916817681916542,-0.7927383919294979,0.7422439022274353,1
1,1.915332429213747,1.0339481194096554,1.7003346184399661,-0.5432022810016051,0.19000266423299284,0
1,3.0343960623462842,3.4532893456057914,-1.4191881570935272,0.5256371090467358,-3.144739409710081,0
1,0.86440166735406,-3.550057491064633,0.48579203340258226,-2.16769472057085,2.340732086202904,1
1,3.240067354492462,-1.6540197950118545,2.520001412419025,1.4696360000596993,1.2292224396260383,1
1,1.0122783176413983,-1.5188668678778505,2.2600876262626475,0.46699334180749463,-1.4921087465356524,0
1,3.025870796318218,2.4461225603598113,2.0570608331830433,0.4088438456962208,1.3229454631928963,0
1,3.7166710249695227,2.6501287985456643,-0.6081717736745722,0.20063843775151768,-2.6194911738588367,0
1,-0.4397454368889422,-0.9588597529413795,1.474136843685978,0.6243687606957737,2.8100573275410827,1
1,1.653560765360552,-0.41865353409070816,0.6044391517668376,0.025412075504032905,-0.14566479038236735,1
1,-0.1737544713860555,1.1869660111555498,1.4795342451364566,0.5978807931984012,1.4759060202057612,1
1,0.09305039833108297,0.3748481327376303,2.106080768699381,0.43790155930289265,2.448557607122967,1
1,0.5373243037703691,-3.439333404573176,-0.6813613990506306,0.9313446268708858,0.6723817053717485,1
1,4.523359255272595,1.133043037423914,2.1565684509666916,-1.1210831885669164,0.5609219198247413,0
1,0.20819998890308866,1.8863813589558425,3.440337166523053,3.1003242541892946,2.704773954834209,1
1,2.4821068411483234,-2.259800471542805,0.9561795597595546,-0.36248121078635553,0.5928036792492499,1
1,0.19850983599596272,1.531614373328507,0.5508489499899143,3.3511003135537716,-2.9492125160771145,0
1,0.9324123090532384,0.08641233080434962,2.0700465059369675,1.9376975671472159,1.593705332842124,1
1,4.338618621458426,3.538878760830351,0.8333092859743998,0.6147037992793274,-0.013844913284627003,0
1,0.40035482490682783,-2.513250748835546,-1.09227205735043,1.0744787933230315,-0.21340117044026008,1
1,0.08418484219092193,-0.8099141771677798,0.5673482358932456,-0.1904307311893454,1.3544275623503215,1
1,0.5495135579227712,-1.4645310635126276,-0.44727646703285884,2.9489786047860793,-0.4237395107399926,1
1,0.2539117449447277,-0.7334079262427089,1.5060933617625798,0.9635999051040407,2.0710266888027906,1
1,-0.4803659102833049,-0.32121097893988204,1.2334141445989857,0.9044743041342893,-0.9548417164180454,0
1,2.4755339354813897,0.05640956658849505,2.48213280900488,-0.5188885288375511,0.998334915161537,0
1,0.18223819875072922,0.30182292655522536,3.9377670288904403,1.225855333789206,2.882885406629682,0
1,2.091602745444679,3.3848164934490304,0.8943609905400408,0.2675734898232911,0.7721396633076871,0
1,-1.953447270552445,-0.3255126357465281,-0.8001995561179642,-0.3469658016602608,1.17112370104191,1
1,1.466756911098679,3.1057244896491873,-0.14167573349275853,1.216926979529772,-1.2177232841457553,0
1,-0.09023939655752167,-1.0680010489067222,0.1896185249977126,0.7489467545775208,1.0251770755318648,1
1,2.427607168527715,-2.8323271680214597,-0.05910625816611481,-2.2249581596028025,0.03841753641278922,1
1,0.0064133455225123814,0.4508204019732778,0.19674104268236725,-0.22039596750277757,0.31951810758918575,1
1,0.7776255822538511,-1.1082576868185798,3.79442121899434,1.3578005755567017,0.9953320957230212,0
1,1.3364869336545617,-0.7076317276575491,0.4071209495528373,1.0457921440355955,-0.12941723885678713,1
1,0.9550919774668265,1.040557862027843,1.5171496031596754,0.8295553861094183,0.6007094286226093,1
1,2.1732267358402435,2.9302326521344213,-0.291240802884029,0.8238314446793011,-0.9778745346076126,0
1,0.017548633703689864,0.8750811477007319,1.057325053139338,0.4548816823184666,0.9999489201833254,1
1,0.14526611214140805,-1.1740115925875723,1.080625782549795,1.8809811647395824,1.7424397130248472,1
1,0.9190726607628811,2.272506094828114,0.7519374737676919,1.876055934116489,-1.5963317762567142,0
1,0.7774014742992343,0.09529027794786604,0.6361305599934186,1.4009574281549355,-3.3322911262576307,0
1,1.8741279745467416,0.04788730110616046,0.6848148804609853,0.7667927799943564,-0.5967580679769551,1
1,1.2466985000669133,1.0967076252592132,4.00153337852033,6.09369908333556,2.4420076248718328,1
1,1.7581519233771186,-2.1026437322797475,2.7850166125420097,3.7395092638912537,2.648634621497413,1
1,1.734296926129913,-0.675412989102274,0.6298435505813111,2.264410577671802,-0.4135664620415973,1
1,1.3044978577501225,3.2910068284964376,-0.9888989094211607,0.389589286675178,-1.8768068751168077,0
1,2.302087911159483,0.4763620694353152,1.85802939698293,2.9668503365254217,-0.14844379052383538,1
1,-1.055438488122105,-1.213779111160868,0.9229346618594542,0.2215389048523262,2.837997900983897,1
1,0.43259692419009843,0.6425859822709594,1.2638857772185705,0.45826550264107613,1.0080805527879904,1
1,0.7151326179101085,-3.460255315697815,-0.28590046112889844,-2.099198204802639,1.4842984666209635,1
1,1.3487638192072944,4.432942130816335,-2.8510400402757186,1.0710005084284449,-4.162461526206018,0
1,1.9415499396125122,-0.07139287283382179,2.6176664004542856,0.20387751160277767,1.796058545461664,1
1,0.819451345312598,-0.5844539070067186,0.8896227342281632,0.20719045809658265,0.9244667087378392,1
1,-1.8668911138765263,-2.355452373680862,-1.5227785297717893,-0.6468216603673245,1.3380623746548606,1
1,3.188664194775948,0.8167824163688377,2.7125332486704568,5.1773045273779905,-0.4140441752532429,1
1,-0.02594843396682922,0.1874848361353394,0.3172597081433365,-1.0757743251678678,0.7394511790360283,1
1,0.7942291318439078,2.5875983694165487,-2.046212549364158,0.42801466866546656,-2.907228565690408,0
1,2.043350138235731,2.0113309278194413,-0.2541129183912567,1.7627026186636194,-3.291471106319871,0
1,-0.22136745944688374,-0.18018515808334534,2.3473497650010176,1.2302010805408161,-0.4032297375375945,0
1,0.2556491901670035,-2.0945988181233384,2.2798825772187232,1.8293401135122598,-2.0647688479726547,0
1,2.048105364202044,0.8303693416377513,1.1820501896708566,-1.475992681817845,0.08298207359959053,0
1,2.249115442392517,3.9050480314558835,0.3455684900239224,0.4722543658759155,0.39541209885026185,0
1,0.7175379586058004,-2.803147963550307,0.7874633425983165,0.25711277691327694,2.0605767199535774,1
1,-2.245279153786809,-0.29228406090011216,-0.49392630984056907,-1.1576511258744726,1.8521212350696312,1
1,-1.1891662993781447,-1.2464944492167795,1.1347965313264905,2.516344680890241,-2.6262307125838333,0
1,-0.038243667171742546,3.06125633964283,1.1598384940955673,1.6174643476058446,0.7422278996759744,0
1,-0.04951240262388912,-2.5577332246978353,-1.3159332323108943,-0.4452705731298492,0.16708999535669322,1
1,1.5407014298068318,2.7707914005429313,1.0963334270562766,0.8969203447280084,-0.07437057564479677,0
1,3.8166662251297137,0.23424196902453864,1.7854803694449717,-0.6767511786201674,-0.8426311873027714,0
1,2.673629880111026,-1.9245690470627834,1.7284634722123353,0.25350987472627806,1.1000960335397687,1
1,4.42052582162347,2.3596565866367643,1.0253132973807297,-0.12669482741520866,-1.286818651487714,0
1,2.255318727137546,-2.8351389553124458,0.16765581382813688,0.29804040434735024,0.06315776828774733,1
1,1.9744932239966695,-0.3435903427865896,2.821101972841841,2.39553644498213,1.8116527297030127,1
1,-0.3611290812291317,0.5460891704592585,2.188612506137246,0.7270722496889408,1.1492726187489688,0
1,-0.309327538971389,-0.32741467820142367,0.7287180409515324,-0.6614413942309056,1.663968365088078,1
1,-2.3185995709338045,1.2556363523650176,-0.03445024541134267,3.8540331471498934,-2.4083494074581435,0
1,1.0248052259176172,-2.142336038366113,0.3893318516648707,0.09165295046757127,0.9771127495094557,1
1,-2.7079795946901397,0.17160204163598858,1.212216335552257,3.768009121102355,-1.191428673868157,0
1,2.034055917225656,-0.15623947328020427,2.7618699633700405,-0.5413799352117972,2.0461317223156184,1
1,2.850278984511916,0.8273655372481512,-0.24833050598564488,-0.758796828199158,-1.9032879699603982,0
1,0.32142208096002367,-1.6910925366268712,0.5900414714751401,0.3158673858224683,1.5410358203533163,1
1,1.2763226687144948,-0.6067959593678316,0.8221499721249909,0.3132272044712232,0.46556208056797255,1
1,2.7696722801236913,-1.5986943670386593,-0.15103603586821124,0.9150189629639589,-1.4843017161542549,1
1,2.781799701512478,2.292096957441257,-0.015572252762879657,0.09438377934444653,-2.06867440933056,0
1,-0.7079057407598119,-1.2130531179331965,2.885771623383004,1.9332825328765937,0.7763505564105189,0
1,0.9484236919237501,-0.3630240856835314,1.938610793550724,-0.9611164659435123,0.7246297072627554,0
1,0.6987398665660987,-1.2681165798465472,-0.11353971585191358,-1.7054291812113638,0.5011910066364034,1
1,0.5178150398467003,-0.20242516250974207,0.5406882685085315,0.8966951869543386,0.43842272936006677,1
1,1.1399302389160058,-0.42881476872414925,1.107859146939385,0.32159371987773244,-2.0291193407712695,0
1,2.6401082080476077,4.059051875011988,-0.6639912272256809,0.43437554173537096,-1.8164464916390144,0
1,-2.4515413521185696,-2.1822968430280523,2.176524788656447,2.539399956270943,-1.8989787589096154,0
1,2.562407819269187,3.7313226284038032,-0.30971620866318883,-1.6275225541139027,-0.08646192987083934,0
1,1.004868321886089,-1.5720902501714482,3.758922288436109,0.6564918803023934,1.484896356652614,0
1,-0.885363954391458,-1.0878346433411066,0.10614989573269884,-0.4275416077850047,1.7761780468781139,1
1,1.090715639433793,-0.7052783002764729,2.9423435504767137,2.312320368512024,2.887748832168836,1
1,0.3452033997180708,-0.5538898361489115,0.6312367074707306,1.546121348813545,0.808182614097152,1
1,1.7282016891511085,-3.7332150843273535,6.140369474778464,-0.09114752943683291,2.9230062361312372,0
1,-0.3293543149661311,0.42442213591439404,1.7051335327637127,1.8762282985272445,2.0729624454350914,1
1,0.9458394728155749,-0.6013647956123813,0.501684934320602,-0.5836810297383856,0.4843189400350756,1
1,0.3248138497522298,-2.7736996295395624,0.4070897266402501,-0.12136618889212003,1.9607431099248018,1
1,1.3380122362817302,0.5026923435590458,2.4779191710486486,0.14619081548485235,1.2927702674768944,0
1,2.3115099913000363,-0.8344365315519071,1.7311948462146671,1.3404548078375562,-2.3063262359023637,0
1,-4.185434574034306,-1.3360164259438916,1.6097460662606757,4.835247673164556,-1.9198750157472046,0
1,1.8028498654824503,0.3793030745202758,1.0311934522777602,0.443188235664868,-1.0556691282053294,0
1,1.4883743821121604,4.7665737632276075,-3.2742882449282913,0.1350121404663196,-3.349102593830379,0
1,0.29524655343793216,0.4657871827869414,3.2687236544401235,1.6920314145941973,0.5685985324899274,0
1,0.7836698808616934,-0.29359664511667205,1.3904687024747,0.5433128986038763,-0.24783537755265062,0
1,0.4423108700919153,0.21337355167594407,1.1704868140785558,1.1904952531714599,0.9964037649018126,1
1,1.794571940875347,2.1100474639431486,-1.7809103881238948,-0.28935177738149664,-3.062582186637299,0
1,0.11910283902914809,0.18121172808759012,0.4496715490737928,1.2939700545648898,-1.9313209185899294,0
1,1.2686639033650295,-1.3140228192033085,2.3675360795163543,1.2548145765796903,2.514814396315208,1
1,-1.0313047600997929,-0.25279306787525546,0.5979673306824038,2.3066041411396565,-1.9322441139109556,0
1,1.874953401823174,-1.4885627365644765,1.1538857839159884,2.153395998910141,0.5420592430847162,1
1,-2.224036267615657,0.17156492980233773,1.118043706050616,1.3917997611499924,-0.3750358985301283,0
1,3.4069481128377364,-2.3150439252606616,2.9977437847674793,1.8631975707111756,1.940100002600078,1
1,-0.10674712308438594,-2.2394512954646792,0.8646195309746831,0.9109892188758633,2.41318684833891,1
1,-0.7167482633391538,-2.610605741779737,-1.1951885348248892,-1.528020383164832,1.0725163470305434,1
1,2.6853278986687394,-3.16479034318627,1.1693738714206907,2.7049908376483116,0.6688324691484453,1
1,0.7890363887909393,3.4244516455577654,-0.8268182628394318,1.1620518877662809,-1.929823757785374,0
1,-0.27994498142386925,5.1577982014116275,-1.371004253479827,2.2018194505752744,-0.8854422635606398,0
1,1.5934569202714777,-3.5631626887026604,0.2900810055495475,0.03233228221775175,1.1750889957133674,1
1,1.5939816266182503,-1.2135258443654673,2.2081677830694435,3.109634374583878,1.7287213421302772,1
1,-0.32069812607351467,-0.8847753744242964,0.7251858530257052,0.7398015687835546,1.725857489820108,1
1,2.1890961699682556,-0.3790724919682772,1.3459832925163546,3.478031355045911,-0.3358502581213143,1
1,0.031204649827174746,-0.10467562690069054,0.07828158771575366,0.8463351661707823,-2.567353308242301,0
1,-0.2840932583444953,-1.1901581064006241,0.16482385540463695,0.5911444695314936,1.2269150854653557,1
1,-0.4616992892884677,1.9186516480753475,0.8110123055630347,1.2674006832351785,-0.38424171841016364,0
1,3.6408658739214173,2.522759772714367,-1.0583325108162196,-0.4326087755819612,-2.927848041693114,0
1,0.21490897789886731,-1.6391477715110403,4.393923309166822,0.5489726611202752,2.218615596532107,0
1,1.0421271154078047,-1.4755498772156952,1.390946526315462,3.4558591677604173,1.2792716282029006,1
1,-1.5352423700407796,-0.835934102851283,1.504174188838213,3.736783473832735,-2.5733780335555054,0
1,1.303250284185396,1.9140023480906756,-0.30383491111871086,0.5447317594300155,-2.0948073331665755,0
1,-3.2788505238963612,-0.34555599193195374,0.799539912248626,2.935672339960732,-1.3214529884573647,0
1,0.6794301815856358,0.74163221871386,2.018024867555075,1.182362848839167,-0.6929089726139244,0
1,1.177154539429057,-1.0876246473052649,0.9486141589021388,3.6397094727282377,0.4265625261085896,1
1,0.27645520523150413,1.2470134476448305,1.3427471365457873,3.282269064276143,0.46169868120545143,1
1,-0.9081834423007573,3.1704546737952892,-0.3900957140337753,0.7516652169914547,0.41077979824552413,0
1,1.1717466124627016,0.531407255981788,2.255281188287633,3.106117933109715,1.2230379135948324,1
1,2.5947709281628084,3.1772191016445404,-0.7460274038962886,1.7386276943793146,-3.3735050101795006,0
1,-1.1065428656754945,-0.47913545141864944,0.974928711280771,1.641627128818257,2.3586537496420856,1
1,-4.623100514458611,-2.357105228035622,1.7501897997894893,4.726860527483379,-2.8623920944901613,0
1,0.10762317057380177,0.3641087280356514,0.9441411970691598,-1.1286125760026673,1.2976455402240554,1
1,-1.5478334031392311,0.606178325000331,0.03684394095981236,0.405945157752581,1.2343966751684707,1
1,0.12578547128455153,0.8362997494929945,-0.4793759498597112,2.8159439277599296,-3.168365744902728,0
1,1.48027440863078,3.498372040282727,-0.2476931951162722,1.1553607963279577,-1.1804174582941136,0
1,2.3625382485677844,1.9007581854068678,1.2141559778599906,0.20390895232550355,0.23961115937434152,0
1,0.777457259388259,4.668220037326975,-1.3618917085003672,2.235244753731471,-1.7173914070535754,0
1,-0.9004190812850612,0.869840651226973,0.10790535898004094,2.3602186112917867,-1.6809584594415852,0
1,0.6020651820968408,-1.1129175253156511,0.25009134330745353,1.3313192400713971,0.4328573001017356,1
1,-1.785898560403047,-0.04875973408083867,0.9731436218499583,0.40535856436619877,2.8693684687763312,1
1,0.8353085712918893,-0.24990734991461894,1.6338364793770543,0.16447201888124052,-0.3983842029853393,0
1,2.082207523223447,3.3788191390628866,3.9934252264185983,5.195237226657561,0.7235079057190393,1
1,0.5090308353652522,-3.7435417953374657,-0.7030382537442379,-0.9806799975863327,1.1231786583176275,1
1,1.4219870754995034,-1.7721973128547663,-0.666402052296295,-2.000803783886437,-0.439770727747246,1
1,0.6125915072024968,-0.13897322881045215,1.2650803633345045,0.5653235473171057,-1.2750756178150933,0
1,0.07220045489317284,-1.7873193676488721,-1.314535116341892,-2.4892840488529595,-0.016652647885931904,1
1,1.1308900068191574,1.651123411368166,1.9847315153029097,0.9943840777103289,1.108746266126364,0
1,2.0266795563388253,-0.49014086123939415,0.48149380412322373,2.53332957470023,-0.9722603932337546,1
1,-0.9566475342900023,1.4519707830223303,0.5828432526532674,2.2228249749881575,-1.4772683469867645,0
1,1.119807776908811,-0.7175874875528815,0.9515707231178394,-0.48982248897023006,0.9358740094872533,1
1,0.17849732227996584,-2.1477320982900405,0.40883084049615614,0.18948760464620185,1.681971246852482,1
1,-0.19517101415647864,-0.4731535019217087,0.8342365030599258,-0.4376987917571835,1.7387506988229755,1
1,0.15384564630425857,-2.8434082379586294,-1.469022087610536,0.3924969807177918,-0.17469520520893989,1
1,-1.756390455076286,0.32622449420312805,1.008012755370659,2.009670441968161,-0.1283916868558579,0
1,1.8312500225177868,1.7504638784329667,2.4433658067878294,2.0265015148690146,0.33967862938224336,0
1,2.3856240334361276,-1.8280330522133452,2.1328198855534417,3.760346807393084,1.1734733468110028,1
1,1.179407143814657,-0.09302072979641685,1.8418876925607206,4.634260950525764,0.7721797744826462,1
1,2.490315219987326,0.9755506196933189,0.6699079912684947,-0.7646546189717058,-0.7114816410246108,0
1,1.1655387917908913,0.08564981976411323,3.6921587434365613,0.29392089649333575,2.654030645436548,0
1,1.7635022633483763,0.6293050693504298,2.2311376758966537,2.8286939846352954,0.6789538798891805,1
1,0.5961319269741545,0.6360408963713078,2.500927931901069,-0.4365191364215495,1.3539111125043677,0
1,0.6260314381831147,0.6989693513262079,2.6772406775606283,4.16049896210407,1.9058077193845007,1
1,5.430784455523726,5.138447619116023,-0.6588530908845549,-2.8517625053604614,0.1738446481502769,0
1,2.1904505215571275,2.0784374436844413,-0.22860861238387908,-1.9749986297866147,0.6037095817899458,0
1,2.9028299528599995,-0.14966195522724735,2.7658262553340016,-0.6745466874236514,0.1402991746046276,0
1,2.435502897628282,-2.2824929350191354,0.8590361299760838,0.43958091011747114,0.39532571404250905,1
1,1.627356169699023,-1.9887957767237623,-0.47897870115432783,0.8221539324984448,-0.7196513058305696,1
1,0.30009326456902086,-0.013062053001959839,2.458515117752582,0.35213714745344016,0.6862527167646908,0
1,1.1654541730770913,-2.96593149993568,0.7940284973083154,1.6394706768551575,1.5552248827417094,1
1,3.3574409401642304,-1.6227657013440344,3.086637539170011,1.2446567954287333,1.809011055436685,1
1,-0.7709531751271888,-1.1025685573089559,0.35083484408708954,-0.9887230516982228,2.0992264971154215,1
1,-1.3001406806563822,-1.1969142433573872,0.02245084678698439,1.4883641432674368,-3.470132560882301,0
1,0.3050332772035139,-0.40002235669102615,1.2560498150631654,1.4684028800548747,1.4944115445614645,1
1,1.682581034835685,-2.743957146672864,-0.732259605378776,0.7600387455156421,-0.6583069106812021,1
1,0.7489558054213094,-1.6551997557241056,1.4929566874394897,0.16714404190160992,2.263008178927909,1
1,3.931836107572049,3.2564983194187076,0.5844023124951709,-1.3728067703472884,0.5614675701823064,0
1,0.16426671496231726,1.4791907526638792,0.8207893900862413,1.1689567697740308,-0.6270837631050297,1
1,0.23446752433100915,-0.6420720856461715,2.0878275553029537,2.242384798108519,2.5336738861663046,1
1,0.5863750206439668,1.583763699112804,2.349536359891445,2.722538524995196,-0.00685739385472528,0
1,0.6240979633412284,2.6197011362765514,-1.1471036440085767,2.7498705453801247,-4.0916715290930945,0
1,-0.00860316325720456,3.8954607314308967,-1.031930624565934,0.5848243945260767,-1.0535086208469335,0
1,5.374003526831673,1.1813985399431777,0.810457542741423,-2.8521999030904017,-0.9729226553453318,0
1,2.0207957237708696,0.750396223872752,0.13250500649240893,-1.139771217591862,-0.9894589289216712,0
1,-1.7535786408924157,-0.24467197090287207,0.06746856171124904,1.0225445060564604,1.786394394390944,1
1,1.479780903011872,-1.273150368410567,0.2907641783724525,2.3181295800293,-0.29021888086825487,1
1,0.9761297085362376,-1.4395922166125579,0.13929133524828674,0.7900261360868807,0.26798965084929827,1
1,1.1681095192523434,-1.757337687415768,0.1292739677132826,-3.382821648282471,0.9218108402468568,1
1,0.22339284923096148,-1.425543278835625,0.5534430357844221,0.7991084010213326,1.3555369011527358,1
1,1.4234641293449042,-1.6488080494783879,1.104546120345672,0.4847150699754885,1.1777604102399692,1
1,2.1585939576876174,-0.6004208691502473,1.585742015061081,1.8793790252233373,0.3849769672431228,1
1,1.47166753525579,-2.1904052901385596,0.2638577406155138,-1.9171558233525814,0.8412480475439558,1
1,0.9978684962502686,0.43996644319814227,0.5732832342755366,1.2703069802900653,-0.31566100964006916,1
1,3.6001914465925635,-1.0836360390909736,2.0043914077043223,2.296751232901566,-0.12597843435519862,1
1,-1.0168049300034543,-1.1999400334344794,0.7772975582516908,-1.1412454786559092,2.85072313034099,1
1,2.0013356966491678,4.208959131006424,-1.6361930781343035,-0.4921532196121494,-0.9700281696751155,0
1,1.8595945359851087,-0.924274132604896,2.467966660753246,-0.31457784809224054,2.19712278063439,1
1,1.480451653221334,0.4392473286947376,2.2409448137111316,3.541376838683554,0.8898940103255432,1
1,1.7350295446212014,1.016063922862052,2.648789270858342,1.198617457980522,1.0154918393123005,0
1,1.2784700833772469,-2.180610062267693,3.0497518899678098,1.7391108510909814,-1.5596167263234348,0
1,0.6104785954275291,2.2909326806829347,-0.48856250327372996,1.3383669632777457,-1.6992257439893748,0
1,-0.9144129228123901,-0.38313809939659915,1.1579473219512602,1.6674629828453065,-1.5865494722327464,0
1,1.3932337470194096,1.9441990111039296,0.5367241726599244,1.1704193031797518,-1.7795939383759531,0
1,1.7166615680555786,-0.44999801844582943,2.6390985525854127,1.7507395754980069,-1.1255865192443255,0
1,1.2257925675052936,2.473949295314427,0.378831519231822,2.7290611383452847,-1.4640109657690445,0
1,0.8002014491500267,-1.8510219346564694,-0.04009120172523173,-0.7506823916059779,0.6382414529679961,1
1,0.8571308708517454,-1.4729719182679906,0.10798591623737386,-0.9242317401590259,0.6339215599621149,1
1,0.445493422656411,0.9229362775599316,-0.2938511274448441,1.424247074629994,-2.650868558275269,0
1,2.2968220199480545,-2.92947133321189,0.15825390966674602,1.1541647616523545,-0.08681334333480217,1
1,0.4018604401345366,-1.1791483819498556,-0.6146787960826865,-2.1017974509593738,0.19679378551750837,1
1,-0.45808986312116895,0.9701510888534981,-0.3781596188826899,2.3448308492028915,-2.799180282361839,0
1,2.8313262520463107,-2.6155102057194597,1.20280627681079,2.4588505068799584,0.34846437069063063,1
1,-0.30012450628677456,-2.23789133316022,-1.0668527199339373,-0.7007251999818092,0.5202879547812094,1
1,2.351153583087275,-1.3385867478872928,2.668597765570972,3.070091971292971,1.7084497911773373,1
1,0.14813300356208414,-0.2754960953084009,1.0445818884025972,-1.6746761448845278,1.8248711814318574,1
1,3.728040540769599,1.0208107768875103,0.3437452536220589,-1.1625696024889378,-1.4132309322423602,0
1,-0.9953966723125713,1.520767071931382,1.522252077934659,2.0989207777967365,-0.5138169595315345,0
1,-1.0220951907942584,-1.1762057523011564,0.21046478509388689,-0.6020927114789341,2.0847814796855673,1
1,1.9172645439593712,-1.351781633179753,1.956664095018343,1.164012468873212,1.541872197065075,1
1,1.0779877159806046,-0.9833686973727007,2.2804355997049495,-0.22675067235699764,-0.115293218805536,0
1,-0.15946405643482464,-0.3740873478458142,1.0586324707736139,1.3354145031230404,-2.09224485344793,0
1,-0.13794484710518562,-0.9462559014955079,1.7914715413714273,1.5759405650567335,-1.5390644097321018,0
1,3.320435735708203,1.8720608171497215,2.4042229051316695,-0.5549268105568395,1.3552123440895794,0
1,0.9086094145077146,-4.075126926967302,-1.7429500722033135,-3.3974445351064464,0.13243817091447374,1
1,-0.0018590249876357934,2.6818594209739333,-0.04179357170130382,3.088231717582539,-1.8774182438556757,0
1,1.2567150320803973,-0.19982835465284499,1.4961397997239796,1.7324855679463216,0.8314505885842184,1
1,1.943712305983227,0.13817345935701852,-0.4281768101620793,-0.4355275667066425,-3.427769818932242,0
1,0.11964546905619433,2.0502817820475356,1.5945222667505732,2.450304992819768,0.6031777773993632,1
1,3.4419601506160373,3.3837184727848175,-0.47025352805099296,0.07763283326318726,-1.3974877683680318,0
1,1.1041271460344873,0.029278061351293294,2.3218541469326635,0.485004075521441,1.9868437590727015,1
1,1.4405526651383462,-2.9416094675994677,1.4173404886876082,0.23764605820020046,2.2829464224532012,1
1,3.8162090459232814,0.006833266831991147,2.716504855089723,-0.8428784331490209,0.7186098917730954,0
1,1.0509160450968564,3.2237358920934946,-1.6355871962214952,1.9856460465183514,-3.101551848179465,0
1,1.870972641788777,-2.063734489256704,1.687648643488777,0.32884865045500256,1.7647333026365586,1
1,3.506847207849287,-0.285995710591779,3.2137640169573714,1.8270400521286003,1.0548009320588145,1
1,-0.18754159616554777,3.070941996519574,-0.14648544866055357,3.885450259566775,-3.135209518908878,0
1,1.8122582590428564,-1.6728728231554773,1.8468326825241161,0.6119005899670218,1.7432423486747832,1
1,2.389702793029007,2.7142129788198917,-0.3158099469799627,-0.12629108035685244,-1.425479364545568,0
1,3.1163831735266125,2.6653057905587105,0.6434232740187227,1.2232288487876026,-1.3998649377900578,0
1,2.221980918607006,-2.376457957830139,2.6156636168287806,-1.1402107360691351,-0.4002022802273414,0
1,0.716782789545703,0.01294515274902619,2.3695887342672712,0.7550081510653336,-0.13041128662677637,0
1,1.790610633048284,-0.5934159263748194,1.9091648534925314,-0.7154969349257019,1.49004141424876,1
1,0.42761759919595943,1.4632601586914933,-0.09048858444175423,2.080126452011612,-2.1021334475770006,0
1,0.6058341311657545,-1.9077066460906111,0.6036635135113885,2.692271197376228,1.0438631278412476,1
1,0.9615845329110088,0.6752693540208168,0.9589497930633134,0.9923215916407764,-1.0668257029479091,0
1,0.4324954753587027,-2.6029024600689903,-0.7671639759126088,0.14017654457827122,0.32798743536487773,1
1,-1.0742686192811988,-0.4541566613978274,-0.3816097391541915,-0.16453302484630927,0.9845624402516968,1
1,0.8207399259412105,-0.06651082731678049,0.8510109607436052,2.5916648923101606,-3.1412316407137206,0
1,2.752981523831856,-0.7454716534362765,1.963244998271752,1.1888174087165413,0.5416697891070318,1
1,2.584520828958341,-0.17696804870475713,1.343314594368142,2.7739688425719318,-0.6192103363910499,1
1,0.10869997181935664,0.08756995762147124,-0.1557564398715503,-0.6017936861329194,0.05484714041815186,1
1,4.406206691363595,2.0172062696918998,1.7782539079144768,-1.1618906786620977,0.02643529349520035,0
1,-3.2579341225759393,-2.540171313263491,2.690166013832739,3.590628023048655,-1.052449624315747,0
1,1.9716914479573542,0.2157072946462858,2.0824003644281257,1.3328605873922672,0.6401230553744903,0
1,0.5815789690596281,-2.1772374979877798,0.22408272499265747,-0.6543998040890853,1.3276784005370756,1
1,-0.23016611617035232,-3.205943151851721,-1.3967771510064422,-1.3091803974034728,0.699484057816353,1
1,-0.09377222162430576,-1.3218191269302537,-0.18807733979843855,-1.3568789399119323,1.0477526540891688,1
1,3.7036063227783047,1.6825847512818102,-1.719956764891026,-1.9152628611271498,-3.368349235112129,0
1,2.0769369128859445,1.1068337020560797,1.3687114205104054,0.4130291188787396,0.1006957523058245,0
1,2.9340195803971336,-3.733159366266477,0.48233268131086493,-1.7245574683252483,0.6463743319302263,1
1,-1.8481890634174913,-1.272968170446537,2.3883180735624983,2.7160690863770767,-0.7077963050424365,0
1,-2.403592543686387,-3.0508188739807034,2.352505203899015,2.1998526909864875,-1.2963556598627024,0
1,1.7784549280365887,-1.2061675395600937,2.576547834824205,2.166433143733186,2.1300164308806626,1
1,-0.8712136224805709,3.46927076059795,0.7334847900532087,3.485723825977385,-0.08514137655136145,0
1,2.3026545767286413,-0.8664491189874439,1.8838700457052044,2.1631631825678737,0.7453237711000319,1
1,0.5711062730744876,-1.9311420193900584,0.8357412650388407,0.31848258027726306,1.7480192500367497,1
1,2.9219303393379454,1.988144744943667,1.199074781330224,0.36875669091540564,0.38211432213997143,0
1,0.41947642756108505,-1.6126540016684383,0.5616556501843256,1.5730516556587284,1.1678995895154836,1
1,1.5780684415866517,-0.7975823939383695,0.9966563691112823,-1.5156420613156745,0.8033530825045863,1
1,5.208204282858279,4.3425637595995745,1.872962835975962,-0.7242913156880553,0.7810555217982547,0
1,0.49864804704750787,0.9380521998379345,1.688287596341549,0.4666789347982453,0.618279557898439,0
1,-1.1068435884622811,-0.8928956098889028,-1.0383512992038302,-0.26908240747025647,0.4847421744926781,1
1,-1.3412201112710154,-0.2701447457956937,0.20929215734787598,-0.6725703464220629,1.8704911735778436,1
1,1.3614052159753383,1.342083091023592,1.072205207673752,0.44472859319654523,-0.45685333791116456,0
1,1.9064782610958528,1.0791946980524536,2.132472936916649,0.5203936797709297,0.23663131305216045,0
1,3.68282717304488,-0.1626968323003577,2.5186103049979485,0.7632853147579075,-1.4236869202310853,0
1,-0.0032543932205417736,0.35367047767908655,-0.4106564825959842,2.0714324286781336,-3.3395968196515726,0
1,2.5593669843100497,-2.335649933615069,1.0402619442260068,1.6382631609866494,0.3821671094666492,1
1,1.7317333620153077,-1.2939847647942564,1.0872581165573842,0.6680246452710951,0.6831386908730124,1
1,0.8610033539195643,3.1436676608880285,-0.18386712103466318,0.9423181376570494,-0.32871152271607085,0
1,4.847983947146017,-1.5226464413272844,2.87769017241592,3.85979480079812,-0.13218088952202023,1
1,1.290593025903896,-0.5875779288513299,2.517166309324282,1.1722609319237929,2.3034788637920824,1
1,-0.08633357092686045,-2.1790875530336393,-0.8462525974806456,-0.708252476971061,0.5773026346023136,1
1,0.26797290785969596,-2.2043069949851013,-0.5979775574366943,0.11613118646216214,0.47008324002401947,1
1,1.1553654223608973,1.4162381432419324,0.9231581531908146,0.6132092449876851,-1.019198296092014,0
1,0.575405928114016,-1.2400071484893966,4.614330063179336,0.08944336366353622,2.52081229366001,0
1,0.89342023749875,-1.1375831684324285,1.3909568754832144,5.088284571760125,0.9504086233607493,1
1,2.754132315350833,-0.5528431236665445,3.0183004898543517,1.3177972547241956,1.6722003088693627,1
1,0.272901819043017,-0.4513619198064198,1.9851729621620535,0.6784386354992931,2.535756659808788,1
1,4.687942946535278,-1.746048400064724,2.566922546262503,3.66160729647592,-0.24081919907805083,1
1,1.6579985598110611,1.1573059933464402,1.9584992293430643,1.6765118097215113,-0.39580661622203517,0
1,0.15786298459523984,0.40528805985821914,1.5681782579387087,2.126361556154783,1.4560124025582852,1
1,-0.8526026079094153,-1.208348253682486,1.5644193784079339,1.4272089136878399,-1.8293292985987466,0
1,1.4354207125780447,0.6747163691808846,1.805398530591844,-0.6498859409307822,1.194531178538262,0
1,0.8817895287456172,2.3382106145725903,0.6214198843441032,2.818246094280143,-2.128486292948584,0
1,0.15176129949382278,-0.08649360930590022,2.0204245442148245,0.6971588102619355,2.4831398706319647,1
1,0.9789751478455574,-0.974389316178588,-0.034887670781677205,-0.6859934530302396,0.054561061016320966,1
1,0.48881844753965786,-0.5519181446969907,0.25092734072670897,0.3600346527777215,0.4098782540168515,1
1,-1.0246843699533539,3.0449736514716044,-2.8225845398889673,1.2781473144739133,-3.4700182067455785,0
1,0.8529057767468182,-1.1951957533210962,2.070928191892249,1.7837643130285747,-1.9502814488899198,0
1,0.7406722908023653,1.649510091715416,0.9991302804323529,0.7670349231803778,-0.36429156834489484,0
1,0.2343630016332151,-0.8243376354525971,0.463750978048845,1.4315711479380129,0.83430266037011,1
1,2.7340373119663344,0.6160852709285503,2.970718198675436,3.332412323881101,0.6776136848533671,0
1,1.4931934137845677,-1.182281161907412,2.6074019491816545,1.520349543002127,-0.6629543590026298,0
1,0.05476829259430438,0.29754455501629207,0.7747777410709131,4.1042606478656705,0.33308514246619514,1
1,0.8347484599320416,-1.143578119757541,1.5665880441494837,1.736918352407602,1.7781327219724086,1
1,3.4947595856726466,3.4046177085442464,0.7049983188720623,0.9693887431182843,-0.9552556298904151,0
1,1.6057994641285178,-2.6762409098954483,-0.443382444600227,-2.424824030270434,0.20439971743732688,1
1,0.2572691394803136,0.4413848175325046,0.7721060924880176,3.047613910628312,-3.0942435076447317,0
1,1.8680973563587608,-0.9448564323903506,1.3651890392629826,-1.7434454861827993,1.1308592533133877,1
1,0.35974200646868393,-1.784495898043704,-0.10799378800657422,-0.6530512682569123,0.9014562405600764,1
1,-1.664258219370217,-0.2133592909037223,0.8413001122432446,5.001748917841315,-2.960121216774812,0
1,2.0359612652478325,2.4489259995524693,3.940274061169496,3.8005026104166992,1.3529464272580238,1
1,1.6246890821637616,-0.18638614303969137,1.6939221429023388,1.0567079118342784,0.874385760529188,1
1,-0.13935143050512844,3.0431622393598,-0.7073085721579346,0.6996146513721484,-1.2315834684063023,0
1,1.3006921322804985,0.7403858635972018,0.35211676230341327,0.8714924609268655,-2.845238998033868,0
1,2.5183099473045245,0.9496192993898148,1.8781777645639566,0.05136484148230558,-0.033001398251764846,0
1,3.2911480675635425,0.6805370372317796,0.6471387420786356,0.4998764178526084,-2.160048057090014,0
1,1.9906386282333475,0.9257446209216136,1.2549907410784806,0.07283440595642332,-0.3464348404795775,0
1,3.2453048806300653,2.0498824806738383,1.7609939253591307,0.9035085752525582,-0.5520056330945531,0
1,0.7023389684294956,-0.6465316223337785,1.0682151135811384,2.319053463669497,-3.1775217657330828,0
1,0.08872333191257442,-1.2175034922826304,-0.25888540966740936,-0.7097379492597746,0.6130868110748051,1
1,-0.29494988949675416,-0.383517458288406,0.817345884494398,-0.9135549276538282,1.8351643310332475,1
1,3.081516435700989,2.1091243852943142,-0.14632635908104707,1.1908263859150163,-2.67704104034203,0
1,-0.16142854065861223,0.9441620708003468,-0.2626824275800901,1.4205956099407953,-2.6480453352314184,0
1,2.2456064456688,1.7513412549714218,1.8584534691269905,0.9448176590125698,-0.22821916322876512,0
1,2.2632908589321103,2.7805118284318304,-0.21335616205603403,-0.1794578949082286,-1.175564423682189,0
1,-0.5095599019850341,-0.27451140977940636,2.0829148493086276,3.3299584168588994,2.7741546170969555,1
1,0.8538582178526488,-2.3634218373647675,1.2995815031245903,-1.196670862520011,2.5462896760549754,1
1,-0.028297440662026663,2.9077525150746792,-1.2937509512142973,2.5901156528954297,-3.0859891334491665,0
1,0.2945709846456189,0.777672784756079,0.4669164438515202,1.5057850882790318,-2.0397623945630157,0
1,0.9650903809481185,-2.496083306066377,2.7033303868344922,1.1657841927551182,-1.804559556831482,0
1,1.0386342482179036,-0.5958654111842143,0.6573951798434028,2.264546839807622,0.1530677972662412,1
1,1.977798601704556,3.6044842096475938,-0.2415304350471954,1.1503379944699583,-1.0896248905829173,0
1,0.404687298186889,-0.4371910439064417,-0.7842091381370138,-1.901598968411057,-0.4617790144592291,1
1,1.2139501631601894,-0.07554544001135588,1.6615630223013,0.23755122704495102,1.25351274122004,1
1,0.27457609463460686,1.9814894904599232,1.0146945417382385,2.2522253882564356,-0.69795183082933,0
1,2.5592126478233976,0.7055650438410489,1.733969166589676,0.9275549241023004,-1.2187097368170912,0
1,-0.2903716430324361,-2.084023598110901,0.11798161324512879,-0.5464771323942132,1.8460074261017059,1
1,-0.9688466812295613,0.758199757292428,1.1066669147522978,2.870545371569275,-0.9803473550664796,0
1,0.5953884461651775,-1.8924201174640651,3.628854259746614,2.2887386041457294,-0.10271651651617864,0
1,0.8760245155141912,3.092217396402693,-1.667852007245044,1.3785285901017772,-3.0573622174653403,0
1,-0.6341111891205482,-2.802000931626657,4.802381525845098,1.818492351191009,1.3852595899416,0
1,0.34761030067485543,4.586545015711836,-0.8282374250423612,2.7378433576916485,-1.5001635290403916,0
1,-0.803776277149344,-2.672218024369749,-0.623418332212506,-2.456147902504212,1.9835361905618414,1
1,-0.25403869148380576,-2.2578458307676295,-0.6863511841153935,-0.9638863324780507,0.9766792761204152,1
1,-1.0747455460200137,1.3764656622256894,0.5407006332183584,3.047717468130194,-2.0674881270936765,0
1,1.5897157454174364,-3.391532592843841,0.41199861890514233,0.5055909770026212,1.1266052050889148,1
1,2.0931678149054274,2.7281950369678976,-0.3507017999670299,0.7806674176877683,-1.2290869861543883,0
1,1.2793839309211221,3.0540050517041877,-0.9341272270391641,-0.1102165323672788,-1.4503599184432792,0
1,0.5684709198806843,0.5672144379889767,2.10009609195109,1.2868596245658805,-0.2970197435877815,0
1,0.7800742637904009,-2.4228822769420573,0.035423292741461165,-2.024992109610265,1.2684650362876737,1
1,2.231194402634954,-2.5744613054843537,0.6504738486460906,1.6435821827268893,0.28950642427980366,1
1,2.243585719937175,-1.589979507378085,0.699395210874458,2.973272322273808,-0.3919745510577841,1
1,2.155218406497704,2.1569053974721584,0.21299136212507097,1.4006327430108856,-2.3134805800134997,0
1,1.503065245868683,1.4573476178281088,2.225608522462099,2.0337937946182656,-0.4369380992589098,0
1,0.15253726394100742,-1.8988487673760717,-0.10421822472340025,-0.4678506670671405,1.0858775547592967,1
1,1.1599642714207226,0.8159218865928644,2.1637272456635612,3.980953750292641,0.8480553389589784,1
1,-1.3965628987287317,-0.36812162138594706,2.7581022552702636,2.9518140396456296,0.9061985746312189,0
1,1.0059085519731328,1.2364029544114667,2.506197627233787,3.888149890144969,1.1521862115593968,1
1,0.9987740632785571,3.681135626427216,0.1063099127159649,0.5783303986885537,0.23894170040067486,0
1,1.0346513771823564,-1.279547402022791,0.7424976215812553,0.3579115471729246,0.8994972539909104,1
1,2.3144343049880014,0.9351682467043169,1.0559287328570177,-1.4875630958704393,1.1699920948567226,0
1,0.953233398833936,-0.28916804644355976,1.2256680729522316,-0.436551779937409,1.164629618635657,1
1,1.8544317247090225,0.299201594958561,0.11019130899333207,-0.05205922978427324,-2.7517405970337387,0
1,0.28409017022533256,-2.688666674311463,4.036230686688679,2.2066909237367467,-0.7247990888494995,0
1,-0.13239830088031512,0.5600170013285539,0.34391474783656184,1.470543412697095,-2.5979544788215136,0
1,1.6608461016867764,-1.2247596648952193,1.5641707131865208,0.3048463969585449,1.361897697099586,1
1,1.7795281506513734,-1.7070140639263696,0.8498737328542028,0.8981698284433068,0.5544014841614409,1
1,1.0131545042504622,0.2059657857567303,2.009054680366604,0.14413308967699834,0.3307578974290999,0
1,1.13317503263702,-0.01595128202848195,2.141413916135212,1.5879501755947056,1.6538307146184308,1
1,1.529835568852114,-0.5453572801079617,0.8353736264530837,-0.6675243100483297,0.3704765332996558,1
1,1.7708074958472233,-2.3762420124319945,0.6572698148226581,0.932488951051907,0.6833580570043027,1
1,0.19945374960332096,-0.06410200637728791,1.7785060335026572,3.016237159180472,-1.9631492076959725,0
1,0.6385409434719365,1.7090552461983282,0.9053869718824087,1.6860645361136344,-0.975199639447843,0
1,1.2265208097744273,-2.0851302934930143,3.536512976585592,0.9016592848265521,0.043993576268011036,0
1,2.8857655385997685,-0.30759630393746595,2.5995703717976197,2.309091095590059,0.7604452282085545,1
1,-0.2696553714926586,-0.3986153886887174,0.2578291542537219,-1.8031173967321754,1.323525365783773,1
1,0.24532225069352454,-0.033475951148806304,2.145096796990034,0.09046196525845607,0.18184036996837105,0
1,1.6192232554424413,-0.5709249000995003,1.2735594152738636,0.17990419705864547,0.7283698892524912,1
1,0.601218171752647,-1.564635035544029,-0.11850370007571254,0.33796258249526223,0.4084030181493209,1
1,1.52918322035566,-2.524465648338361,-0.3865308983164544,3.0407977058675004,-0.6031573245685458,1
1,2.9097903850749676,0.1839153141162495,0.23419945504390993,-1.1300426335391451,-2.844372750474937,0
1,0.46656290986615645,-1.8748421423914956,-0.05741800745985293,1.4616624121122985,0.5612020942404046,1
1,1.7176356624818765,-1.2364789171838535,0.7020275980211705,-1.5268441710712493,0.5870836687873167,1
1,-1.4559696858097757,-0.33395865095669386,-0.03178629826796597,1.3995913884668065,-1.8314182924232525,0
1,0.5869686644949208,-1.0619224257669289,0.30920362286020964,1.495761001224007,0.4806888453462741,1
1,-0.17653880774535757,0.22690660751000757,0.8447083463495593,2.85557873367941,-2.557026425892235,0
1,-0.025781913418542413,-2.7019889520744655,3.31274474985986,0.24621730419499854,0.29254050072965887,0
1,2.713889048337991,5.422810360967967,-1.2686239763777598,0.06278981919095883,-1.194488775620575,0
1,-1.879758117447861,-0.36057636031592577,2.2499464617403957,3.4565396020801424,-0.5779383291896126,0
1,3.0986727307386324,2.236309009578013,0.04741142783611618,-0.3277595650530243,-1.226219206112549,0
1,0.09246856807120307,0.6139287597922103,-0.10353112950797128,1.447827321956379,-2.7283092540267004,0
1,2.260295983048829,-0.2295493866611502,1.4957059417772818,1.3372033088833644,-2.0640057736894244,0
1,1.128025872796174,0.6974007543285048,2.224478534930358,2.5088089016991995,1.2084782351043064,1
1,2.3578806123364777,0.063750671243469,0.8311562431504207,-0.4687737532907943,-1.445359903274995,0
1,-0.11595544537762659,0.8717042715245522,1.2662630567197424,0.9493000013552242,1.2739478833878586,1
1,2.176317172238118,-0.05044894162692337,2.5049734115718554,1.2914643401757266,-0.9546175744785981,0
1,-1.2093110107972347,2.4659011306481755,-0.31485152462621735,2.336726426329553,-1.3827343669775891,0
1,0.9393454065893762,1.5928108809452652,0.6585222241351278,1.1798198632317694,-1.4286241367930064,0
1,3.514611045621366,0.0064947524831500125,1.6819550803760204,-2.2609921788757847,0.4321144098011622,0
1,2.835816557936848,-0.9591819733447854,2.8037021509302376,3.1597833699489106,1.2518665633245007,1
1,1.4707711462371598,2.3223583171317936,4.065823915269447,2.1506027257398483,2.348631419878971,1
1,-0.5296928859658474,0.8590245459266408,1.2765357307455816,3.236820642300624,1.2791675385419914,1
1,0.7167448073352991,-2.6473756435252778,-0.30512845409044975,2.725451798447123,0.2736396730529672,1
1,-0.36440499293211626,2.2336428631777006,0.08144459823452144,2.6096556476286557,-2.0145217050908535,0
1,1.1997688593621956,-0.6766887070117544,1.1022445111382,0.20848062390632716,-0.8491436857278187,0
1,2.3739881547513777,-1.5990938285439729,0.29006810921795667,-0.40536435756441014,-0.44347672134212535,1
1,2.028341013821767,1.4608719734117934,-0.06606367777901245,1.1229852243213154,-2.639231043990023,0
1,1.0868413858076786,-0.8332123895459658,1.4876443537535122,0.3305154638308445,1.5120072090089716,1
1,-0.8526055922983986,0.8300593434064263,-0.05353953177300719,2.298818683691534,0.12673889479158462,1
1,1.3303360999815181,-0.14870401138542055,1.1996049318300075,2.133301479887791,-2.8294582662193397,0
1,3.367384839854152,0.49420968442504243,2.9104784973691356,0.5706278756145193,0.8224443028833988,0
1,1.2971659054061058,-0.9168232788616639,0.9343707358869964,-1.1750979874485457,0.970572650914354,1
1,0.9436106592988632,0.22079760923150182,1.292140967645483,-0.27179219845620506,0.9511517167926168,1
1,-0.6216967465472938,-0.09019605845120326,1.6399430180648098,1.1082742719783067,2.603374842636927,1
1,2.153543507734729,-2.7179126356586365,0.1472946052868641,-0.5787434537925562,0.18132969661272014,1
1,0.19741391236380623,0.7210719658405154,0.025408402732591706,1.0226278439774552,-1.7519706661521766,0
1,1.6843856842746006,-1.3233322602139541,0.3353017969213141,-1.6100711048047458,0.21255300403090727,1
1,1.4989787780552077,0.2645673529288346,1.4428774942886011,-0.29435556563988796,0.6760669704109612,1
1,-0.21431849350392596,0.1692341301412219,2.6368189026164335,2.711232718054233,-0.9016191846568292,0
1,1.3610532492173926,-0.8020830443009449,2.2759591263527215,0.8075253499191428,2.1437325296140277,1
1,2.7779467350693903,4.643011079269953,-0.48784542551954835,1.7479088373140659,-1.8330304239832567,0
1,-2.1732778549196006,-0.19416087854045294,-0.17306575684511527,2.674962316074251,1.5242595593899262,1
1,2.549799071647073,0.16334011469955945,1.9508853193505007,1.224065676577904,0.18198556923624742,1
1,0.5379814543263457,4.110527488875157,-0.6827431278905023,1.410017930386828,-0.8493335292136778,0
1,1.6084354636188452,-1.021235947104234,0.5212682139745415,-0.16122916036980928,0.10751539975847924,1
1,0.05147602041581045,0.4796921271058213,0.457746328636764,1.707558603161349,-1.6016947786253408,0
1,0.12982978706684845,-0.925400804589345,-0.9713814595156756,-0.45526637711523854,-0.4411329160133808,1
1,2.8009214631036814,-0.41748149141598523,2.2183660543115002,0.2577321066741213,-1.5416888036893783,0
1,3.023673481859287,1.9306266409762243,0.5162672772942631,-1.1443417734070218,-0.32553795214743864,0
1,-0.17484529398974447,-0.6997932817689545,1.6640988535267365,2.3028604685171556,2.376261823111184,1
1,0.5171699730188319,-0.36713799211065856,-1.8372472919400646,-3.047223064108098,-1.6575444980579292,1
1,-0.3354799846873342,1.4086659615570571,0.9968271811910243,0.4286480925667957,0.2380985620427667,0
1,-0.1448567357211079,-2.6389373032887926,-0.854063841374668,-1.1616478961255097,0.9397160815442067,1
1,0.34996160392111286,1.5529484247873533,1.5225560973994579,2.93088678854968,-1.1295112170242525,0
1,1.171647514564376,-0.3889215265281236,1.274506382079673,3.369913375508832,0.48067498374815854,1
1,0.04816785944300139,-0.8782573136423663,0.0400472342261714,-1.526162808923564,0.9973480292534113,1
1,1.5014957437328826,-1.0418295107696824,2.092432151891492,1.1242653558349487,-1.090671501556696,0
1,2.2717039561934196,-0.4576185205343878,1.6597037641053312,2.5851324369673554,0.20351635614336927,1
1,0.8674708326303651,-1.030744025705321,-0.07719197038723036,4.126339096185496,-0.680769290489613,1
1,1.3701734571470476,0.1866142410188898,3.129987813046215,2.4211891648852646,0.3095365073980787,0
1,1.6948190219441064,-0.7648595651942145,2.243561001178359,3.377418789794103,1.3864593896294815,1
1,0.6002899536278775,-0.6322768712556921,0.5055010046326032,-0.00030080983357616553,0.7254175473187792,1
1,-0.3652798858521549,-1.2636901109536671,2.040329567479075,0.8430062108765932,-1.785134048236432,0
1,0.49916471790388905,-0.3848111751277562,1.4296228948445608,3.152421772073124,1.2616000812718584,1
1,1.1294244546734884,-0.8222517779983802,1.6901835700529282,1.213482487068546,-1.8495972489796952,0
1,1.0731790639737078,1.1086550905523564,1.6330346521055137,-0.130106214072929,1.1340245601102152,0
1,-0.6674600414374636,-2.0450047240637277,-1.4689306166345095,-0.1660383007049584,0.16654069869294097,1
1,0.564150474482166,1.802733276924057,-0.20458949875959398,0.9894174880841492,-1.5262574278773218,0
1,0.5204277030580422,-2.5993403627963803,-0.10837213065277407,-1.1735155820566758,1.234555968729813,1
1,1.3832273314075159,-1.9650985121537468,0.5824475420563393,0.6459604341390706,0.7380765394515296,1
1,1.606726934082153,-2.653545931050013,3.388397009141269,1.0230108528301374,-0.028980659508058282,0
1,1.339481777810652,0.31004975475859564,3.5999452353030423,2.786761672909262,2.845578025473338,1
1,3.761138631795743,-0.26616274059595124,3.1113474535965078,-2.7380328796756,1.9266799339305862,0
1,1.737638236859771,-1.8385942556938586,0.28113330816640647,1.8004998024892045,-0.1751172335965836,1
1,1.4245562529882485,2.0645045045964667,-0.4496778903456895,-0.46667340853354555,-1.4845819872349182,0
1,2.933394936839541,5.373940719747562,-0.8901753717865593,-1.6862575385037375,1.0971136335745757,0
1,0.6498453044830554,0.692391379705658,2.1447812956956493,4.294027993582225,1.222052630234144,1
1,2.0769503172307253,-1.483731981081284,2.092286490683741,2.4831463272418985,1.4234228076017157,1
1,4.408605116672716,4.373987255908805,-0.47722897400607667,-0.1351611462338036,-1.0498018249939516,0
1,1.4163394761736292,-1.6930988093457828,0.9998105346672502,1.7054426664763398,0.912722635262164,1
1,2.720139949129071,-3.410061243736945,-0.1746703271932557,2.8445527227177694,-0.85884534795275,1
1,3.5617389775232193,1.432640754394738,0.9623300295172911,-1.1385525697162464,-1.1402598259923833,0
1,1.0217648629754943,0.7777635863177216,1.5925480404566112,1.434807065446954,-0.005533435291498523,0
1,0.6900154973963661,-0.7665415618494303,1.383140158230486,0.9776475615037419,1.6057161026869198,1
1,3.1633658318266726,4.466823985763692,-0.7141727897485222,-1.0914327012472809,-0.020144807201043613,0
1,-0.2557858330887408,-0.32515202809329513,3.4272218543024944,3.7951986001176623,-0.4902914150723253,0
1,1.819175946691253,-0.8330577147030918,1.6976371338584861,-0.010083408816149664,1.2213033466282612,1
1,1.5488665320164068,-3.4461142403064535,-1.1659771612509204,-2.8244287140704536,-0.13583881187834335,1
1,0.8731645624434266,-0.3690024062393429,1.1565973015536837,1.0623845927952071,-1.7407772190934752,0
1,-0.4369382504137975,-0.7685642157774567,0.05192306331294516,1.4315663836794226,0.8681700626986611,1
1,2.187888489980304,-1.8183148087170866,1.87565675079358,-0.3762775131171814,-0.9537960246797288,0
1,2.4846820850065336,-1.8091459482223646,0.8104964212833805,0.6537453949925897,0.012776836396238944,1
1,1.0416362370146057,0.513847444773569,1.6327535497743746,-0.8767562214676508,1.2135552667906002,1
1,-0.584681989229461,0.7625433175848269,0.7475874079778297,1.122043278854861,1.067575648344026,1
1,1.6694980472263383,-1.4567456407163941,0.83034848837331,-0.8790982052575889,0.7855347219772861,1
1,0.747042037727796,1.1381203003117883,2.5026230697487053,0.9830769285720499,1.048730229949265,0
1,2.9088549091711755,0.11758687739972662,2.6962514615185267,0.947210696244999,-0.21226845586193854,0
1,1.5786128740351595,-0.9458529103193178,1.4118217205745855,1.0804365213121023,-1.4907057792193394,0
1,1.3724440849171855,2.0255516192648715,0.7016385358943544,0.8875114725832511,-0.8054327036355421,0
1,0.10370851388401825,-0.8995208463245388,1.2993944077559614,0.497892014417582,2.091119770697925,1
1,4.842802483769632,3.5559445099289553,0.9631848063563782,-1.0373612833521593,0.9673072087118129,0
1,1.124325155510502,0.9570273823730628,1.125607760978734,3.9046351517499027,-0.42741563829681284,1
1,-0.7314672484451146,1.2063065657098764,1.2838622082627253,2.970826657071746,-0.8211371807618459,0
1,2.012554722502733,3.3272608930556435,-0.21073646612799446,-0.11947158327665797,0.0324698542834696,0
1,-0.4679754569511625,0.07757792361745586,-1.2202824351598016,1.4427572187566093,-1.071013311579132,1
1,0.7541364774000202,0.40478265120783097,2.523995389207579,2.74789926913426,2.0195335596489556,1
1,1.070382024351142,0.06807651942987925,0.006487953386991041,0.13868601013735993,-1.9155034533900044,0
1,0.23932556114597947,-2.232684878423634,1.8234908864927555,1.8416774929423152,-2.212429494282677,0
1,1.1893545879633958,2.579093085690251,1.7855023040087767,1.2929371702586545,1.1412268797589227,0
1,0.13616753159132788,-1.4548782007429515,1.6697508645146693,0.28614220088228604,-1.6302851676239665,0
1,3.296237583522474,-1.457533750315442,1.4177202258070498,3.772274493142293,-0.6029630739631631,1
1,-0.034784348966782286,-1.321938553850889,0.26935945892695223,-0.14429758677269522,1.3574103831437312,1
1,0.28906879961285437,-2.951895894063002,0.2813254254027776,0.9333906676408394,1.7884820012992821,1
1,0.2379184558477101,-0.26455522982795343,0.7497657417848562,1.0087337540178478,-2.3003529555226767,0
1,1.5921552996947783,-1.2136623631984316,2.7007758155475825,3.4760301558105358,2.2572501945461885,1
1,3.308586148162571,2.3672180523905038,1.688278196676808,-0.7427769651907028,0.44726989159805486,0
1,0.7264845570829452,-0.7053789233188266,1.6517978449798068,2.197467062964349,1.6564238197081111,1
1,0.47254232443224564,0.3320067276832903,0.885722086181256,0.922073931586198,-1.4627384064947464,0
1,0.8259311397684115,-1.0917842584547877,0.8300334511588835,-0.2943821458711835,1.2094316917700951,1
1,1.1412404608339772,-1.7996582187932337,0.9503367930892687,2.7074650600628143,0.9614715987322822,1
1,-1.7469932483574335,0.6113085654629625,0.03590850071484042,2.5112908150002533,-2.865142647865965,0
1,2.8157622839922687,3.035394057040018,-1.9257234869977449,-0.4427535192961609,-3.6316145535478044,0
1,-0.08150235608583345,1.6043363454293589,3.160333203934839,1.3068933108156984,2.6475174284832,0
1,0.9999319631110487,2.597542447884978,-0.16725848956220002,-0.3429664139335893,-0.5474379579294342,0
1,4.229497723835523,6.032688911775901,-1.6755874659160588,-0.4093673915310623,-1.353242724064271,0
1,5.143128822364539,3.3431223389316713,1.351131837999557,-0.901156015841557,0.5551120989969518,0
1,1.0858207722590434,3.638081948825922,0.06372233241654068,2.051846524362839,-0.6735824774143049,0
1,0.41023811802048016,-0.4258893834959311,1.6962933021065163,1.8424153075330318,1.9002575146698855,1
1,0.8242506209942968,-0.24860441389563237,0.3263378598979819,0.4224224890359506,0.07853783592444263,1
1,0.31059684875573346,0.029181581902219866,1.630698780748236,1.0170057998544355,1.796146100486049,1
1,1.1971624447949978,2.1718677648034688,3.5624587883510492,2.720130320108579,1.935848752827308,1
1,1.2585495819353978,1.6353645068478166,0.25661487950711714,0.9027332822620439,-1.9786863330343818,0
1,-0.4827474454416498,-1.2349897720085177,0.14376099280686694,-1.6158883586644865,1.7635435326655056,1
1,2.1127793094304534,0.19206229259191665,2.3979489982940514,4.239316648532203,0.5945308294216631,1
1,-0.1432677877456161,-0.09128554913505083,0.10072157552389993,-0.4864359576390962,0.6270101011007105,1
1,0.6914595542914446,-0.9586184863543561,0.5807259000384468,-0.3908524715795154,0.965042383916116,1
1,-0.5644743033131165,-0.9532036320461965,0.9039214591007386,-0.05429808774154399,2.3275203513509943,1
1,-0.9391394084418627,-1.255064591473716,0.18923652201509467,0.5980620629777385,1.834753027630222,1
1,1.3418185045729656,1.0428546661455091,1.7530412358205067,2.3561170361738526,0.36496697804109246,1
1,2.186870849402257,0.8137928237600496,1.1679570591989419,-0.29380059698482186,-0.5130196301885721,0
1,0.12862784237987368,-0.6943031439873883,0.6593765662207198,1.3072965392738376,1.0900482122406343,1
1,0.8703345690227421,-2.4117233207263307,-1.1744432885254885,-1.0071928891331172,-0.41103006043464485,1
1,-0.6713379560795052,2.329829513745747,-1.1169318699620372,1.5677552710543197,-1.9391896849119725,0
1,-0.43423674758648767,-4.475969518041588,4.356117296064169,2.6784873713607924,-1.4826117847583975,0
1,-0.6636185376598802,1.1073445994287723,2.014321343475781,0.5120887584285275,2.547029795880574,1
1,1.0240159213545068,1.6722441397012746,0.46435251462139304,1.3264035574416055,-1.5820585836569991,0
1,2.7414743431099025,2.7544410025029977,-0.603801446476071,-0.38235056744672646,-1.308745164381318,0
1,1.8838114419805096,0.02648489308865043,2.342167002167294,-0.5233989005149899,1.0970733093906406,0
1,-2.961994769877651,1.3519420514624612,1.2560372441955203,4.189104899948358,0.1022447509121247,0
1,2.5520973478114595,-0.8275690724062685,2.3966792156763246,-1.0342819397370366,-0.6680458120638197,0
1,-1.5877186790354987,-0.3004603566544597,2.0206277207370476,5.400568475546807,-2.368956111996906,0
1,3.8952487697350042,1.5902833745248004,-0.029156561543989268,-1.6695664354855504,-1.050320296170799,0
1,-1.4847232011197606,-0.8657993075173127,2.466915241598403,2.6897020749850604,-0.83643243305584,0
1,1.27143132253559,0.7175157703796797,3.044825534967783,0.9743867822941493,2.003040439700954,0
1,0.8163982958402685,-0.3170151686140591,0.6692127648432087,0.36640911021864153,0.5193068942647683,1
1,3.5509561513337524,-2.618042417355552,1.8441968436209417,0.5785474503053951,0.799278895014586,1
1,1.397471091761655,0.4840239629352122,0.011156289746248937,0.33318975104464643,-2.1941475675436566,0
1,3.918786290892118,2.0969264753337655,1.4804167480277013,0.3976510751150818,-0.4133340632090208,0
1,-0.03301731962813892,-0.6381534971363678,0.7746324575270889,-0.42832572419327963,1.622779970982974,1
1,-0.8095432387064367,0.7944545498426021,2.397324924807286,2.807571252305344,0.6303952104247919,0
1,0.633993270309152,-1.69915022159697,1.9564714966055816,3.183324026172428,-2.292544274027363,0
1,1.0977977727772448,0.14238391952828544,0.8643704422340488,-0.19956125127096525,-1.5068714254491546,0
1,-0.034929337635182245,3.749595807008627,-1.7810624410184492,1.5358831155561838,-2.767275432425959,0
1,3.925662487360811,3.930152693344112,-1.3730344412932052,0.11774595867939153,-2.509315363475033,0
1,2.7589570842420335,-2.536911781117954,0.8943413098904904,2.905468522647164,-0.06579322011407984,1
1,1.6335444374983483,-1.2053122095018853,0.7372779168804253,0.8091113490261291,0.2889329279964814,1
1,0.4845361473233023,-0.27389453314742107,0.4280052327851519,-1.583803502832378,0.7842525269632671,1
1,-0.8394204570251567,1.2232314774611848,0.5426341638679415,2.588030003655971,-2.053006370183291,0
1,0.6522447563086728,0.6260664186053089,1.2207047605671413,-1.3584243182810383,1.0663004555700286,1
1,-1.0876339651977078,-1.5677497200627235,0.9508618346587752,0.34175525266812046,3.076129890249572,1
1,0.2113344494909989,4.392269716173809,-0.8938757069802505,2.7157338359458025,-1.2786172652365952,0
1,-0.859898584316865,-1.800317840624102,-1.4052220756215412,-0.18848149848095086,0.2859318006383771,1
1,1.9870397478775552,0.02455213328567396,0.9329042635030559,0.39039197674169634,-0.3411747863057495,1
1,1.9935341413093592,3.0791505803697374,-0.8343015099983424,-0.9144170360235422,-1.2758212427225757,0
1,0.11324739188039512,-1.258988862065741,1.0257352127439263,-1.369718506742613,2.2986432176313123,1
1,1.753281228423449,-1.3335146155348567,2.5438188309014276,1.1822228875562302,2.385291705353337,1
1,2.0871050229514188,1.1117471835272519,1.9570781044649537,1.6635543308377112,0.030109408271331795,1
1,0.43424121486884926,-1.7417442807379286,-0.06590749668483409,0.06267027810187864,0.7425137185205914,1
1,4.713676524999422,4.175190205992252,-0.013331818761810332,-0.9347136864678616,0.4360799025030484,0
1,2.3635303162429295,1.576174845785459,0.9667254223727981,1.2348222120324501,-0.8568748873498315,0
1,-1.1412119878110767,2.007165076965826,-0.4617443925783944,1.9741706145413631,-1.5628262986050077,0
1,2.9584789316629507,-3.2963647648224255,0.35807746337559976,1.060797606515915,-0.1842020614635662,1
1,0.6066792373118342,-0.6487054840375656,-0.6271002103459764,-1.1566088773695893,-0.4622114371755979,1
1,0.457065901382263,2.7259648855556993,1.0006404007700096,0.9537290556097165,0.6679558435711423,0
1,0.7290745817576887,-0.1384040341390702,3.9479745409525497,2.1873064833008007,0.5932694093165525,0
1,-0.35591386092541466,0.7236778446944052,0.02082001950141721,1.8197881845717487,-2.2610441535825134,0
1,0.10801303783342076,1.6257315208920013,0.18032813168223216,1.528820779846758,-2.0184128065343736,0
1,0.7012212324310453,-0.24417530029058676,0.845802670190675,3.4516248873761555,0.27207790945361043,1
1,-1.669824009226999,-0.6872178634373898,0.9969665721604137,2.3872677272588363,-1.646896116353473,0
1,1.3219861235385788,-0.5291279232791581,1.629821177187149,0.22687515421385873,1.3673078648544597,1
1,3.6058214157757416,1.3366272972957478,0.9879978276119337,-2.394366116604266,0.12179134736570285,0
1,-0.5766277618807814,-2.0676678309284418,1.6713978549593758,1.1610606916692072,-1.8644855970356953,0
1,-0.2883396599219721,-1.4274944845713813,2.2130059790919945,2.023370592303753,3.5617507702494975,1
1,1.238298693948758,-0.0014273187820150746,2.9561484539745884,2.5178961863432017,-0.3875231588882968,0
1,4.6439010632177276,5.72230304497559,-0.021336299423133864,-0.12378558420110952,0.6083075481695419,0
1,1.725312916023459,-2.4263277922108086,0.965804325001397,1.1862703518439588,1.0868802081986626,1
1,1.08317926299243,-2.494817947915935,0.2889578664396212,2.5105809601385105,0.6159238295448343,1
1,1.5595766485108662,0.2508197963548363,1.8104683758156535,0.6855812797724522,-1.1479524710916607,0
1,0.339739156412181,-2.7079981175826653,3.1059667413294436,1.193541435815505,0.24770210140115556,0
1,3.5441026749779625,2.917277603225232,-0.7663270042104813,-0.29501818857247364,-2.512608473834546,0
1,1.2273003210881341,1.3619550152997377,0.3829246140423792,1.4440037377061832,-1.8505280186878226,0
1,0.9794088149799166,-2.421537055795259,-0.08593951465578553,0.5902679478187998,0.5420692598176101,1
1,0.9736321191406049,-0.6909226834470199,0.7688814487368532,2.852231566250313,0.2845529456999165,1
1,0.37119647740750406,-0.3523156180163751,1.4795864001865218,2.567911345289896,1.4966692450606682,1
1,0.2864229977451189,-1.2963338542000427,-0.15059640767502103,0.7575849366953415,0.4152973193803614,1
1,1.4437213879988562,0.05209846694054576,1.8330856654855316,1.735729823633587,0.938359457576146,1
1,-0.44788672929469464,-1.6223310833692337,-0.25951998114205344,0.8769431769321989,1.0495769024328714,1
1,1.3177392358526105,0.7492359983895016,1.351724387362942,1.4956221963606988,0.13722248753793198,1
1,0.5789268874489235,-0.4148836146370287,1.5627559606379893,1.9164582191515938,1.5595063951909518,1
1,1.9790786441118027,0.9067776830729805,0.8335539685064106,0.407408825601438,-2.042373834409405,0
1,0.9034992150995766,-0.16663625382255587,2.3783787537084704,1.1420160883296058,-0.1501160521466759,0
1,2.1399360360271498,0.9743256883410835,0.9785233254020684,-0.29963819198319963,-0.6754615504894979,0
1,3.372259072048403,1.8020191746603738,2.383545533163198,-0.7751104563214151,0.9063924389944944,0
1,0.5886978754772347,-1.3663025914177283,0.46320240724616657,2.826411329608569,0.5856716996277588,1
1,3.7608656265829343,1.2812833805588233,1.7069527685223331,-2.1006588212015473,0.8698067462996846,0
1,2.332156837700353,-1.9172197871334746,1.625354901399402,-0.8717450304268044,1.4140977627426072,1
1,0.7938434615273631,0.5195463006203274,1.2333620466520834,-0.768628901240227,0.9356678494365601,1
1,-1.0990806946301572,0.567969102626356,1.0138079296612186,1.9131189681784693,-0.6540537555492741,0
1,0.5312134017515266,0.04306785695186244,2.122607810175894,1.8184066869758486,-0.303751489329263,0
1,-1.820072036667845,1.18739154667826,-0.4335129499423178,3.3145605468725927,-2.8303117914618645,0
1,-1.740035421827331,2.987221949109091,-0.6120397644656077,3.1877601398718447,-2.082110313545265,0
1,1.6206668343051258,-2.221959310838507,1.4707637230479984,2.1730681724983114,1.5028325734253503,1
1,1.0251259524802754,-1.0893560632200128,1.9475336687214362,1.4021965563269445,2.1142171657968474,1
1,3.6558708553970276,-1.7692589734059188,2.109143135581243,0.6434244682961383,0.5809705619680128,1
1,0.18931073389646225,1.5031143907334374,1.4668350274049624,1.765289536068959,0.02131569558258395,0
1,0.0015838082610127868,0.520557501213071,0.62010502747551,-1.2015543712463952,0.9423253727237172,1
1,2.523444729776672,1.668211613606175,-0.8685196114791933,0.4757015042717676,-3.577394535802423,0
1,-0.36820724355152,-0.6548358737587596,0.5201297942261538,0.24501110166882234,1.4954052036856087,1
1,2.912139364274827,1.2988127337259363,2.1252085578084356,-0.8845393260720824,1.1311636923755684,0
1,0.1930128035331251,0.5827625007614907,1.247846218313216,0.9956445637903041,1.1499897962610082,1
1,-0.27886877573927915,0.2641813853089776,1.6867549385652825,2.90144308470145,1.901484622176448,1
1,0.6991854405391056,0.35247771769776215,1.1608828256100612,1.5953994399971512,-1.3017031554604723,0
1,0.844957525162396,0.02335453387622244,2.4884555687595125,0.46651971070688014,0.628130843240291,0
1,1.8250159197061477,-1.0529766067882262,0.969371251210529,0.8461634994188768,0.35144311036104414,1
1,2.574049992351029,-1.8538147175307893,0.9390522738655026,1.1737021170154944,0.05015607456121518,0
1,2.7032410906544575,-0.9481500787032434,0.4643001295420002,0.7235251594149756,-1.0327256011957107,1
1,1.1307521530686029,-2.3855512965261685,1.5234930376771372,2.421604196838114,2.000063233061465,1
1,-0.5908723193621561,0.5191458872045405,0.6782008685871463,-0.36187514824564504,1.3805726814580304,1
1,-0.4555626398995847,0.7083034442907916,2.008766924649163,2.1510300363462784,-0.47249920083864905,0
1,1.517277259194318,-3.522679230089387,0.07818476911394201,-0.0976673102997756,0.9540271659240354,1
1,-0.39151049657145887,2.9908677262078394,0.07417864273149932,3.260088318203793,-2.223580829339662,0
1,1.8544149704141615,-0.9372081184730717,1.0433010093346253,1.1561074730287804,0.30765045407000224,1
1,0.007433891636602352,-1.2202893492469393,-0.5255941255852479,-1.428476529704238,0.503478901566915,1
1,1.3325936971332424,-0.985801083324619,3.4069795204870923,3.0481731523509854,3.25190253321953,1
1,0.8081099326152452,-1.279884799962414,1.4309913353953378,2.68124972658796,1.572832665562054,1
1,1.1650212628034518,-0.8772635965705966,2.641827060245828,0.6654634448675292,-0.7698244882538338,0
1,1.5918642239314567,1.6911101842116578,2.6175864333614145,3.504488171226899,-0.4977468850377095,0
1,3.016151521334533,2.6739119502249205,-1.0529785453055265,-0.008080027060663353,-2.5164408222953023,0
1,1.0452260035058185,1.2872501648477894,0.3229581182075254,-0.34232428168315865,-1.0115085686874197,0
1,3.0660318121891783,-0.5878101872159482,1.9831099161986618,-0.18914226466476314,0.4228731566067192,1
1,1.7371279489645957,-2.409933842351151,0.8116897527377325,-0.43161947287057445,1.1353125996585434,1
1,-0.1323530249154028,0.5208907814149568,1.4579882169654317,2.494946483904153,-1.5112622480843352,0
1,1.6441376745253633,4.424140253272319,-1.9572873105297353,0.4324141036426927,-3.1999384769596437,0
1,-2.02859620839003,1.4063137980057387,-0.25562212096839887,1.2595830963006047,-1.167834855589732,0
1,-1.581874282058306,3.12748622381213,-0.15599880665702104,4.700283613935964,-1.5628137201440193,0
1,-0.22048916937377205,1.768521048720985,-0.31471579483047374,1.8130460174843348,-1.8866946194878664,0
1,1.5397603272394473,-0.586453364033583,2.169465306967907,0.860252717018414,1.735148393649744,1
1,1.9484196191782497,1.2570516061161752,1.3691098390228618,1.0558353819145705,-0.7920635447310853,0
1,1.6419893951389395,1.056746609493335,1.2443771739642278,0.37157827147437295,-0.6239477293608446,0
1,1.7777561197972007,-1.8357368896387405,0.9666825802815443,0.9604438270926072,0.768795255225875,1
1,1.9406301262672352,-2.2983073828437837,0.4263248374036016,-0.6915963831509486,0.48274179772398584,1
1,3.081944333510618,1.5905942179017953,1.924907621282611,-0.839229284202232,0.7210876063131064,0
1,-0.21743100389807046,0.6614087880604186,0.15007321925796557,2.218526357553655,-2.781646934887575,0
1,-2.779165475609415,0.7464080275230056,0.0026162518902551612,4.250918746681521,-2.1762464254984977,0
1,5.193792887948919,2.6039025627958514,0.7874007053737551,-1.1999483196623113,-0.7127135807682432,0
1,3.046942309976053,2.1492185083791506,-1.532097480347994,0.4511863781127782,-3.9406164285892893,0
1,3.074810507453997,-2.6933871558120828,1.3767031261561102,-0.0706108921841977,0.7739703664807827,1
1,-3.3465043030797794,-0.8112189895688549,1.290630209201485,4.200899598795623,-2.105391511608775,0
1,1.5521532956724498,-2.8006603717506504,-0.3940051573156267,-0.836476995916245,0.1165627576227386,1
1,0.7524732692324652,-0.2631521273344244,0.07061810119036016,-0.32876670013719567,-2.126231142140611,0
1,2.5815765508608144,-0.8147049039294567,1.3722968472555426,1.9470925353680277,-0.11234667866211145,1
1,1.9192169135885693,0.05329400642554272,1.7606183248921388,0.32262775097933283,0.6714172199041353,1
1,3.3360805177750454,4.287709425102506,-2.0369303124851164,-1.1862872508885856,-3.1711686048293504,0
1,3.7187479953863547,2.3303272403932507,0.7084591694669778,-1.1668860166781987,0.32313627108615695,0
1,-1.8193133477560153,-0.8122701595035062,1.153844221141013,3.4130342020709934,-2.8320382702290727,0
1,1.708357643168966,0.8373067785481991,2.7002562515020054,2.9117927293462547,1.164954327898317,1
1,1.064587091925339,-2.6589746344160203,3.160972543560068,1.3521504591986608,-0.7243372034281534,0
1,-1.387015041786361,2.979938564022848,-1.8356026406157588,1.471383880523928,-2.6030140949640437,0
1,-2.4625749388838205,-0.9791743483066712,-1.4042363511249318,-3.360394238622643,1.658785743350972,1
1,2.0280981632171087,3.63908014674739,-0.20337693607890883,0.5256137766079372,-1.160140617320539,0
1,0.9191589532782123,-0.10730700257432879,1.4944163444287057,4.611903728828496,0.6144326061706289,1
1,1.713494870685628,-1.255955684649459,1.2827526708765897,1.4081577955736075,0.8162001429649597,1
1,2.396546579545487,-0.728830537290601,1.4535522537757686,1.3088133608785846,0.18744278891211485,1
1,-0.960094384676534,1.0049258377825396,-0.9711132982433286,2.403003124822234,-3.021955204746942,0
1,1.4256860539023295,-2.4770419186428763,1.9857037288974606,-0.6316457224893157,-0.3857072706286162,0
1,-1.6636317404815193,-2.020964449419299,1.757837174596877,3.7120115701472893,-3.1832093541003275,0
1,1.137147591262075,-0.5277472386201127,1.1865922372711317,0.20896343560973185,1.0144109344660512,1
1,0.5819732239207707,1.047772306475772,1.3403952066073146,2.5030593351409625,-1.6608687877485475,0
1,-0.5182016514790693,-0.46720232281007035,1.52168443603112,2.37564386553965,-2.3680580945624836,0
1,-0.35586647085698475,0.15200886637753896,-0.6138714474949469,2.0604328455525547,-3.4525945393748176,0
1,-0.04571728180980594,-0.9742127521179011,-1.0492895058062404,-0.03428628368692599,-0.40416875755621473,1
1,1.5843592205684691,2.5534128031393974,1.5644580708043745,0.028862491161375403,1.6166659894573154,0
1,1.5986111389677156,-0.6271847561686472,1.2685205950064025,1.8388079006223883,0.5012550226327138,1
1,0.6022949881483,-1.726222853783292,0.41428711031773,0.3816594533316603,1.0984929327340742,1
1,-0.7101407430205109,-0.6552586714315667,-0.14209777456512307,0.15682724432684192,1.0012137056959132,1
1,1.1278965213727652,0.42904360736566893,2.7091670802467256,1.818774451809361,0.0016174040049699023,0
1,0.49252038444170076,-0.7973913417362379,1.36866188071087,-0.2129857027128519,1.942270276788022,1
1,1.7597911758839986,-1.2489743666322708,1.290918677904842,-1.019748536470623,1.19208926195597,1
1,2.6627156434418477,1.5131190123255474,0.5865808940503286,-0.031194261630751674,-1.1302441564649441,0
1,-0.4372751056512363,0.49259180053059226,1.0823878660448938,1.4118440476148235,1.449035227450367,1
1,1.1624407490081323,0.6023140204517923,2.018854194659923,1.7986154868973194,-0.2034639628859154,0
1,0.30850666260378445,-1.0627430255920316,-0.0034540445696782385,-1.682345930760293,0.8229717113103718,1
1,1.1642745573595823,3.7925543842276888,-1.323134447580161,1.1217940101442283,-1.580530612444759,0
1,0.932696378059407,-1.682084209496491,4.751701070976706,2.025478621694876,0.27364220726561217,0
1,2.9451327383892894,1.3586364250182132,1.7446944282004142,-0.6897545794292474,0.6556321234775804,0
1,1.0648632399531577,1.9300398216299792,-1.2757414899041977,1.6870706192435168,-3.260757918086992,0
1,0.7342657177035433,-1.7826460881345794,-0.41257286528581805,-3.1200920479328236,0.6103889633213027,1
1,1.5972750709424586,1.1590872857535728,-0.03637209090969362,-1.8108011131197395,-0.44571811875941003,0
1,-0.4842538291963632,-0.48036781805621076,0.2553255625326506,2.1550720379526678,-2.1685366819193694,0
1,1.6848306804835396,-0.07699746502841398,1.3411399610025105,2.040344403269531,0.18954622301939772,1
1,-0.6069609558907365,-2.2223475284910834,1.4746309131240642,2.033683596125975,-2.5140932330684085,0
1,-1.4213621691876743,0.9807537269038473,1.4237910367270576,3.3120692015829585,-0.6522931806538277,0
1,1.0802308106977911,-2.784748561592684,-0.337619917496075,-1.0368355700116436,0.6005346728680914,1
1,1.1326139429513984,1.9359930029909012,-1.192382101316619,1.3155410277090713,-3.828892918891133,0
1,-0.6857750024280735,2.5035317773746226,-0.5343711342648865,3.0553016724892244,-2.1097711994020334,0
1,0.2632437207070587,0.04994019416585571,1.547413583030528,-0.21392969163321696,1.9046912412531842,1
1,0.5331433418855931,-0.6183014900103418,0.5081234686492153,-0.009241543043245981,-2.6205703526945263,0
1,2.559897152739469,-2.4507994063581773,0.27590378701239016,1.8489103939072111,-0.523098536260916,1
1,0.18641968779951446,-0.27631746930914236,1.306484693905689,0.15624449029670828,-0.03797147022277836,0
1,1.2956861526748118,-1.129241981582934,1.7913931299395824,-0.11834765474489162,1.9583154926993538,1
1,1.7716439124336736,3.432046153972774,-0.48854883081230094,1.150660846948554,-1.1928750818345915,0
1,1.5645255697670921,-1.6125981304337644,2.018203179151585,-0.09816909182381073,2.2341419111973817,1
1,3.6783760154240617,-1.8485087506071811,2.571833041939495,3.432899525726837,0.6882720564189452,1
1,1.349699993774994,-3.640769609832063,-1.2873878011898228,-0.9771953010725922,-0.28588908148832215,1
1,0.5913931662598606,-2.3445345535536006,-0.3924637464156544,-0.7810960446668658,0.672084804370628,1
1,-0.3145872094266642,0.37510970295952784,0.139648809842969,-0.9808933493863157,0.6391744081511836,1
1,0.24141938003691188,4.245660008679041,-1.7646854015046132,0.8449912509593093,-1.6647084839176067,0
1,2.3264898556385587,-0.018705008469941387,2.942384098183552,-0.09632203186163202,1.3189168299413012,0
1,1.7011299797888126,-0.8487042235844555,1.4329368996177765,1.0528002347853633,-1.641435455300353,0
1,0.21655291030176105,0.5548660830235077,1.9666948457906834,0.5259008702677885,2.05982751258753,1
1,0.5691173084053511,1.5199512168292328,-1.315034495593543,0.19311731444033242,-2.6844886717705023,0
1,-1.4602532842548275,1.2642655695585003,0.888559143621501,2.405609602681701,0.30574193894645596,0
1,-1.7845848974559888,-0.36104417892356544,2.1834068474140684,3.4993355866014957,-0.4208137681741032,0
1,-0.14253187183764204,-1.8239121079559655,1.5046427315822957,1.7643599402102998,-2.3715226518058623,0
1,-0.47256108645938033,2.052103794980497,2.4941190308358907,2.711235230326527,1.8715913766243437,0
1,2.048955258526833,-1.1883177012587678,1.205549905499125,2.230169931885577,0.3077499813062,1
1,-0.7347198961019663,-0.6572839279142209,-0.8328274984203148,-0.5352037681648685,0.34861472650100955,1
1,-0.617854106543533,-0.2643954147613845,1.0344151866269413,1.499091907193182,-1.104239364662093,0
1,1.3675630816960793,0.5102911551925255,2.0773877581050497,1.684568375953676,1.109267725073745,1
1,2.389788817278969,-5.3428059549519595,0.18450980611754453,-1.3395961292710465,1.5198029514487286,1
1,0.9295956328181552,2.4965032973735624,-0.11231217147026795,2.707417866501313,-2.2098641860417803,0
1,1.1290434949301988,-1.88441843495461,1.3494755219104513,1.889420486125673,1.6062760574583295,1
1,0.9413944493230287,1.731179691641981,2.726800450609871,2.2471119270879267,1.4634027441203439,1
1,1.66385597395366,1.0499045285425928,1.9388510490286008,1.358063419419175,-0.3996884610938465,0
1,1.9734840469047517,-1.0939372611513452,2.0585953422570054,0.9486412439984631,1.516539826303783,1
1,-0.7152004029214036,-1.5940526077782589,3.789415922311699,1.588395308263356,1.186255167674676,0
1,3.6147045642419444,2.5602708811437833,0.09154278077738165,-1.8987377245147323,-1.194603715711422,0
1,0.9541603878378032,2.797638393545565,0.9943596025897098,1.5521479386670198,0.1251493227699021,0
1,2.246410216430106,0.014986412243658487,2.3936926767709434,0.745337221960719,1.1360046195665192,1
1,1.7609677632766483,-0.9646670809640767,2.181412847701924,0.17622444894546851,-0.6141261685252408,0
1,-0.12090224555036166,1.1425117692810225,2.6777512084052932,1.92790094151797,1.3957089239106395,0
1,-1.3193424340150717,0.027958875267943828,-0.6668673250648927,-1.1802839953369597,0.7502324620338408,1
1,3.3241330100864404,1.1631640016172322,2.362445280006412,0.04802268333177562,0.633219526433229,0
1,1.7234162261331814,-1.8591964904167129,0.6727332370242747,3.240759020931744,0.10831172112179,1
1,-1.5436735959104846,0.5398870810271313,1.9036918345307297,4.497902655567901,-1.1693151094814402,0
1,-2.4743317083187537,0.7938876919345816,-1.1166168868656627,2.4199400257313224,-3.0967355990685737,0
1,1.4754445739134088,-0.4226079865097404,2.9378983011848137,3.1230651912005576,2.2744352785823363,1
1,0.974520129285507,1.8578391579697842,0.06610144708996746,-0.0969097153177021,-0.7379079740867749,0
1,-0.24759852184514597,1.3190253996469776,-0.2413309548938425,1.7450084008265883,-2.1660160561575066,0
1,1.3701957417809822,0.9615698041299685,-0.12585022506541166,2.2992199681942793,-2.774418149346954,0
1,0.26280472161791857,1.8686662027920629,2.9673542883872255,0.8291416418695734,2.4763884908625453,1
1,2.0059081568225228,0.2449090883286834,1.0261139458911848,0.9069016845815759,-2.38587059833651,0
1,-0.3374526435293914,-2.4265931150876927,-1.3086333669033308,-2.2967898270140665,0.6423135926352948,1
1,-1.3629000994823128,-2.604762620327804,4.16981538957512,1.3058070404085884,1.7386992904259202,0
1,2.345140740054262,0.3891932924135735,1.3001120934066073,0.735297405206249,-0.4457008327265142,1
1,2.7720443281106935,1.0215750749506967,1.554787549848394,-0.6050085460650401,-0.1107115569030126,0
1,2.0367596751495296,-2.1904338282984694,-0.3859151952473747,-1.0964527172355036,-0.5330118520754556,1
1,1.9586105850024058,-1.8316998384710654,4.2560439867968185,0.6774051880337773,1.4649006183633033,0
1,1.7697025928950127,-1.64924422968439,1.8334915365279856,0.30037597154207085,1.8060087363017634,1
1,2.535221508125689,0.7328254442563382,1.4571184640183164,1.2563001557312015,-0.6566013026347146,1
1,2.722245208502412,0.34851340197541925,2.855180854427585,1.0333997546198685,-0.07576071450038624,0
1,0.6428921063634423,-2.02874564086901,2.2088529512375956,2.6805295499143442,-2.893424386272391,0
1,1.3465465071592748,-0.01813759455750541,2.4398852198716643,3.2826204999275306,1.5487438675979304,1
1,-0.10425732399177456,-0.4081076814411828,2.495385926228779,1.6655268008487893,-0.23323558197225558,0
1,2.7466750886993476,2.764139373860271,-0.5509790996562896,0.48515898648808087,-2.4578755570853428,0
1,3.1083864927953306,1.1997966973157106,2.436596301911221,1.2498927384021092,-0.3584325030887353,0
1,-1.9441923137682586,-2.4305794905888063,2.7152346248308366,1.7140166718923329,-0.6363786959814992,0
1,1.6633913755473377,0.6315855239042549,1.7255561989160186,-0.5891801331095836,0.7115084283244627,1
1,1.7013434916769496,-3.344680294155469,0.386355802418723,-1.5699758796520902,1.3298963786767364,1
1,4.064304229087273,2.556613116837834,1.530184338761981,-0.5733042631928427,0.506268410217158,0
1,3.1094433384517224,-3.3970876263157783,1.0306111353065162,-0.587715783117762,0.8081015329208264,1
1,1.773691704652022,2.32904740301511,3.004362573372437,4.352904554357021,0.4739706235413589,1
1,3.7840300646160023,0.7544786641751083,2.876905277087185,-0.2783148775880733,0.4358003750474113,0
1,0.37760163909938926,1.571489259379296,0.15957647202397074,0.6767700948404485,-1.3945929837396482,0
1,-1.8305778880352102,-0.30841302954280336,1.555875251648576,2.0644583151114526,-0.2976098761103487,0
1,-1.9530093676142615,-1.325622010414584,0.9916761514285793,1.9396006868939146,-2.1839802872451246,0
1,3.1265649090706726,-0.8319035102833068,1.4473157447902867,2.33439425477913,-0.5386002036937254,1
1,2.35903988422658,-1.6094735239487203,2.792348472098962,3.932493694363518,1.8534132659216822,1
1,-0.22482057957296653,-0.722817692189345,1.3130347918506864,0.34522928874528636,2.330954405239795,1
1,-0.23342531595845362,-0.43416621211215867,1.4663367598701347,1.1011247947517209,2.2493928816035638,1
1,1.050351936748027,2.3718661770257077,-1.7727264329214716,-1.080145976626155,-2.374518487892165,0
1,2.068213693102498,-1.55145335923154,0.48146914166685917,2.8971818036274777,-0.5180159612152544,1
1,2.087217940007547,-1.0807722117061553,1.8072757886382296,2.1184004082791255,0.9303531136098935,1
1,-0.2756893961086977,0.4981339440291558,1.060825875189375,3.625729826542228,-2.4618906897595174,0
1,-0.7636651790220399,1.2388131021171584,0.35882107043490175,2.6069301388265482,-1.1591448114576055,0
1,1.535277961310734,2.704485082696908,0.6853660550102878,2.168694271002506,-1.11074001584098,0
1,-0.09056069596479888,-1.617802444430701,0.7858722929806014,-0.05606553191121977,2.1416156512286326,1
1,1.0226420804830785,-1.9470648827381014,1.07098168419529,1.4580202232443449,1.4754779126207902,1
1,-0.14396167961777118,-2.0712125453214956,-0.9007598526257294,-3.618938465420274,0.9829748838267109,1
1,-1.8308905982604298,-1.3308230207207643,2.5446878723000728,4.029394645205719,-1.9708701271536033,0
1,-2.840224324010172,0.5352065551745708,0.0355363166474294,4.634026656714365,-3.3490244472033046,0
1,3.002907313985955,-2.0151670262752677,0.8719656955471983,0.18328253507341352,-0.15157511176125515,1
1,-0.4841624391655279,1.7651741660124363,-0.17011852124797655,2.1115206831031985,-1.5482944081908916,0
1,-1.5489243904823864,-0.6987836128926737,-0.21001377389451914,3.158775115835144,-4.0520548247686445,0
1,-0.4866160246382505,-3.043787898608473,1.7443722816255094,1.2901817292872368,-2.641537203650034,0
1,-1.5215556227237834,2.958755004196001,-1.0485749771889301,2.2133498552319453,-1.1970004409253943,0
1,0.7298416748922547,1.1876276015827063,1.019363036608198,3.7107470704346084,-0.3231507246624761,1
1,0.22970188357451438,-0.8102955450709308,1.1750409238893575,1.6853897527598536,1.6421361312513132,1
1,2.686177226967039,1.2885878195996292,2.4288272674333253,0.6883377352364048,0.12166013851084956,0
1,1.0036049790306403,-1.1485365031037869,0.3852787184924199,2.210228104897439,0.13973445465922274,1
1,0.3413160665119195,0.8381754178462668,0.5886606967197664,2.015722205300097,-2.0530518659145027,0
1,1.1788001313377814,-0.19671306063860694,0.8074111460862576,1.0965968305430385,0.177867339846996,1
1,1.4760892929256761,-0.7095260768785352,2.704424754451694,1.2024071703303487,-0.8609130277175199,0
1,-0.16865814425907,1.5253803853369434,-0.8550644218283792,1.7067955883572306,-2.3177606073542214,0
1,0.6684609481804706,-0.615931585928049,1.330775839110674,1.4200562283697091,1.4035834224744266,1
1,1.1404002375506377,2.422579170466034,-0.8390116059953616,0.7317477571845001,-2.1266176071029896,0
1,-0.38991214356630444,0.9064262988626346,0.4362568101584392,2.1368543314650372,-1.783237242299686,0
1,0.07330927915213548,0.13259753485639114,1.656630494987895,1.9427851889588164,-0.9667895061327093,0
1,3.3755601550582846,0.5984934287085323,1.228358560083739,-1.0819477374385622,-0.8294544510192232,0
1,4.44778942108606,-2.0777862951239983,2.5877560714645407,2.444435979227962,0.35811043117989727,1
1,-0.9787650806387809,-0.5980693864649413,0.9585098775637712,1.7768966371710253,-1.5017517784454295,0
1,2.627493117704664,5.695279386995341,-2.7386574858541026,-0.893027178464495,-1.1993039440876714,0
1,1.884757596575141,2.5293749620732835,1.2415981064209767,-0.7352594311794758,0.7106053398593286,0
1,2.3995649020410523,0.05289821417851903,2.1248580422415575,1.2722800037744466,0.570877508262186,1
1,1.5271916340110696,-1.767988443135686,1.4464538641974616,-0.051196459607940614,1.6619887287802801,1
1,-0.3443206898833757,-2.1106525449784606,-0.5202771723686097,2.031355234571352,0.7151715409500661,1
1,-1.3118367229019783,-0.4954611721609665,2.3558710589986758,3.2796239788034622,-1.859778109817544,0
1,2.886467304461442,2.1872778661265997,0.07968216678010953,-1.1477920138522486,-0.317893150193722,0
1,2.980747931803038,2.3864064356705468,0.19893274644725611,0.3383851206803681,-1.1235630948935784,0
1,-0.5452696336821683,-0.4832433591498495,1.1114376236835084,2.3391836890878057,1.9389075379865994,1
1,-0.5376728415833281,-1.8777635198569003,-0.7862042631723378,0.2772627188675858,0.7149284974312256,1
1,1.1770094018419102,3.808469824651349,-0.5437734751015642,1.3895434195403875,-0.7695137723181076,0
1,3.3069361876359507,-0.19991758555361683,2.3874705607781666,1.9253699757420404,0.1720238946208006,1
1,1.0763355236287198,-0.7956324130196315,0.6498325757115212,0.054150757584341846,0.5644963589096854,1
1,-0.11785365557595728,2.808488532928652,1.6460362775612376,2.8451914298589633,-0.03324027669474483,0
1,1.8615880808327203,-2.461564157360634,-0.44736377132452887,-0.9744499392712045,-0.33784271189468296,1
1,0.8800900435511775,-1.969524637895447,0.04695673776036369,0.449436300932493,0.5515266449219159,1
1,1.9539276778151056,0.25861155485534715,2.523655977673285,2.970804146634456,1.0694661234986886,1
1,2.089761845920486,-3.9911581373467713,0.032236834289905536,-0.629057999147663,0.7669202755390361,1
1,-0.6640494675412565,0.41284758479542916,1.2671062786317089,-0.1645240826662162,2.141198430872918,1
1,0.37774345196313286,-0.3911461120014802,1.5062145284082291,1.5045565716601106,1.7258293260790207,1
1,3.3155218447258883,-0.2171747833966623,1.7490204752248832,1.689952221160333,-0.5811763510543342,1
1,1.317311127217197,-2.804081608822202,0.877177619505092,0.4044135585497596,1.644610952803144,1
1,0.11747152207945855,0.1674244664464295,1.826348510774071,0.3115154857505992,0.0014773812430428634,0
1,2.1952229955744516,-2.145456586313868,1.6137946573496573,0.9171376667976663,1.3536288846799531,1
1,0.7656374851039212,-2.277233720779239,2.0633901806807087,2.5367236931885544,2.861511014370193,1
1,1.6090917500575603,-0.8221007200782571,3.0287223297565697,2.1689633998438747,-0.4586927162191896,0
1,0.5109651083487713,-1.6446143480009994,2.9806995235542337,2.134679147016074,-0.5747987581738399,0
1,0.8217305932538503,0.08702335802410455,1.4296179603316224,1.8828628895589903,-2.0425689010055192,0
1,3.7003491782314626,-1.7329617253570855,4.175238081740694,3.0397860638997205,2.5983007652278074,1
1,0.2776653801281982,-1.3701006104870015,-0.38103429073989337,-0.056712911718573844,0.3197474382976676,1
1,1.2045126756150328,0.11511293743768314,0.6086924637771535,1.5128894607448458,-0.29699940953459647,1
1,1.3638424519637702,-1.9490928710580575,0.12036384253094012,1.4285048132287381,0.09353837731732051,1
1,0.5425350419181277,-1.3563651099399898,0.699306594717904,2.6016840404849226,0.9482163082239229,1
1,-0.3490165993742762,0.09522503365068835,-0.5887852325774716,1.3102122732850914,-3.177555889725722,0
1,1.2251845859728752,-1.0740590412559672,2.1728472766870386,0.7907313514074722,2.277354845734566,1
1,0.057567812790712214,1.3778631426358299,1.0256972325822802,2.5477071535791365,-1.4963936340194441,0
1,1.6192189979006533,2.899458236743981,0.037525806814661555,0.11808725846332313,-0.0675485578703573,0
1,1.8941246009893427,3.640552872902323,-1.6395209929124852,-0.8838016037512071,-1.488591751008065,0
1,0.02849537467297636,-1.1621225244977296,-0.33502111991301686,-0.4192755013299905,0.5323649223357028,1
1,0.7410588433522689,0.8462892704401679,-0.6873941174859686,-0.7730724889193348,-2.2184374474080517,0
1,0.24772992278450034,-0.8802256426672829,0.5854935525285638,-0.5733772524766205,1.3157156219413184,1
1,-0.2783423246782173,1.4027814854730307,1.4866509979631273,3.8427408761684783,0.924354291098964,1
1,1.2458472725602006,-2.790123445786152,0.8936637099753103,-0.17293888430308635,1.8053510330991702,1
1,0.8198575453666943,1.06738527256745,1.144703782283045,-0.1966357085493482,0.31972261677136293,0
1,-2.647816041564771,-0.15686553350378563,0.5485545613131146,0.4920574021353217,3.1171162545112265,1
1,2.4440927253032156,0.4739443625588191,2.8127194095312937,2.919135189746629,0.8938836573350193,1
1,4.339361822290298,2.487846239807867,0.18087018848679504,-2.333410119229879,-0.7924187190483112,0
1,0.40080752658158525,-1.7624323518217133,-0.6357236474010335,0.08354867442478575,0.10890189865209543,1
1,1.8712612687036168,-1.6890455430201547,1.40082180843849,1.4437782708177613,1.0300682120978533,1
1,-0.7132745406029661,1.720962365736753,0.5043964984038793,0.9032283887249947,0.417523998930758,1
1,2.391429645254286,0.23620063168521221,2.0182959833267864,0.2676423770587605,-0.5951164746613944,0
1,-0.6465805639187978,1.4257991976867785,1.0194326848653312,2.585166994626646,-0.6478631327307793,0
1,1.719719083662874,0.4319036325513974,3.0549240563868723,6.579429561974107,1.1840183125133896,1
1,3.084070425023372,3.8348383004831175,1.1322396826404515,0.5779315443389212,0.7821690134742387,0
1,-0.5885304402131875,0.1481362540583917,0.44933527264337647,1.6759066149639557,0.9785668649162771,1
1,0.8883201184033909,-0.3604748331710834,0.9597426523036942,2.7282474813870543,0.428693837258579,1
1,1.550927587341656,-0.2631445539850388,1.550676990976559,0.48904715515132235,0.8965896902736789,1
1,3.188427381370956,0.7560668718129029,2.454064917100963,3.053179829316032,-0.31061329550620154,1
1,2.4281151655237805,1.988528496670102,0.6863660791273583,0.8957616709856352,-1.617175135649883,0
1,2.874171947023547,2.172068630828582,-0.3366004646532048,0.9756210623604248,-3.0964442952158047,0
1,-1.9605405189585516,-2.1484266222991186,1.5390049239054737,2.409108974260229,-3.3870233502523255,0
1,3.338696174837101,1.0388458080962846,0.4426146927433352,-0.4917321097462053,-2.6854701292998744,0
1,0.8748430022339677,0.5028697304850862,2.709229854329699,1.3086166561173922,0.285318556840394,0
1,0.9298105986006862,0.9931915381595696,0.00389560111184295,0.12480520401141637,-1.4993391929190045,0
1,0.006710409962811914,0.5902359809366735,0.6567793128648021,0.29184833777912667,-0.6648343036967366,0
1,-0.18393041769435703,2.451261243694317,0.18897705949474974,2.3558013415598067,-1.040978592858413,0
1,1.151571254949363,-0.4349644926152967,1.4072514015140454,-0.15884988179067494,-0.9386138399903688,0
1,2.30313899441634,-2.1373387935085333,1.5045908150752068,2.7366119976586254,0.8396059611965996,1
1,2.3015427404892588,0.556358238754725,2.8161357202536945,2.1839360945003747,-0.5412103212803008,0
1,0.6790316337748621,0.2612047419829704,1.3940423818153311,1.7339038139823986,0.9455727996326958,1
1,0.5855016060674489,-1.0469867085239184,-0.49817080152452076,-0.3355592647623906,-0.2024095117076159,1
1,0.6783179261980878,-2.25539920313208,3.592296298328452,-0.22389835058815977,0.6091046196832866,0
1,0.024888725651545096,0.27218227936783923,1.5745809013072134,0.9737313651157151,1.827516080735297,1
1,-0.33500657273389445,4.1529767819944965,0.21445610112414737,3.8359186379789687,-1.322466504703773,0
1,0.3277176138157434,-0.24467720394468684,-0.46360535140061376,-0.8723925838848263,-0.28748246525574683,1
1,-0.2543689449580606,0.6206090330914227,2.1688452555523092,2.888606310631761,2.3061258986323905,1
1,-0.10217235570583139,0.06170046648911065,2.0123418421897643,0.5751362919853866,0.8249551891560758,0
1,0.4440257833786744,-3.981347060746193,0.11545697108627562,0.07594735615483628,2.099061147809292,1
1,2.6048737036993677,-0.22582664915108563,2.57723157006907,0.011224151973942331,0.5725269641564841,0
1,1.5582339884604823,-0.5136633419866768,1.2114441318975644,-0.7368134435665281,0.8205240510369713,1
1,1.7897282258917255,2.560541221364228,0.32855232783124155,1.8432541104603173,-2.0924322831749462,0
1,0.3493327255825457,1.506233897852891,0.4699772526939886,2.1771795613906546,-1.8646745091172314,0
1,0.2852591238109029,-0.8083675333249213,-0.364964095363598,-1.7400222850850424,0.31722590114317006,1
1,1.697248027444871,0.3869320862459158,1.7417178774835251,0.9191168929481022,-0.5430281930779319,1
1,-1.6051496558866334,1.1523551900378677,2.2272753155151785,3.312567263967346,0.45243954028318023,0
1,2.853819046063003,-1.286432080703125,2.259300077785957,2.728427829379264,0.8360340365872889,1
1,1.9409539122890636,-0.8806466478019814,3.161989614857244,5.011530768538073,2.0967927542715676,1
1,0.05981639796956573,-0.017286898854303345,1.5468135365361508,1.6028400473554445,-1.1284779485350602,0
1,-0.07432083451025773,1.161951006645943,1.9707439473515254,3.6814003970959535,1.4860507848983469,1
1,3.510025557986161,2.7410746243370046,2.5032597051457843,0.4917929776102833,1.5769404486471221,0
1,0.8483529596035803,-3.281551647890077,-1.1291016159274507,-0.8141607365185937,0.07166197469629199,1
1,-0.3234423175902823,0.9625485222652861,2.181119804236565,1.2129217056160218,2.435956098437524,1
1,0.33124612316968494,0.9982435620896745,1.2834415172664384,1.0287463925171805,-0.37001927615505303,0
1,2.561770222530672,-0.12309183243370625,1.4005191912528312,1.0654433114736974,-0.2933854769792361,1
1,0.8469211954933779,-0.878088196869178,0.36048597510965474,-0.07302942137433965,0.47860443960121823,1
1,0.2365949598597129,-0.30745362923867225,1.2435923918397553,1.7692009380460767,-1.743136049327342,0
1,0.938473525503565,-0.5442054502078923,1.5539783168668122,1.3016822827426453,1.4255843218936095,1
1,0.37227949010775674,-0.9463585675006452,2.4134307271697626,1.6368629828918895,-1.38989533729399,0
1,2.2331905458890535,-1.1973128711906882,0.6851898201631683,-1.284293090824339,-1.6224422593308732,0
1,4.970899189031211,0.20578958884197363,3.5963981701329923,-0.6352471067434482,1.9267144621066752,0
1,1.5092740430664668,-2.3222036748475787,1.47628833601063,3.568688513727511,1.4304619555377867,1
1,2.9090826919538406,0.7823947306215158,0.06713787808224247,-0.7135405105969874,-2.161225484587641,0
1,-0.8151254815110576,0.1572593799358185,0.11914586548978379,2.4328506840755315,-3.1479877392605387,0
1,-0.7646059874246451,-2.2233863411250008,-1.643554715558822,-0.8032971417722448,0.2529980554575467,1
1,0.5349180758071933,0.9627136527171589,0.7470673607662826,0.13316327485441593,-0.5545602327004227,0
1,2.4243066981015637,-2.028330291994921,4.128236883981421,0.10735725714693578,1.5078072771209108,0
1,-1.1524900794783783,0.2827258591003363,2.8463843954259795,2.6161777743248873,0.6705828983277204,0
1,0.9098499908622383,0.5870838730632728,0.7335767710307448,-0.3877917023552615,0.14437778354031483,1
1,2.6287478986960062,-2.5633801845362036,1.0937342643717671,-1.2390191701443962,0.9579790729161209,1
1,5.245554756355176,1.6359740143089692,2.9298467553553698,-1.1167094273929252,1.1356287298157035,0
1,-0.873250807199043,-0.7996566821873534,0.30916383180360363,2.9720048017230467,-3.4897648188430432,0
1,-0.5361114301829133,-2.127516434801098,2.4444150829292557,0.9780484523404083,-0.7097454757057271,0
1,-0.06790300059291621,-0.3361707030676826,0.9940753768274151,0.9843667089258779,1.5232814924596312,1
1,-0.6492685038509323,-0.5703954126997044,-0.27374198248477777,1.589784321638986,-3.0011444228767648,0
1,1.2103351684094419,0.6100683905450381,2.8275447466570536,3.05946400874387,1.808770926653511,1
1,-3.34292830868742,-1.5286035778614036,1.5726996152710548,3.6789324293067396,-1.7763646221848328,0
1,2.4337403859548568,-2.273352066656074,2.0311628712487595,1.6805184076732882,1.599256452922602,1
1,2.065221264032754,2.7642725639631296,-0.1442925786682563,0.08274010999282788,-1.4717466997070157,0
1,1.0181476603787274,0.48177942027825993,1.0945557089443867,0.37856055094500296,0.4498138421035278,1
1,2.3323368035228897,-1.4953157327070745,2.734072467485601,2.8160033187837126,1.9105268432693197,1
1,-1.8431514247014316,0.48242632873873226,0.15756785074135882,1.6105762534538082,-1.9319921247663863,0
1,-2.1716334594643003,4.425919005631908,-2.013151619472731,2.455217847791628,-2.4772882257984077,0
1,2.6356710015455747,2.98240394995502,0.18694975052941853,-0.8836596197972515,-0.4444860149742971,0
1,4.302129469329753,-0.9991587227766147,2.3087585512565543,3.3368019770686455,-0.5479055232787646,1
1,0.6262830202616987,-1.756280341646055,1.5509170577665319,3.168364627118021,2.0137292717342943,1
1,1.7779847236692627,2.3001225125840112,1.5174058487622775,1.0815263017892012,0.00019856440327359337,0
1,0.48537594161138553,-0.954376969321067,1.0594387054861603,-0.5698946819766646,1.7195725179322505,1
1,1.0831770164505485,0.7860045167249696,1.439433098863918,0.1537474178234557,-0.19823439858795022,1
1,-0.23891067015894474,-1.4100018991640768,1.9126636907721883,2.3676476638412445,-2.5036797650929747,0
1,-0.17579323069552144,-1.405321363984212,4.096462821850588,2.0403196489886954,0.6109841564689817,0
1,1.0426227628185396,0.5517596307307202,1.6849142969415705,0.8164716969290535,1.0253405966836326,1
1,0.463291790154873,1.4755997491747284,1.9954107591079924,0.7383074484971948,0.5942029841146601,0
1,1.2210189779952765,-1.0020832799094637,1.1009164713609847,1.0420634203793115,0.9229975277522531,1
1,2.034672412131566,1.865196133070136,0.948979997368241,1.2094107561841445,-0.7112612426380689,0
1,5.924388535693745,1.7560923873751484,2.648859292614797,-1.9421634213864682,1.681167251840245,0
1,1.2063341524032576,0.2981686279876108,1.619595661465819,0.1865295780434414,-0.3683547263444311,0
1,3.6929898203186284,1.8132096626521315,1.402123204363504,-2.2389316741365177,1.560085085052545,0
1,3.1586367914206837,2.4828485164399505,0.5638458672932043,-0.7775930429826552,-0.03922694773179958,0
1,0.3811513844353118,-1.103781939073126,2.065579599581465,0.9107757364021537,-0.7340766103609049,0
1,1.8946784775925773,-0.4863826131417187,2.1755584009037556,1.1640469165133855,1.3752335991098188,1
1,3.5042444650194713,-2.4348299983871167,2.3423693346994625,3.784837706894419,0.8087499938179078,1
1,-0.6357247664749719,-0.6674148780296498,1.5154377356996132,3.0199312727871273,2.470006438322579,1
1,1.4735994606355025,-2.356434749492985,1.0042375053043984,1.8879268783684378,1.158821970265269,1
1,1.0469361302687956,-1.237629774295669,2.0367311040693594,-0.5391205216352717,0.11081859019025031,0
1,2.3719103631300644,-1.0195186136728505,0.6471142194320355,0.7490178599684736,-0.49941119719918015,1
1,-0.46236496601711097,-1.4626260476524502,0.8512525756341744,-0.6681516448518778,2.520793396563943,1
1,1.457751285626227,-1.7768853163314664,1.0560958767565363,1.3793791957590775,1.0335056386105068,1
1,-0.40744034841716736,0.12920069312652172,1.611854071682119,1.1735104873662954,2.276095956841198,1
1,-0.329947765130177,-0.2941683006604492,0.5741853508108467,2.4638969904621755,-3.559792519057714,0
1,-1.097316785970917,1.0342381357337187,0.49009367817076865,1.333408479568345,-0.529626145033647,0
1,3.2036716497540216,0.3840611694385786,1.965297714631319,-1.9541274834375613,1.0210057921728195,0
1,2.4547075348543252,1.91585777718604,2.1882380373128836,0.9909243610671478,-0.40689542798287615,0
1,0.06751337800001656,-1.7565454732491768,0.019841000926237418,-1.7738401944906794,1.4307999243236962,1
1,0.6206817376137861,-1.0299842848941159,1.916004283383297,2.5033950767007935,2.1847977153644047,1
1,-1.1475570267462931,2.117811542078726,-1.1719658848032886,1.5797777465475291,-2.0970431839418544,0
1,0.9438752246037725,1.01401965185446,-0.6532973394102382,1.431979259844736,-4.7240426999005685,0
1,-0.20336678848457046,-0.8827262630705299,0.013885892256466636,-0.3367766542087376,0.9573875832549033,1
1,1.2926917783026401,-2.303958137742437,0.2958225820922218,0.04481698084895036,0.7621830671964229,1
1,1.1988825506682337,0.09076785624691641,1.3391527473871772,-0.400094674046201,-0.5936877403620839,0
1,-0.6652150284414335,-2.416103283486385,1.4477076182750948,-0.6622648460981606,-1.3277509610380556,0
1,0.822088275854454,-1.1676363091543576,2.89429291716588,0.835399053146691,-0.02719596455219997,0
1,1.2794498430466246,-2.1649281011188988,0.015409264351050278,1.455125395456748,0.13301397266520198,1
1,-0.4064825272289454,-2.2225686918716803,3.9772536405946584,2.7660491141037813,-0.39715901325895564,0
1,0.7773291006383536,-2.201205572543925,2.3550965868659115,2.0874164334632965,-2.432785440848459,0
1,2.467439712737977,2.922058222542753,0.7435999152496955,1.6212528213808717,-0.9149675432225528,0
1,-0.1780319457232078,2.081554033612265,0.6229796421582872,2.361585428409821,-1.4657954194460059,0
1,1.007395371010709,1.0761923910815752,1.5882897593338594,2.00556771475249,-1.4767235851095997,0
1,1.0524435788625137,-1.4612793554380246,0.40656047388169614,0.14473010967476474,-2.634346112405816,0
1,2.5357942732038024,-1.972241768140531,0.22835514908432553,1.5239756775450002,-0.7938057953456172,1
1,2.0647625412888653,-2.637753360697534,0.8813798629168696,-0.3545865013556191,1.0455998308674759,1
1,0.26656915641379764,-0.6850479734420338,0.21155218114070629,-0.48196896088371255,0.7406163094701813,1
1,2.271382753383384,0.4877805424736913,2.033063285218322,1.7563513356734244,-1.0893679530581484,0
1,0.7145797089034801,0.5555875990917001,0.21402052819655082,-0.3783335334594333,-0.6905196057647138,0
1,1.6524295839540784,-1.2170238403604987,1.4117363659941797,1.21371586072012,1.0405159577856142,1
1,-0.39923682997838017,-0.1598441666143301,2.063601653282681,1.2511980318701657,2.9275571071166073,1
1,2.9773202010350044,0.9665844277010496,2.342016424120687,2.7916783599651653,-0.3506357140004188,1
1,0.1205241078186774,-0.22658707351268426,1.5695403058494435,1.7374047165794844,-1.6429498409919527,0
1,0.9849933042949637,-3.0800864843405837,-0.23916036080613945,0.5050742079494365,0.6956394691477557,1
1,-0.4800131773507157,-0.026362628122825194,1.849014294329279,-0.11388845380325785,2.927145100299854,1
1,3.797087239573227,-3.743018642488858,4.511664330406193,0.43679475663551537,-0.9297142716665382,0
1,1.1829329387584213,-1.8310429525742973,-0.15246925570046965,-1.2320298704529966,0.28754492227691497,1
1,2.8093953967894727,0.6482133176296816,0.9704594790336997,-0.2077345164136577,-1.034948419532025,0
1,-0.15333070145852123,-2.2368590400127797,2.800624988599626,2.5071912923063415,-1.7951664329076311,0
1,0.6537315867927491,-1.8342966557454277,0.6352737792629706,-0.7830048014406787,1.566759269025589,1
1,1.562226532175001,1.0815661388502773,0.24791060322053327,2.1011723723567224,-2.2593460207189464,0
1,3.453473663054506,0.6058935784374919,3.660446239655835,0.6226713288960277,2.364640810330274,0
1,0.734621379245322,-0.4434346371539003,1.7482144902743113,-0.7988033858688488,2.1098209977342792,1
1,2.526843870040015,-1.9236471685021612,0.30069648128234194,0.9211488830513608,-0.6039171031246555,1
1,0.7642900009324846,0.682744622888573,2.6399835170446027,2.9410275995425716,1.9492844413104473,1
1,-0.29160026847238085,-0.24231058394716753,1.5414210698077717,3.133048182237696,1.9456329415438072,1
1,0.09411724259765486,-4.36562595155894,-1.215382950378272,-1.7659034708759944,1.3243338169815333,1
1,4.347391606242609,-1.8984002495198236,3.1472342381997658,2.8546828778922717,0.9497616120808045,1
1,0.21111002270222434,-0.7202877602320685,-0.28571770922710615,0.18639503381424538,0.08673978194650145,1
1,1.0332186214293786,-3.222028685444987,0.1486691720593314,0.09214633004174377,1.2760385331776043,1
1,-0.38245456333141425,-0.4879859469422432,-0.07154423849572211,-1.758260682541167,1.067134833632123,1
1,-1.3100639449259934,-0.7189246919173167,1.2598161833190982,0.9359789804438953,3.0640910903324965,1
1,0.49656850813556075,-1.6097362424643222,0.14838524687552168,-0.6021859674757686,0.9519593964741481,1
1,1.5944591074292926,-2.8687498542677625,0.44067310143776106,-0.7569661089738555,1.094541216541978,1
1,1.9118090297165158,-3.6288983505953483,-0.4475013768850451,-1.8986945926858763,0.3644605198154246,1
1,2.302982434342605,-0.35319997418841065,3.2224149424882067,2.7052647109361754,1.9801399592507178,1
1,1.2614723705305124,-0.6799220257755059,2.9633023915877823,-0.5449266268339192,1.0704161441247728,0
1,0.18800995271353915,-1.626169751701729,0.30370745537755184,1.0731422759873224,1.1692715187847873,1
1,2.25512514836608,-1.9977977337855428,0.942706036404064,-0.38016829197636803,0.6399163454339192,1
1,0.12070886595954544,-1.3010611971352084,-0.20983139370044457,-0.32913836681133835,0.6637809844186111,1
1,0.3770647786916902,0.0638268369938576,2.4234359050137035,2.545217218920641,-0.04512757403347356,0
1,2.212340109156438,-0.5095927402996775,2.2747511557745614,0.471186082147682,1.3470681740411958,1
1,1.4544302888471248,-1.1976071409341587,3.141656212918063,-1.0843364710901628,1.6773101138530557,0
1,1.6767128323662064,1.7232360534519668,2.0274970275309965,0.5938584708825512,0.7062279890709464,0
1,0.8868991585337073,2.513895488133138,-1.0074357738210389,-0.10191764017951876,-1.4651735923933977,0
1,-2.383140585439837,3.2604689465914105,-3.171271583150376,3.036005040406265,-4.3998940835684195,0
1,2.4745061139354956,2.269199895260213,-0.5599544013600524,-0.9717008876624751,-1.740972849282893,0
1,0.7090780718769236,-0.9942276885695316,3.5203268614143606,1.953289872693476,1.2655030956856037,0
1,2.425968927399656,0.26049238766475324,2.173742119158174,0.9254403682104012,0.020180906703103352,0
1,3.101231549081384,-0.9924963510334537,2.960410936252039,4.80206818261553,0.9915605006119952,1
1,0.21294294625774723,1.8524084980780167,1.0223631233183337,1.530461837400316,0.09146263401582355,1
1,1.3718386232942692,-1.2298543565064959,0.3827692435409692,-0.14369099982432143,0.22091086597552534,1
1,0.6117684136723511,0.3499317602746831,0.9178167928072478,-1.4329122208806444,0.4909092859198523,0
1,-1.4270566416635972,-1.456667800994682,-1.3951124551284355,-1.4386283437802971,0.789930538590032,1
1,3.0557833752776746,4.8877568726312415,-0.2023606253116832,0.31776456728382985,0.2249055118272154,0
1,0.14507575937283068,2.7222951661384007,-1.159118321238839,1.4852859222495427,-2.6706208689727537,0
1,1.3884800058120308,2.271431867340553,-1.1334053978703458,0.048254513512762,-2.2600782430588753,0
1,1.5843271584992187,2.597316456777432,0.915387324854511,1.5052849169149547,0.4194810186438849,0
1,3.065632247388152,1.9760876262390328,1.645708427153493,0.5803612327391634,0.4006216917683907,0
1,-1.7849571609411496,1.4171906844332005,-1.2112729895356864,3.7697108200985885,-3.9764415565030515,0
1,-0.5503446045460776,0.8323786109659759,1.3815579490732437,3.429134984234013,1.3929660119439942,1
1,-1.315859313963672,-1.1128944907684404,0.19382483858019595,0.9952585008032949,2.041012652183527,1
1,4.427080295956889,-2.021530121468804,1.8062622833874464,2.9799941130738494,-0.6566868757210647,1
1,2.4549720235948405,1.1358560618878923,-0.99560091086986,-0.0041487254710519395,-2.8361567974574555,0
1,0.9282305226787405,-0.3095406194285468,1.9422769841766818,0.8996357866881642,1.8472428024233676,1
1,0.9456709325297459,1.9122810983901437,3.0020196539164234,3.404551745246928,1.52342280251536,1
1,-0.8746003252305228,0.4770415009712399,1.1202514647093285,3.111297820829634,-1.6618465521325576,0
1,1.5825783764121912,-2.636317273897861,0.2335734871714854,1.3693240692169781,0.40518593982662787,1
1,1.2744110776421667,-1.2925527383778204,1.7793732624093246,4.435563226303671,1.310228744839334,1
1,2.871062045394865,4.504274942649554,-0.8800498198740163,0.08729642783049374,-1.5657706010885548,0
1,3.653421496647767,1.6705388318266632,1.403755883503111,0.49851719573674,-1.9275816563465291,0
1,1.968289357745754,0.7330325953946288,1.3121464967872312,-0.4944384646689477,-0.12448779749899541,0
1,1.4052131099814733,2.936378486533624,-1.1887697741623282,0.3374863977678759,-2.5532406179199665,0
1,0.5398541228273321,2.013845414159242,0.38083465225589297,2.1286256505327916,-1.652986741629221,0
1,-0.04967583101283801,1.055104262064482,-1.055767073566844,0.9665692949490441,-3.247317481550245,0
1,-1.2395507441099958,2.4473200668540174,-1.8186550225107765,2.795681077897531,-3.752956132957878,0
1,0.4738080747882272,-1.9108820213050484,-1.664981621772526,0.06087222565744954,-1.0940270983902964,1
1,-0.24872626810411202,-0.4106908075750971,2.201150834148999,1.2697184816967642,3.11396985817401,1
1,2.810647144620467,-1.1134561603774884,0.7789505272943434,0.27503262518096794,-0.5571874937474777,1
1,2.512490345839302,-0.7771033315685545,1.6865760675278745,0.8322298766422812,-1.4781808490944877,0
1,0.6815593958079468,-0.7265244888910085,2.6684764938048513,0.19704368535969796,-0.14415978280164965,0
1,1.737346051533659,-2.42747528358513,0.2245364849654835,1.7937068049754368,0.058070712649562095,1
1,2.283719872258528,-0.4522357590344963,2.8586765075761162,0.43671557624276025,1.0293109165062377,0
1,1.479825016075973,0.18123787807092717,1.9467046259876424,1.5493840863426211,-0.4299126999672478,0
1,1.8507752004865752,1.628104257537153,2.5608485105403807,4.8137207126218335,0.1754898620177271,1
1,0.1987503015390536,0.15158439869052165,1.497628428284299,2.0246904555934604,1.5147033805325072,1
1,-0.415848621623337,3.107748776214309,0.513012523415619,2.1458675000103473,0.6980644453718603,0
1,1.0944362297226236,-1.364764793666734,1.2591078080904488,1.2495850537443862,1.363323028444095,1
1,1.3836894939266497,-2.6258866696598346,0.022537932689644213,-0.13215726472632472,0.5334723298239814,1
1,2.429534394829474,1.5617762251194192,-0.34758996334267933,-0.344023274502528,-2.7281657710436824,0
1,2.939998405759403,-1.9080461730980067,1.8681674262594739,1.6294864322249607,0.8030921454854008,1
1,0.7638395142022627,-3.072714126639753,-0.1190932164627998,2.009752848259781,0.7601996160207192,1
1,1.4310434343310898,1.1598209498934815,2.998419978398493,2.5351328716632873,1.6551884035550632,1
1,2.8427976479867256,2.294774733875646,1.145383336662401,1.5200149246455843,-0.6676013961993414,0
1,0.8995163752711067,2.053699347327302,0.21532594840658026,1.3157642055817358,-2.4071140350642155,0
1,2.3189492374347433,-1.5210879386240084,0.9089248877915247,-0.6149063198665774,0.35670636009993395,1
1,0.8689196980735943,0.34133630899099743,1.9298103023926647,0.7088307776149019,0.20544347055256806,0
1,3.222939766602067,2.2566442500008224,1.2505014961144276,1.5465857471949656,-1.6944027096340428,0
1,1.360986435752501,-0.44637766466782425,0.740918201919281,-0.9967540814254021,0.4148832170962974,1
1,-1.060434566146852,-0.21282409102254207,-0.9726198590326325,0.5977104367754642,0.02183659513363545,1
1,2.725268193962754,4.1569676727279745,-2.240991596647288,-0.6565683707541561,-3.464261586463045,0
1,1.5891035266280114,0.36750930712579577,2.343312731518447,1.538588060941688,1.320507252234983,1
1,3.1532132682522303,0.1873883052336236,2.006384894184512,-1.4659514394413904,0.7158615345299302,0
1,2.1143946682758976,-1.3659126899156138,1.0804244622433068,1.664901438553557,0.24614663890923294,1
1,1.0241083402888822,-1.8856864890403904,0.006783216091737043,-1.603491413856709,0.6758744280904445,1
1,2.407224514573365,-1.2976448139776853,2.161958439779802,1.201819729012224,1.3282576399854058,1
1,0.35773630967133097,0.8917576385909705,0.9860319003625515,0.9969875645866435,-0.7070690601713303,0
1,6.859642532059935,6.588158257991538,-0.6865912157138567,-3.041421806885565,1.6197653831074614,0
1,0.5456550854664017,-2.700578289748474,0.45332882586033607,-0.859511744053951,1.9134016467000567,1
1,0.6832929820024183,-1.7396534305390663,3.6307232662784688,1.3710343511486258,0.5610107350593061,0
1,-2.3741108724855504,-1.2603487624249556,1.633780519899144,0.9973373208921139,-0.30296880700606954,0
1,-0.6485334668617511,0.734170586212262,1.649659309941026,4.3633880148277555,1.6937857223832364,1
1,-0.2045839325472174,-0.8659580453275058,0.20752550826760552,-0.7804153935483911,1.2624969665744095,1
1,3.8508506840296457,-0.6208612077647975,1.7705445149713785,-1.1906433700813137,-1.2647727796631982,0
1,0.6131142303017796,-1.9634615218549025,0.0023212119648922114,-0.8544517882510236,0.932459579364297,1
1,2.5828974275670964,1.4968391021708194,-0.02031197224744874,-1.9865906313990362,-0.4360033187119722,0
1,-0.09900934513231596,-0.34199723177205066,0.05198671497711349,-0.39127070382282936,0.6820569722216849,1
1,-0.5593861794877353,0.008979486677443527,0.3613255315666264,1.6796863916726283,0.9006484784284606,1
1,3.0352361087692823,0.5075047702133078,1.6338668357479293,0.26758844450638397,-1.1379108242092213,0
1,0.30394453857104886,-1.2001672143611601,1.476320205827722,-0.1440352770820681,2.4399004133404603,1
1,0.5089986924989806,-0.6332524838004928,-0.14291936204757127,1.329444858947049,-0.18619199319584157,1
1,0.16970174133688054,3.6032268375639602,-1.3875528655100506,0.8298370154993011,-1.2396554531961115,0
1,0.5915253629899998,-2.314784530258612,0.7456611983184793,-1.440402566254404,2.1203766511968913,1
1,-0.24846123124613495,-2.446348210474862,1.1854793805006294,0.05075263354695958,-1.4209472390800593,0
1,0.2938925021376467,-1.6057983037249475,3.5362707048264665,2.322981849539974,-0.010766415226113768,0
1,-1.3789498830458142,0.5304111291669474,1.1836223546141331,2.5622371592043285,-1.2784713229973055,0
1,-1.4668856055286073,2.2785575478529285,-1.0767866386816336,2.5875222470438786,-1.7895686168229041,0
1,0.431248464414007,-0.8966223171171499,2.245297800473487,0.4031817951778549,0.15945281214182017,0
1,-1.0541402705326828,0.897409054381417,0.4525527246993025,2.6809526702655893,-2.056750037990301,0
1,0.5021081974437874,-2.425026346619704,1.7951522686614063,1.9410308206961355,2.947391398286009,1
1,0.7655925192833242,2.4446328572916203,-1.0434110656579318,0.9804111421823879,-2.4390697192146336,0
1,1.0300174452570117,1.9684994556368238,1.0599013763189509,1.830289641484798,-1.0789416080768932,0
1,1.0062342146075853,-1.5976141040844718,-1.1403802365269282,-1.2951194621820523,-0.887333011835052,1
1,1.6094227615192036,1.035231390614928,-0.8779599842402721,0.8912354762646988,-4.455474544680708,0
1,2.587331694802898,0.10149086447026645,3.2929466533131277,-0.9116772878719088,2.2490100846593992,0
1,-0.5665798581584771,-2.4048850332321807,-0.8598371465933001,-0.2958114245555534,1.0520664794389465,1
1,4.039056728335627,0.7791037123553588,2.3863760571687322,-1.277024177772451,0.8266085566578341,0
1,3.506979309481286,2.859084686520756,0.838501902621251,-0.6696000227456365,0.057693319997988324,0
1,1.2042579542506986,1.434500937058873,2.4219436600291586,0.7087246085262733,1.3128616589124424,1
1,1.9335896215811452,-0.7085370485245976,1.5549500323028393,0.22515640412737992,-1.4927225200031355,0
1,-0.6026146257061722,1.6876695749868422,0.9310061424276675,2.282050089870901,-1.3667750372060374,0
1,0.2314368835439945,0.4715219927779968,1.0570688771484382,1.900027675190024,-1.8008476956208597,0
1,-0.30574330434338015,1.7012496730368576,0.7183892385126593,1.0250203562250078,0.002483725360544309,0
1,4.084643870481921,2.288382302376213,2.2150743558676083,-1.1492476621610388,2.0997496739036015,0
1,1.3553661127748946,0.07316176150522957,0.33199342977286295,0.7048449986486442,-2.4570262177451627,0
1,-2.732309975320854,1.0009370272613622,2.0960705841143503,2.995608071003007,0.7235022599197765,0
1,0.1241253927682755,2.947482672405968,0.860101271105286,1.5443719455272134,0.7775185665632707,0
1,-0.8097793809896627,3.582085296329785,-0.42387003164404624,2.9450595642743207,-0.8838806048798319,0
1,-2.3017592681222334,-0.43611082405365886,2.3183193128502957,2.957106714467744,-0.46580478251386537,0
1,0.12614546310764685,-2.851475469573126,0.2538157129137447,-1.1824469885330076,2.1492672789241443,1
1,1.5760666321262597,2.2186861124866826,1.469937662089876,-0.12411779530238465,1.232023844355032,0
1,1.8987395405578873,-2.230891486578477,1.5017181015140015,-1.4531002715147259,1.8936329674534722,1
1,1.3659470225527302,-1.026109753044314,2.096045237196832,0.6576094769486533,2.058341746421309,1
1,0.03863260411782976,2.079825768607442,-2.169397339966497,-0.45960797786745755,-3.4254859533557123,0
1,3.8550537933373827,3.2434077304719477,0.2194511450129345,-0.17692051855332092,-0.9617529033278843,0
1,0.8224568863549326,2.758579776624373,-0.7530018732538837,1.7387164276309561,-2.3769024609449017,0
1,-1.0312172675807298,1.1405531192552867,1.1374327890499658,1.153548065910818,-0.3372253008666808,0
1,3.1857016775968905,1.7519787076854605,0.8868032617033481,-0.6319755258162465,-0.4370361805942722,0
1,1.0066127472017843,0.30084579361574426,0.775589758933431,3.108110897927241,-0.3066733290731185,1
1,1.130897832175671,0.2553490335273927,0.45607210724947345,0.05463463085276177,-0.26650136578495287,1
1,0.7481934722182202,-0.4860659794171268,-0.5218521504901115,-0.6637053919356668,-0.6049397162417764,1
1,-0.10193782688441733,-1.0371433200054518,2.578253016177026,2.1973227833069373,-0.6800504905934808,0
1,0.9017217091696614,-0.14104362670913395,1.5605373182256828,2.982391098508665,0.9781237895103053,1
1,1.0342035079281868,-1.773751910192992,1.9671823037582772,1.1660432673019883,2.4755190871012798,1
1,0.7402517970345666,-0.27201347358433636,0.8194449225999678,1.0730622541725983,0.6065779647314673,1
1,0.6850810743150237,2.2777019710991318,1.534416973562103,2.0891705177762407,0.8659161649560012,0
1,1.5885013400903258,-1.4930932721796377,1.1788861317760948,3.993886603106994,0.5206035025364452,1
1,1.1836477013141897,0.9789346687250958,1.7343359727300474,0.9860219402818876,-0.28733503007352235,0
1,-0.7560869823212182,-0.056707624282560376,0.5800562317736365,-2.514083569439981,2.0190006297117367,1
1,1.4828009149239265,-0.4233596742162643,0.604143392193454,0.1651649545386683,-0.034999741914947036,1
1,-0.764790618155033,-0.7828963617581777,2.211337566642813,0.691554584081417,0.34127861812082294,0
1,-0.3040256477600767,-1.3526461703493546,-0.5613347749185253,-0.7709887848802643,0.6919849951304552,1
1,1.5948845535407474,0.9508558490304502,0.767314333172759,1.681566052153883,-2.1745314033047425,0
1,0.32940636784884214,-0.18357031856653672,0.2856270004278145,0.19339936565480131,-2.598377692472692,0
1,1.0544088994700707,3.435217896094394,0.5894771065929301,0.5943965229204258,0.598856281890735,0
1,2.2954422586314056,-0.033404274261713995,1.500848392694901,4.459028231276921,-0.5320511087882127,1
1,1.617161288326579,-0.06407447766597762,2.2634744676459198,1.411865256042648,-0.3726025273552306,0
1,0.588271732691502,4.149406996535274,-1.3020629913974449,1.3911168297866658,-1.7710836953948146,0
1,-1.0395455487365424,2.237816503831618,-0.1419418260952603,1.3887719008846982,0.24152570278259256,0
1,-0.4052487839735177,-0.2570878346825638,1.984716906050371,1.0396411449354033,0.3090709871010149,0
1,1.250871764937154,-1.3041944924051256,-1.079282384813137,-1.6441657038449184,-1.1198240108172004,1
1,0.9068841769430949,1.5755394774176308,-0.3461712150719414,0.548689858682877,-2.554862890960619,0
1,2.3234501360563717,2.5570145764386485,-1.0013831057836455,-2.2399708739976245,-1.2038550260145002,0
1,1.8598126635697603,1.5798046373532986,0.4036919224277118,-0.009455368557540034,-0.9065898186351455,0
1,0.35815446100515325,1.9998522105333971,2.3503747893022044,3.3363239939722935,1.191926466812099,1
1,-0.35057103622636165,0.02879993950414228,2.8947389035468385,3.3957278803241775,-0.060460322995823046,0
1,2.5042899528290086,2.564240145066641,1.1353713121285711,1.1643000462722926,-1.0117454405945852,0
1,2.129686316798831,-1.5211325218015408,1.593106699849423,2.417990251638261,0.805658982750473,1
1,0.6471226474639944,0.478397413456501,3.3386901550520816,1.7484206831184501,0.2821402614180244,0
1,0.8075106039229221,-1.033803630778112,-0.19276798019594632,-1.2767372053787858,0.12475119089623488,1
1,1.2038548598069072,2.1566914002979627,1.2220801157768246,0.7759555882756555,0.2710006147105346,0
1,-1.2645099232844776,-1.7176128488960951,0.02588779196723634,-1.1764931307046096,2.4364760927860143,1
1,0.8565295494060743,0.29266395223766706,0.7002243688479333,0.7117784422419353,-1.5887695724383528,0
1,-0.9736449998878391,-0.7256722721340092,2.2183574740577257,1.691453927942626,0.5948310512653887,1
1,0.8431990155465265,0.7792904683059019,0.9048942215726559,0.009252575055016532,-0.9717028859294884,0
1,-0.36797835798753575,-0.7821220225670509,0.7114986934942709,0.24358406045934833,1.788096438921714,1
1,0.859427929221221,-1.9051058454917378,0.002067013792570793,-0.6944360589354093,0.6809727752020769,1
1,3.503405454274691,1.1605070276842417,3.0433984672565697,-0.9414302219097164,0.9506603577914239,0
1,1.0456185063493606,-0.15436583887560462,1.9484515655965893,1.5750607823247473,1.5674662216421673,1
1,0.8976580677662263,-0.7221655849556996,1.5785407395663225,3.257137268516181,1.272786138099577,1
1,1.3739379161071528,-0.12007083564242238,0.509154575897429,1.1329814510754816,-0.39253788019306524,1
1,-0.9252086706140696,2.2212428070086228,-0.9762431734955557,3.222777909061323,-3.0110761433007402,0
1,0.9438425773140612,-0.1996884361788427,0.18921210193689353,-0.6674353738279977,-0.07151163985894282,1
1,2.8656344790100943,4.221952921732157,-0.5913581400069494,-1.328985975196605,0.3379587661271568,0
1,1.729495500374874,2.8611488662888354,0.4760615940760907,1.5539235025403277,-0.909280690589672,0
1,1.5303689509366571,4.446524383197994,-0.5939315318065723,1.4516060929618604,-1.063656890118056,0
1,1.3578550879064943,-1.7011624028576464,0.4491786005532107,0.47194269734456984,0.4777544230866001,1
1,2.9359976915872137,-0.6870287926241736,1.811439091314806,3.4639184314574987,-0.19180012429915494,1
1,0.8852048378914994,-0.8964533876972844,1.9540659219727026,1.3118290631916203,2.133573081772106,1
1,1.7174328819690543,-1.9212428770986267,1.40124845617173,1.4294198220331942,1.3187901953059171,1
1,1.2839920759917343,-1.8023774876683574,0.7063979870763315,-2.6154070767778834,1.4227858424674236,1
1,0.7588038490057613,2.2054221972748183,0.7542858182616745,1.3220996112274828,-0.07613123099565255,0
1,1.8477278819351728,-2.1390387180962396,-0.9319048563386918,-1.395391349935899,-1.0107632431109637,1
1,1.1688526180694758,-2.7821887395291354,0.4403894701481672,-0.2753363419223922,1.3143033385220861,1
1,2.082312117381714,3.9129609777992704,-0.9892183154311776,-0.24480858785535786,-0.9557705646601063,0
1,2.0958739303903524,0.3088720599886795,3.9457398295210964,1.401540739872147,1.475396290174968,0
1,1.37601425891649,3.0463401383050397,-1.739053952952938,1.487642917819088,-3.2457882691648474,0
1,2.157520192621996,1.6950546220867397,2.132680440360722,0.5708588687561593,0.02494287503427728,0
1,0.5047505475308225,0.9720739402824279,0.712261484099785,1.6527049300620125,-1.0740714521543657,0
1,1.630725047798345,-2.0318664522567853,-0.05498136236337414,-1.1754868547861208,0.11204014706956422,1
1,0.7604407401201536,3.02647820198666,1.6484153309209773,0.9272870445877202,2.215056705428283,0
1,0.055107542739696425,0.7393161860645214,2.392519620842137,0.8394537155654788,1.684165902524366,0
1,3.3499616080913817,-2.2864493457298627,0.9065664038906429,1.2809816280178472,-0.4385347552239838,1
1,2.2860126136137895,-1.0499630714709693,0.22153100486032684,-0.3056036968542071,-0.769667090124246,1
1,-0.3293587041336743,-1.1373867278723875,0.3035479966405725,-1.7720328241911076,1.7891368299703112,1
1,0.21721117264165313,0.018466058969829224,1.2026255702850195,0.9514951998170156,-2.14269725045797,0
1,3.546358385019021,2.1516132040210065,1.4201210649340597,-2.0233768653081596,1.5724324186500014,0
1,1.3556060401103707,-0.4756855314101467,2.0136197654926935,0.06187702777343662,-0.4854869353075767,0
1,1.7478932627041994,-2.7933275726802886,0.8158495505862122,-0.034947082812602615,1.252475220225542,1
1,0.25412697014149965,-2.0802474208038193,0.8182678046325781,1.07891386615221,1.9294394354456974,1
1,-0.0013402473320627273,-3.2593017116870464,0.3308605342622395,0.4742796494725873,2.3056571564151285,1
1,1.1058667467086192,4.035687294027129,-1.7788732598647865,1.3134444200730107,-2.656830441311974,0
1,-0.38564431391793064,-0.8746555826254017,3.672523993667939,2.536840315226489,0.6664100472272991,0
1,3.2539491693825964,0.5960644864981224,0.43885522531207855,-1.5043286899733026,-1.5628551429569297,0
1,-2.3540585143280084,0.39682281832955335,0.9825286433442941,2.7810380826793017,-0.33000733581126995,0
1,-0.656268673923591,0.2810036604616746,1.6655077674757395,1.9909388258119136,2.33182806441051,1
1,-1.0796410771828864,-3.671974962994671,-1.6531909070813047,-3.5727833045180573,1.6973317141885897,1
1,0.2799289334765608,1.6171089073851435,1.1418514727687192,1.2874909393912686,0.35591363467508375,1
1,0.3283565677021246,0.2355764893778709,1.051381717953192,3.133721178427873,0.6177605395159179,1
1,0.5391922139852837,-2.428309728157978,-0.34341335267115336,-2.63403118389402,1.1306597869170254,1
1,0.9370121194447779,-1.2217474646056965,1.2506528662412526,2.0250812705894505,1.298258252286913,1
1,3.0946345591023596,-2.3566744667467003,2.0069257024899505,2.934254516276944,0.8573922366291167,1
1,1.1461489464243688,-2.0246472311635832,1.913203267520632,1.668654121482322,2.383950501574293,1
1,-0.9197242501737772,-1.9955110440960384,0.8344645425398696,1.826237670867677,2.742800242470297,1
1,0.8224915969297208,1.9041301961751849,0.10861366387496418,0.8783010830445495,-0.9202898025374704,0
1,3.5000401457339345,2.3975585256534417,0.6642159564189187,-0.46693781432964876,-0.5041046567600964,0
1,2.5494130170548326,-0.7337077820958833,2.339138815239613,-0.5257230625336555,-0.5506135691764051,0
1,0.24128282162584425,1.7091710668256281,0.6858833149972013,-0.4701709824534632,0.05839606434623967,1
1,-0.8301680240104006,0.2134625015513132,1.5328888355831167,2.2711020297664932,0.3371456928406493,0
1,1.551347199187385,-0.8212582253568579,1.1953290687643094,2.193261056546058,0.47052295083916573,1
1,1.6077121455200847,2.3109830876390767,0.17938379395000836,1.5138742957105773,-0.8784799337429846,0
1,-1.88483313910646,0.5644153724947946,1.3661402836328413,5.17501037825456,-2.4723917832341225,0
1,2.0515688821416074,1.5854394446340798,1.6165934970763491,1.4275314750658492,-1.1049432512127328,0
1,0.6059100152839354,0.15164939701093716,2.257391290541495,4.88225224021203,1.6140306683340921,1
1,1.3064328235311815,-0.4930461763636983,1.2630780256525782,1.4901711567987634,0.7235691645777051,1
1,-1.5079222131593855,0.8233827409859032,-0.4336455523015694,2.503193585329729,-3.113314044643648,0
1,3.0920497975894907,1.0398798167210657,3.3939163593157655,-0.6108118112692629,2.739729953139442,0
1,1.404304384074179,0.5227591671553691,1.6150620681309573,3.306231067829635,0.23083339450808604,1
1,1.3107035785048133,-2.5765181693467967,0.6684417982829256,0.6085894715381983,1.2331443158289463,1
1,0.7468531588082057,-0.32307780133144726,2.0343830645262364,1.2147444293981762,-1.5272680300221053,0
1,-3.655349536992686,1.6876795561887796,-1.6606541034584454,2.5060731925474697,-2.7507141942285993,0
1,-0.7989267898673411,-0.30086586926863856,2.984263681622073,2.5479026222314145,0.5882071128088888,0
1,2.194171595786444,-2.067246739858386,1.0764872894907171,0.1941390159936508,0.775287438696463,1
1,3.2205818649473277,3.6046107491840687,-0.9503694848613806,-1.0359948009972828,-0.6869290418075116,0
1,0.08310422516446958,-0.25895712751666,1.9851977766642195,2.6443277189001337,-1.0513977775558214,0
1,-0.9857943319163385,0.43486471747132827,1.4396663013684208,3.5611555978313207,2.017816456135795,1
1,-2.5555388550709672,0.302478790575876,-0.1381335525103473,1.7967071159609014,-1.9457278244242877,0
1,0.7907851854778227,-0.22279290623311343,1.070757357640016,1.367973337516521,0.7949192838949574,1
1,0.849585425125676,-1.7685168396552684,3.130865833376531,0.5826168929937643,0.008939584660655031,0
1,0.6120940149206789,-1.1307319129675997,1.9576774937906565,1.4334698387988993,2.4498544441282455,1
1,1.056484469536354,0.13834073606383335,1.2811713340541908,0.22872218814997136,-0.6568593248857366,0
1,-0.9945245079726617,3.327192565347148,-2.2900729886067506,-0.37621042545769723,-1.472824207592362,0
1,-0.021194513031097317,-0.07722374356216277,1.4407080215318495,1.4117603935367309,-1.2223702409175004,0
1,3.716749590772586,-3.148997811443098,2.5719702329599645,2.5955570948082642,1.4941076321081803,1
1,0.7494242813693779,-0.9623130522426646,0.7865974674353265,-1.001394075402255,-1.0947035863285455,0
1,-0.9647752654349702,0.5678324109880926,1.0999980789228085,1.601791520962097,-1.1048859946936893,0
1,1.7013669945277914,-1.950431206151337,1.4015832021130263,-2.112253284682312,1.89224060961728,1
1,1.1076274472351468,0.6890495196356103,0.46326503234531835,1.8125673315798403,-2.2037444980600247,0
1,1.1725376948718418,-0.6531581565364302,1.6042104809524202,1.395198170358626,-1.6380673089956252,0
1,0.6822166504512818,-0.9787460180536398,1.7658949562083328,1.5452203812413208,-0.9412641979709078,0
1,2.928776378121165,1.14885144828079,-0.0793094967242205,0.5102160292793143,-2.901863076883866,0
1,-1.544378195728008,0.25116305773932335,2.3096163970828867,4.076656512861819,-0.11282265357750054,0
1,-0.05739959796133265,0.28762566995158767,0.907344309780277,1.1390049521117822,-1.9356464145527938,0
1,3.4657652368390877,-1.2046876615328277,2.467611190867448,1.6424043492846698,0.6944322740390816,1
1,1.444161981063043,-2.0661237453633143,1.7360565595089898,0.39187112724791917,2.1717505333949356,1
1,0.1495457677195714,2.0523336171331703,0.3409236416565504,0.9348439733630699,-0.7969575671427441,0
1,1.5354140211279077,-2.654196106469183,2.499605986844059,0.3705306627382562,3.2951518338236045,1
1,1.6669046431028465,1.3544771146359214,-0.4160387971391979,1.6036167629878233,-3.843487114162356,0
1,-0.43953289049562216,-0.42546707047416676,0.8248188638073173,-0.6297585710836036,1.9510973136936562,1
1,-0.023641274258435763,-1.6272212002528073,0.7738193257691371,0.9394158435760809,1.9033373743642292,1
1,2.715307250078598,-0.42018051999509787,1.8207423131076441,0.9970635711128684,0.2519616208086096,1
1,1.042717797022255,1.914444805132271,-0.7396392847602538,1.4763307958644227,-3.129646296602417,0
1,1.5461517335040444,1.1491690305477347,-0.060687174918062414,-0.25882491450889455,-1.7107440957671831,0
1,-0.23158905193725188,-0.5531384796738325,1.7495662236462548,1.5533063001202123,2.578149109260607,1
1,1.935677509426803,-2.006938426349944,2.5179767003243354,2.3206596560380657,2.3597909155596994,1
1,-0.7331141060508828,-1.8655231915136379,1.1367231288317756,2.4815117296805558,-2.853344722334347,0
1,0.6940708392374613,-0.1697400350201248,-0.16203787822533067,1.452316424915128,-3.8294359058063656,0
1,-0.3124957540478024,1.3575891878738828,-0.8892324793170263,1.5676939324097465,-3.474995921146421,0
1,0.6954305747703249,-1.2539278489345045,0.37633896541312384,-1.6375143801479077,1.0939274282141616,1
1,1.5146927525398017,-0.35216616151984936,0.33899129317260823,-0.1575733614422119,-0.34412002279012577,1
1,-0.8345087853658786,-1.1141714599686976,-0.53041981638419,-0.6880532459794912,-2.048844962140521,0
1,0.5579777707084614,-1.5642408081469776,1.9316599733115984,1.7874960338135066,-2.468146434274753,0
1,0.9583355378263102,-1.7392409514682057,0.5851536582983343,0.20998001419927237,1.029990824925126,1
1,2.5004711193178313,-2.0638940867677373,1.9793800605273586,2.857419949348502,1.2083750588708202,1
1,4.57331096502724,3.5524249374593784,-1.5157032364838905,-3.1698111103968465,-1.4086008904247411,0
1,3.470995532106165,1.336090600623506,1.8258551928093407,-3.0541804646892183,2.696669482956318,0
1,1.971247242266001,-1.514366788674463,0.7539349879273141,1.4390657560481697,0.10901587332648477,1
1,3.901725924550792,0.8757029283107214,0.572465505402296,-1.8761260801004935,-1.7986988484005557,0
1,0.254627830957018,-2.5892054666008226,-0.116833638659265,-1.2720469808026023,1.4870099001306287,1
1,1.560446392806723,-0.10472979587988107,1.5340618112678688,2.765018482363755,0.4417862601367709,1
1,0.43710012355481875,0.2969742690648366,0.3198781862824166,1.4764309068091932,-2.591514631508991,0
1,0.996567619914075,1.0303956604964752,0.6208680187159146,1.933211642038377,-1.7847328821280901,0
1,-0.4891004733172768,2.7233101655770087,-1.0401705924912648,2.1146822402613443,-1.9806032519731847,0
1,-0.6695045901717875,1.5793506643827782,-1.7132829972644066,2.766915656099866,-5.1514821692571955,0
1,-1.4924952245550984,0.8740005028402482,0.7522291855770242,0.3129773286698917,1.8891821519082543,1
1,0.8698667563465361,-0.15386499470181492,1.892315677065425,3.4113924273653593,-2.602118885886231,0
1,2.1431656366155254,0.008112771835802057,2.464125897583921,3.9471913073545113,0.7527767396120552,1
1,0.5799867207114315,-1.633012828533168,-0.12712308363563585,0.24831200077569227,0.45877401344210966,1
1,1.2362061881725104,-1.077650861680921,1.7433112039397136,0.12040146028368193,-1.10572468520875,0
1,1.647423724778132,-1.0035097346092914,0.03389203265404128,1.4082177528012805,-0.7937946777503786,1
1,3.5413216972811714,4.119029863390429,-1.0567884315333163,-0.9957975346256547,-0.4766404296876662,0
1,0.7315684283419721,0.8312360701084516,1.8541695430415306,1.4759758647244499,-0.15838974792578575,0
1,0.016920285762920262,0.29776411330279595,0.35033057771087417,2.1700580098325313,-3.536424577974475,0
1,4.176719102132063,-0.17933334833995662,0.8868934578703397,-1.864916241310763,-1.919862197791682,0
1,1.20006094586117,-1.7047015684080304,1.4454617398404903,2.0567454736546127,1.5482336906898297,1
1,1.49778728803249,1.4981461952426811,2.17259784837168,1.318906564183059,-0.27802193682901877,0
1,1.331264388593093,2.5543018604054906,-0.07065607063507695,1.677601771376902,-1.997797603641771,0
1,2.5768316196773053,2.639704020275117,-0.23685906871888762,0.41478549635267936,-1.202545319263097,0
1,0.5184982477463589,-0.6635793979969948,2.447870476943372,-0.405077675701047,0.39096530457319645,0
1,0.7889856323564921,0.6559047130425153,1.0781769953081168,0.9145910028983217,0.42646938960046044,1
1,1.916586098428596,-0.893817168561182,1.0923862713474084,-0.18753461853213493,-1.6951210035995015,0
1,1.789686918805927,3.8541487985948706,-1.342356959019865,1.7670830130438326,-2.810884858441402,0
1,0.3545397448755253,0.29236886033176845,2.8126322468882545,1.7391382807490996,2.8873296678124714,1
1,-1.020067974921342,1.2690343311330183,0.8215563783719495,2.0026182332155984,-0.14849112349306182,0
1,0.13411989287370762,-0.14952844270325305,1.4907661128283602,1.6191668954588319,1.7532881375405807,1
1,-0.45079869717900456,0.6000645502811779,0.09460481365659323,1.5462393717315563,-2.4187577294716642,0
1,1.7987744110026345,-0.6383629464952074,2.18304375691551,2.3696121140356903,1.3108683963839625,1
1,3.3743604708754904,-3.093885085971591,2.041745899755167,1.347144330658031,1.3225823406846755,1
1,-2.5544353817744905,-1.8828923658093317,2.7026609910353523,3.152392726010072,-0.12808385537769684,0
1,2.160343343846354,0.13187068023703463,2.382415604040517,0.41044872565202695,0.20794225999230176,0
1,2.2564519228731563,-2.3656690369726787,0.7425372957202832,-0.060489345503652814,0.5481449739054105,1
1,-0.7914415280480214,0.9398273208794006,1.9675625398283025,1.3060818128262492,1.4114831452663736,0
1,1.4491054626896673,0.3432453353703946,3.8047529199915737,2.213643816052919,3.0453591922944057,1
1,1.5460626999032803,-0.29269606802959436,1.6296350249103373,2.344395279486533,0.7318186199567538,1
1,3.339990305668242,4.477538350927823,1.4402933563063272,0.9274506469134682,0.7954863181241414,0
1,1.4487068577686453,2.725592656259824,-0.08090613969235116,1.3130568071685138,-1.9801264878414189,0
1,1.3978140947512654,-0.8866983452809483,1.0937188103315283,0.12249838158373283,0.8292796430607092,1
1,-1.4936891803666583,0.16520644845532262,0.09757026854819872,-2.141273571636339,1.8925916123945004,1
1,0.2018205632812009,1.2191018141801142,2.5024503988062525,2.17690634027042,2.100754787820163,1
1,0.15439608271429195,2.5463765149923345,1.00189716914398,1.1042827471825367,1.2491236343274004,0
1,-0.43523184292843564,-2.9959074482570784,0.8779146998413349,-0.5448085175892479,3.3267442713858344,1
1,0.21783978357809597,0.4768887073964605,0.8165647202930532,1.3326382313131917,0.617257134277967,1
1,0.17869587922215702,0.6862893041088046,0.6439785274725494,2.4198776662125514,-2.563804828054983,0
1,0.4060452344518186,-2.0056917397202674,-0.34949922190594185,0.31097838985303783,0.5160284482466491,1
1,2.203043640970554,2.7230938067503647,-0.3091385399818978,0.845098782645185,-2.7096440655396283,0
1,0.8581177627917241,-2.3134844492451023,-0.5595387112368615,-0.5307436215967885,0.20879749591361996,1
1,0.5117291797079815,-1.5508878649370534,1.1147704604335238,2.8120545986992997,1.5185780482553104,1
1,-0.19669724024695667,-2.7482045330505573,-0.6764815343527153,-0.8246105442472684,1.1970280887989404,1
1,2.5279994080336907,-0.1906931568598692,0.8337456400168624,0.02887176763843735,-0.7497234636260168,1
1,2.6787944988981494,-0.45688703952266185,0.8883357934690281,-0.5963055954847141,-2.320261042431142,0
1,-0.08366316746666791,0.6460846921782855,0.9179835456779633,0.5135878960896525,-0.5032857194445595,0
1,-1.852137050239329,-3.1633112930158864,1.2819927488973757,2.0710100035112755,-3.89271506506123,0
1,-0.26197692237518,-0.531607227580879,4.02112654215011,2.574720602739572,1.8139428799525854,0
1,0.7252164225136317,-0.36517753582058043,0.6902344857383125,1.6424687801639017,-3.128494575081155,0
1,1.3931921706943364,-0.4029263564069512,1.5993835882700909,0.9240586889909179,1.0866691097617025,1
1,0.45899585777826124,-0.9662295644334329,0.9547327326222927,1.3536358008818208,1.3334635678150364,1
1,-1.0884557263263002,-0.8979915995112515,2.5230907879109292,2.588950530870788,-0.7425869816218695,0
1,0.3812047246053475,-0.4790409690451076,0.1315916067040548,1.1933499922637627,0.17731771398439977,1
1,2.423851821390307,-1.5542794824334618,-0.04316327225184957,-0.9722406558300665,-0.8160333612031216,1
1,1.0675949889858494,-0.6094797679674482,1.629558652217107,2.7654962678761557,1.20527880475708,1
1,-1.6064070569905917,-0.7692062296952199,-1.2878372101817481,-2.3346878588250433,0.8356803178046774,1
1,2.8576296255645,-2.3395918353812486,1.4795957065198078,0.8848140425724071,0.7380242792449874,1
1,1.1187660328737774,0.7620594249786086,2.570964542569577,2.6775246751323962,1.5667099182746882,1
1,-1.8058065619242254,-2.666895282824226,-0.8534373637306527,-0.5038154596340674,2.237262332101698,1
1,-0.37352886974694455,0.7651431113677054,0.43102737143184033,0.3944383484659898,0.6340549469069028,1
1,1.4361612098998302,-0.5393607012111401,1.3473242911893446,2.851929413340621,0.5077630649618019,1
1,-0.053562288114046286,-0.7069357356309992,1.095847891577134,-0.6191459443496994,2.0840915531205004,1
1,1.0480964960957142,0.09227480875546512,0.1990941344287701,-0.15840266205090137,-2.176892034080584,0
1,1.830668164586348,-4.687348729118012,-0.914776036298734,-2.0804220568873992,0.4712044682205231,1
1,-1.2745724728445178,-1.6703038867519697,-0.009686551197769733,0.9293636007371116,2.0556312442637137,1
1,1.9654652078641586,0.08478779923681978,1.4369299827216613,0.8200266371845978,-1.4381222276164474,0
1,-1.115914965306302,0.7146513101339247,0.0038266642951026997,1.6507844172157868,0.5514524489952133,1
1,-0.4729941826376216,-0.20614448473018765,1.5447278865428613,0.8546654739273427,0.2713391129659555,0
1,1.512281910590623,-2.930263234610078,0.012138169612579963,0.9141076806421979,0.43391618028701384,1
1,-0.8197836598604173,-3.0646080832841642,-1.231219515124419,-1.924758089577892,1.3980191214222155,1
1,0.8997357132662456,0.43900400702913356,0.8612131952032068,1.2287229776060324,-2.0039418693871074,0
1,1.465654941719821,1.8641372944993297,0.36245212654295733,0.6823653909103109,-1.2088071251821633,0
1,2.9282465433821043,-2.3158382724432016,0.18472764817921072,2.8683619455043745,-1.1502665323729206,1
1,-2.320199265780968,1.8930894418399606,0.2006255880712755,3.6533229095132267,-1.5076740028102167,0
1,1.6876020491911081,-0.017991995287717666,2.788662066726571,0.6092886749547036,1.2775646462698664,0
1,1.909159248600054,1.445480958891445,2.0373222949369953,2.4172909155665634,-0.7800884118721324,0
1,2.484870771456604,-1.3567547753390823,1.8740249375105629,3.012095443708614,0.6647918874400303,1
1,2.531959871512356,3.1612846580547846,0.1060030498736928,1.0012486119474555,-1.2144327141536548,0
1,3.1747933635571512,2.0379666034055814,0.7526073246889287,0.7858152239579493,-1.4579165673944956,0
1,1.841194834962801,0.5321621917892454,1.6868257345486273,-0.41089923672991824,-0.9484410530444722,0
1,0.39524131458837786,-0.47232546718761315,1.2951276462008405,3.001551874063345,-2.3382823017134573,0
1,0.34781584111142116,-1.8792721536840034,1.4966812643355363,3.529102252351965,2.192680195727073,1
1,1.7162162838898398,3.453059621107036,-1.4812194107784036,0.27901177030741087,-2.3100446347862933,0
1,0.39832784105426267,0.2171384640192252,0.036278486172073854,0.7542523997303165,-2.412344459725376,0
1,2.648249313689722,-2.3872307241483703,0.5112110694022208,0.34539411633578077,-0.09181202913641551,1
1,0.6294282410581487,-2.608378567761795,-1.2394311370936828,-3.759297797008305,0.2602303400438757,1
1,1.3471435301859116,-0.018162428116395457,3.2762104943143306,0.6285855417527173,1.1077595877150834,0
1,-0.1728980234371711,0.7173862897849356,2.3696958780476303,2.681892731410263,-0.20772884251911028,0
1,1.2951461877304293,0.10753059263649178,1.1400462261925637,0.920655617534015,-1.0946195575165383,0
1,-0.8754490082374022,1.9069716391657145,-0.23819397308341395,1.29234710934993,-1.95278541635571,0
1,-0.12317948355690445,0.38998847192477326,2.3105894096485686,1.9009852741003312,2.6261576942153066,1
1,1.9795914216805532,-0.6045773976037039,0.6284111846283035,1.3592313875410889,-0.5122779367492527,1
1,3.227416268221546,2.851132213919249,1.4608609451302261,-1.788402268824853,2.0959317269472963,0
1,-0.24128666799558118,-0.6624908004213961,0.09958694846510441,-1.131784866319956,1.1069290995777799,1
1,2.150107017141912,-1.8157523042657808,0.9071008578916063,-1.4455879848446203,0.7706192872840163,1
1,0.597366099009236,0.5345335163566838,1.2970437354686628,3.371382602278591,0.5062022020612342,1
1,0.5188796470078955,0.23984248180226175,1.3649397978340458,-0.18967418488215726,1.3799261806307537,1
1,2.658062267038445,-1.0520730245478291,2.419088644598006,3.3057081463524134,0.9769790537634035,1
1,-0.5514845723942536,-0.9400065259860286,2.420566323134457,3.817362949694213,-1.1382216127285698,0
1,4.674651560978199,3.8456482308505326,1.3188488757103394,-0.7861038651161536,0.6651334267317826,0
1,0.08658100639205213,-1.5471292901965037,0.9329836510551893,3.032991945219403,1.6175495072461772,1
1,-1.0265203281782278,0.08537607591509533,1.2237993943641459,2.3481490822184745,-1.2041031765263066,0
1,0.7009107440080983,-0.9425815150480273,-0.09090955172825765,-0.19024644410580116,0.10003418998941027,1
1,3.556707709428085,0.9846517116555812,1.264751222483916,0.09068346719390474,-1.430243514260344,0
1,1.3080471816714154,1.614348429535641,0.9742604753829279,-0.1244499515100137,-0.8072717607721057,0
1,1.8837097739525133,3.1286509102002595,-0.2691518204608385,-0.6458270508864046,0.21321062956723935,0
1,-0.08699124050985763,1.2632211287604032,-0.42841253168277116,0.9594513081690359,-1.07105183165739,0
1,2.336672585905167,2.5653655293367494,-1.0115678354550832,-0.7172669746623428,-2.3153315679875126,0
1,2.645827205272308,5.083018350517202,-1.157321935302806,0.13968530105913468,-1.1434732762535993,0
1,4.588644980313476,2.0618905865009336,2.9905830468180876,-0.5131831719667159,1.5065767791914562,0
1,2.298216838085594,-2.259969337086193,2.0988106619638005,4.06196121649584,1.4031067930360066,1
1,2.110672835716072,0.6304517342894311,2.4596858350176896,0.7010025865704648,0.017132535890172385,0
1,-0.6688599465613667,2.2429496844189907,2.1369878166627925,3.6695356330086204,1.635265770825403,1
1,-1.4573611389854522,-0.09548375873849957,1.9187767270114127,3.4609862533732954,-1.439551238589221,0
1,1.1698247524306171,2.3482668779805254,-0.5361337087775533,1.318590688096514,-2.7451026302529478,0
1,2.6897332832052414,2.738717629519594,0.32535477271813107,-0.5209067129684137,-0.21243492412283838,0
1,0.8628052560799607,-0.8396755825288496,1.8238036694523867,1.8171918695196503,1.8769434588092975,1
1,0.7709060814703959,1.8514317319188889,-0.6045978475249976,1.0592448399180778,-2.211326449415422,0
1,1.3033757688882328,1.7072950763632584,0.04734397246968536,-0.3269630529585439,-0.9300944265370819,0
1,3.6406040221466935,3.1431287901510854,0.08136498477068466,-1.1697062018425792,-0.32565410756640945,0
1,-0.5446416800794529,-1.1975304644135567,0.19799891819469717,0.9828168694801094,1.4091970595336032,1
1,3.1020129442566495,3.155482079331815,-0.6795283223836122,-1.9890247366598564,-0.5640131828763649,0
1,-0.5908499747128442,1.4892379073435782,0.9438501854169817,4.230276746929739,-2.4216808469676057,0
1,0.7467659163668936,-0.7826743973287538,0.8602213078534675,1.149199033854249,0.9054950930674366,1
1,-1.294981262434887,-1.3937840275520381,0.48051205505942374,1.6599796184944504,2.394384391362003,1
1,0.5045146217914677,0.6402927599855706,1.8953372529480774,3.3573151268438743,1.2671756931251612,1
1,1.3360691145989092,-2.51052249414277,0.5463391173925422,1.932304689528578,0.8109842892044227,0
1,1.2241263251568335,-0.4311984177020287,1.9693789555180987,1.5479634545118648,-1.9329990170126115,0
1,-0.4360926035692674,-0.9073845460059682,3.0366173158177743,2.2105113289854783,0.6457989703037679,0
1,3.555151085069474,-3.1142982762127236,1.3215652218807927,2.15399360760131,0.1927795820842837,1
1,1.2004798643437866,-1.2139238355794146,1.6848827407626983,0.7511990869706562,1.808151804995216,1
1,1.7168366690839043,-0.3549257646218007,2.6707297263435175,0.9523582990917149,2.0586806538533144,1
1,2.3547933001367536,1.7703417097072232,0.7462312051410962,0.7529466583731355,-1.0457270231489149,0
1,2.6659359004211276,2.609389185542784,-1.0769769797732676,-0.4164212359708537,-2.2175766990171484,0
1,0.003703494925990869,-1.9544749106458728,3.6892574594571586,1.286450911776313,0.83436638717698,0
1,-0.16246866333799836,-0.4903470473350351,-0.3251749490847291,2.963555189806367,-0.19816932520556807,1
1,0.1699001984660653,2.356186049658998,-0.461817108367478,0.38307139029072335,-0.8441555685986766,0
1,-0.9703912330586453,1.7817300193210581,1.2340096254708284,1.7422389882583489,0.02409444596728849,0
1,2.415261516112741,4.35815492196946,0.6694945816964197,0.7297233773800762,-0.30382957412504397,0
1,-0.4170451282102081,-2.8238779243136705,-0.630313333236038,-0.42273909499220186,1.383675402445045,1
1,1.184425862072906,1.3117641040058836,2.435005460988803,3.2181910670780094,0.9650805130048092,1
1,1.296606491089635,-1.0649778047788083,1.711415646173815,1.1440588227056496,1.6114168337330095,1
1,-1.4077469546134087,0.2414291281889095,1.9121105363676258,3.4543320280729404,-1.2529825311434344,0
1,0.3508120606116464,-2.4218489245621573,0.5383665835493199,-0.7296993277055466,2.0177932359443913,1
1,0.025627078188362518,-2.094728677518326,2.606124432512646,2.993381434846248,-2.1945193482934253,0
1,-0.6043122032717583,-2.393089092598083,-0.5279315112804726,0.29017720116395285,1.3745667825139645,1
1,-1.2259151720513866,1.0279739630321063,0.015014615810959198,0.6786619855482934,0.6633967292536396,1
1,0.6318382276341892,-0.05978439010998404,1.7786866733894344,0.2351789085040572,1.8660246119666752,1
1,2.205980483062324,1.1697577244832584,2.8789293275682244,0.059913377838809456,2.058362025219685,0
1,2.407686044096116,0.14991936468039468,0.6219449592777959,0.34201516231353457,-2.5557962387805393,0
1,0.6991397041231958,0.11004780671274506,1.5714734707305051,-0.6583387915314989,1.6003472403183168,1
1,1.925004000896156,2.4512905746966713,0.9257293939323693,-0.21301089370961868,-0.047957656582812036,0
1,0.5682513685476287,-1.7574355703786035,0.20063736317942782,1.3361939452006135,0.7498171661509545,1
1,-0.20379489951210839,0.5423832287526933,1.473100646981583,2.844330503142814,1.4528352815917116,1
1,-0.9494266371222293,-3.259698821233142,-0.7459128819069576,1.180175592133611,1.6865679927622144,1
1,1.812788874737408,-0.3526767273332777,0.11982714356273572,1.3586305545038404,-1.105115872177977,1
1,2.7124217761688536,-1.9154853268818561,0.13460923706955685,0.9548777277477889,-0.9869143320543319,1
1,0.05602255435263892,-0.1045404373114317,0.778388733269768,1.251803057161327,0.9858946794781394,1
1,1.0979371002522833,1.0451208193337167,-0.22665188454299479,0.8967772294309501,-2.718558038605762,0
1,0.7518400262095067,0.9907801624742425,2.8733240499978745,3.0952679180905776,0.7965159251312937,0
1,1.8349623877646832,3.7640062563537477,1.1278606544102543,1.0040043980201516,0.08327248640998253,0
1,-1.360783434594179,-0.3404319697192987,1.7284073021369526,2.3920912858924916,3.254824285925188,1
1,0.5321700794169002,-1.1078583911493591,1.342093278193073,2.357382675923253,1.627770285046566,1
1,1.1189167542319474,-2.7069592975292665,0.9279177179652495,1.6833312914597238,1.5935259121216587,1
1,0.7744812054623146,1.4572099237037042,0.4673607027614325,2.5085603212416396,-2.1665423518518363,0
1,2.7145800514498415,-0.8721832271324371,1.4931216151886693,2.2913772675754243,-0.09563260657305217,1
1,-1.0625949410617008,-3.041605989388632,2.3680834975644958,1.5488285042649546,-0.8961075345743235,0
1,0.8116492139081496,-0.6913627438660315,1.3902508221269314,1.0889110292593938,1.4232127973283313,1
1,1.8925524936399918,-1.3861726015749865,0.956212632943881,-1.0233218332667278,0.7212035063903195,1
1,-0.08380240898924729,-0.6431578824326176,-0.4806340258085886,0.1495644680797934,0.08418627203005513,1
1,0.9502348539732369,1.5790503145490358,2.875742301874298,3.3597575310579453,1.5392292761688129,1
1,1.9005685591183892,-2.914559437231964,0.6540740126590657,0.7604103966640029,0.8765565256554505,1
1,0.05132529393688634,-2.0878546692486726,-1.067062053527006,-1.1612387466618332,0.27144660902896545,1
1,0.952552763396667,1.1350693923986999,0.07715265066658317,0.5285468455099462,-1.5175533382944915,0
1,3.122718418261471,-1.2231969679811008,2.1245243348526803,1.6827656750642128,0.5984975969627717,1
1,1.4420466006991806,0.30118270266056646,4.157328307574459,7.704436254543765,2.6514676801489614,1
1,3.0925372350046114,-0.8717558025817017,2.543584205678741,1.9700507657675532,0.8649350042087522,1
1,2.2927517922802023,1.2491445618438695,1.7260675945179118,2.2508366574825844,-1.343398865076705,0
1,-1.5802972916129376,-0.7781869752994854,1.7538714216971936,3.7092839326501683,-1.8958133401265154,0
1,2.3614788009951164,-3.3333645875094633,-0.11825047927827215,1.0700209113994172,-0.24139335400024042,1
1,0.5063593450777001,4.331246335752079,-0.6219761428391322,1.8877669786937878,-1.6741881790940474,0
1,0.9491024758280223,2.2402653904598178,1.6463382457845948,3.390824204422293,-1.5049966527101695,0
1,2.911003569553573,4.522710587210058,-1.0424668757233952,-0.09584617300916953,-0.6107898854974463,0
1,1.105326885875296,-1.9094416965140963,0.03803521374744434,-1.1606985865956991,0.6245323644704749,1
1,0.25663189663253005,0.01139362055194848,1.5910498462743057,0.2932720916097611,1.8869123738717404,1
1,0.16653090798464998,-1.1414327438861809,1.58702164291724,3.1726798979683606,2.114881004435735,1
1,-1.8134781350845928,0.9169060357568963,0.06791161187558492,2.5895764775314367,-1.9942051310290845,0
1,0.9774803513253141,2.3606239246241434,1.0874551764181732,0.9592812286774487,0.7489036074704529,0
1,2.714953704443535,4.773090967353421,-0.03992269450252528,1.0578099659470441,-0.03298440046468043,0
1,2.1929274911300176,-1.742474276744144,1.6676532081582516,0.42442541715171467,1.293704490788087,1
1,0.9582895523040239,-0.13143923866770457,1.646954435346591,2.231505442266023,1.132595695445129,1
1,-1.7990998821456943,-0.7622448269856854,1.5088313783931588,3.632702991924285,-1.3517884626061925,0
1,2.016979111896522,-0.9458010758404639,2.924899450722119,1.4681045088530593,2.3489345475518792,1
1,-0.8374817365781768,-2.104899440753576,-0.6688866784166383,3.0107372911657007,0.7902529381036706,1
1,-1.567638755084706,-2.0159169103142287,-0.3727623162889915,-0.7022336242067901,2.3027063983058764,1
1,4.937659180215273,3.657596822556609,-1.0707172069391668,-2.133462739963525,-2.0171823730255967,0
1,1.0440361340214346,0.273251789872921,1.347675907973166,0.30917359795026367,-0.43376443291457134,0
1,0.12211085762779628,-1.811354811117023,0.3814516809698796,1.6313848945030023,1.2962953373741586,1
1,0.5634310912217064,1.934958429375192,-0.260314753330108,1.4850325912019273,-2.106771984322652,0
1,0.8978164201842455,0.6862913323161401,1.001171266125229,2.394683656611341,-2.0426402449652765,0
1,0.07832916752901509,0.7124170932381901,2.32990554859133,2.11519755671976,-0.9591638767321344,0
1,-0.32476453736537514,0.1658105295381912,0.5976618372180211,2.258749001086046,-2.6333630050593855,0
1,2.098835293735249,2.4498815839273465,-0.032398683904154346,-1.031801359482503,-0.5363517485109012,0
1,2.5188614205291326,2.7733274070106693,1.2909447389384867,1.859154481412872,-1.1366107174715212,0
1,-0.636435806831499,-0.13881168477990213,1.500026511891929,0.7182132167624868,0.022588166813329424,0
1,1.45079372155465,2.0974380231285026,3.3101897798192117,4.675443664328321,1.157021720995779,1
1,1.3533905717567578,-1.0824406416070858,2.2776713603366705,2.6533682142113344,1.9808160135290367,1
1,2.237126470823484,-1.258275215947764,1.5226508101780394,0.5880600275672052,0.7921708142577846,1
1,2.353005647940858,-0.23438117448972084,1.0645624994709941,2.6997798012935306,-0.7113763015287529,1
1,2.4124070098369716,-1.1371512889387871,2.8480779404571113,1.8092044548984174,1.9595155356067118,1
1,-0.8302044094539958,-2.410408752720508,3.5638672482717095,0.6560878293156258,1.7962554635707617,0
1,0.24601319033078295,-1.2665856748266349,1.2660923608545045,2.3296086727993393,1.8785617901761138,1
1,1.0621072393592397,1.4023484854420993,3.184822097330662,3.6919223730902817,1.8674985733493132,1
1,0.6014753006120606,1.0404742554057198,3.431605404887685,2.7631925677310716,1.484264953975921,0
1,-0.5277387920443253,-1.0885416831695158,2.5058180499675524,1.447514783861528,0.1756975232488418,0
1,-0.1372084160413154,-0.9125460802823977,1.9934670178790532,1.5946341641121407,-1.3796874801381616,0
1,-0.2734960262251318,-1.8400766405277635,-0.3415941461889478,-1.2226766081902625,1.2574700260322447,1
1,0.8389020746409834,1.3729659416440283,1.2996085231527619,0.33296156183879544,0.3319776094502447,0
1,2.4192690988979257,0.401968366171204,0.023437184027655267,-0.45426714575224425,-2.227365821952266,0
1,0.6352220593790784,-1.4577434439138226,-0.27055229247470014,1.2732269542787584,-0.0017718137061046857,1
1,1.2357906580876818,1.5950990497229824,0.7600815004524344,0.6697241179328617,-0.4712329771733945,0
1,-1.1674522536331078,-1.3891781607266291,-0.6750474810090081,-2.0084950442853007,1.4840709123285445,1
1,3.0748996599196294,-1.1175548634793215,1.6181508486457141,1.1049294734713475,0.08377736500650468,1
1,1.7466228638019836,-2.887172879398831,-0.12241889725598898,-0.31570167996969944,0.24866907159890872,1
1,1.022029829664697,-0.6886331243276367,0.9308374527253517,1.304109047551965,0.698325242964522,1
1,-0.13482929968905433,-1.114570245530508,0.1587071917043772,1.2797517497451176,-3.543480560717232,0
1,2.6376889649549247,-1.158834247764232,1.4260517712181167,1.4044868503944594,0.16182940617440644,1
1,0.27426389166795795,0.31242765761935787,0.9433213327169109,-1.6493860586045264,1.29049605872326,1
1,0.5335338901707105,-0.7604668170935859,0.13366535224750575,0.5163093958143197,0.30636067930249056,1
1,2.5786072914797282,-2.390315233383665,2.784693314517309,2.1815061124419515,2.3679827627721997,1
1,0.07458367132001786,2.020401529515173,0.7575851085042808,1.6179620612647885,-0.18434242836754666,0
1,-2.219413717435006,-1.1129429189348152,1.8766346861270786,4.523165313742794,-1.9714230793175527,0
1,2.3016441818783275,-1.0844056274480172,0.314059492276608,0.6560264261323658,-0.8151734661125076,1
1,2.149476163201492,0.7078568127200983,0.6448233178082767,-2.344525670197184,0.20530408090405183,0
1,1.7393610245291313,3.208770560903497,-0.8838841742707932,-0.5141685900335615,-0.6602460450746536,0
1,-1.7398748899933714,2.533239780680753,-1.8358774368596582,1.6365695132181122,-2.526637598915306,0
1,0.15993516391052942,-0.24513467831289137,1.788011966567185,0.5801539886713345,0.5828392415155381,0
1,3.1882841369731447,-1.57026218683212,0.9665821621495432,0.5676773487348972,-0.48698858605540685,1
1,-0.3922745914645631,0.8046951158512029,1.953782909730445,3.391322498354499,-0.8975427494601389,0
1,2.4189840590016423,1.7055351168757265,0.9020556861679636,0.9760744026702568,-1.440315059456674,0
1,2.3335363879581488,-2.673317084938592,0.5444259228811763,-0.23135405640616757,0.40742835165967084,1
1,1.4633798457221534,0.7615000804646846,1.6574455260328629,-0.19242373187525996,0.3323758273703832,0
1,0.7123165023271076,1.2497442551831974,0.9382131142544508,1.4665642297416377,-1.3640005138626223,0
1,1.8417204103754623,-2.7356781021151866,0.4384475168322488,0.6649932069831985,0.5870128270884554,1
1,0.09739435492459714,-1.6220370498336694,0.9804390305357188,0.4393883939184483,2.1602085833731204,1
1,1.8733259868399752,-1.4186275896186076,3.600227767939261,-0.10397164654763169,0.8636857469910908,0
1,3.146431220179647,-1.5799703456834284,1.0017145725816892,-0.6233804362602857,-0.2489979926099295,1
1,1.2519774750194037,-1.9096639115969687,-0.672405586956139,2.2973121460539954,-0.9045923161609446,1
1,0.7699694924905358,1.0107063675621908,0.8300991909719024,1.170415604485211,-0.8281133668289657,0
1,1.0795702262392695,0.268264489074884,1.7836989401100172,0.8484677846157752,1.2441806976367469,1
1,2.588513854846072,-1.1512696778527673,2.2970879428020243,2.0770013091336184,1.1210289186183346,1
1,1.151136365502611,-1.6016254606607672,1.1815837157650468,2.2688887394562074,1.1911243208694566,1
1,1.6639010193549701,-0.18968621845758837,0.6275026198841843,1.1205648260942633,-0.4340377008855276,1
1,1.3268928438759613,-1.205386173010536,0.5939304554480904,1.3122593486591008,0.30496226097521995,1
1,-0.37697895476893084,-1.026020209910371,0.7623797686592906,0.797156382488255,1.9067764966747442,1
1,1.467855781453156,-0.8309347764165729,0.5950927217452414,-0.6597434219279779,0.30627994848553874,1
1,0.589562770723598,-2.1807547216147523,2.9987687852081857,1.1068606653070918,-0.7196063901973084,0
1,0.569968889476399,1.2930590576442864,1.0090608469045501,1.1731426595897052,-1.1953518857116017,0
1,2.100048300200026,5.016025876359991,-0.4235756334491978,0.7153377668371932,-0.4856561903439933,0
1,1.3771129566467604,-0.7342160678425831,0.03067799836331786,-0.21817442415191723,-0.42849682885199303,1
1,1.646568157724783,-2.3729358088126244,0.12386631737016951,-2.621837385805044,0.7163239407907496,1
1,1.4021919939634262,-0.42014949742619545,4.089948759931207,0.0043570527248039115,2.424014835184336,0
1,1.2200806309180372,-0.15447549996497056,2.973339187279931,0.7396571166568777,2.7690033503450016,1
1,-0.08424375914553472,-0.6463290194870124,1.4342815797632604,3.6095411911596944,1.8192145602155136,1
1,0.5262296179198371,-3.6593622249331577,0.49915876134405346,1.6863289880055197,2.081796105510403,1
1,0.7288715595200987,0.3109839251363202,1.9058613118769856,-0.23650541534501568,1.831723355825565,1
1,1.3897446497990398,0.24746255775145987,2.8719388352455244,0.41870652201177405,1.1956403059271277,0
1,0.9549329322109608,-0.9229767615499046,-0.08932010950131097,-0.4699913681219323,-0.06098402808634784,1
1,-1.3955109922488886,1.8359091399522691,-0.037141150005478574,1.708540380438428,-0.5435554553359107,0
1,3.282215338215356,-2.706471283848055,1.343839521473074,2.0087862779212324,0.2384562272838211,1
1,2.2938470493596896,-0.8408966262650353,1.9687872609546284,2.354593727620456,0.7907404239391274,1
1,-0.05975588083437833,-1.5969894295932339,0.7694598728683243,2.145695960613261,1.7483181490372401,1
1,3.5817271590998443,2.0725206361931123,1.200971564841443,-0.005152692178439278,-0.873281129961501,0
1,0.9151714177634745,-2.1261175980174003,0.20603867832807155,-1.6762847825335805,1.1382161594886058,1
1,0.1456498003611273,-1.439351838021632,-0.4209908563118112,-1.2037772363064425,0.5866369363883979,1
1,1.531688825059666,-0.6261839324668446,1.0341517931873383,-0.3870626482400894,0.6179928738908191,1
1,-0.3640129673457777,-1.6397903947601846,-0.7429452422850886,-1.1363960144254408,0.7409467971913322,1
1,1.907901501357555,-0.8912679028124164,1.0866131486239923,0.8882053901520727,0.31735240979261237,1
1,-0.8073641568936707,0.21631167451581057,0.6046018902662571,1.5682983235762635,-1.9021645460038532,0
1,2.750771326542984,0.06339647617327127,2.679314247033356,4.21930496529924,0.501638941185033,1
1,1.767400747393727,-0.7339691905297155,1.6497154853859124,-1.3687450632550808,1.3781084131954344,1
1,2.0504414065093934,-3.8712908790184417,0.5289433708505686,0.22046725664221123,1.184175890751918,1
1,2.425262071370387,1.9239596405439263,1.502775083484657,-0.2745706343153773,0.3911482940188251,0
1,1.1354526243402017,-0.1413184327139091,1.376320203908071,1.5334230850098987,0.7989607000840442,1
1,-0.17978756903084792,3.2300726931415467,-1.8077415185344319,1.7916601403712153,-2.505950270848556,0
1,2.207138156847617,2.7519142967355954,0.8972403894610974,0.14270570408798267,0.5744747683622153,0
1,1.5580124731841063,-1.0352229768968875,1.3332843322492711,-1.1387103236927922,1.3025332129845415,1
1,1.6513001495757156,3.1403452284961655,0.16880799615980924,1.3839162361328787,-1.5839565668004705,0
1,1.2077822926684647,-2.90397884011949,0.40937444458665007,-1.2022342191349105,1.4789969857787342,1
1,0.7460383210988062,0.6782480887922697,2.532457524149067,1.5697283037733105,1.0159571781929229,0
1,-0.09216021520828233,-1.6627186442246056,-0.6094047363855442,0.9795126461323561,0.3425209402117043,1
1,0.3420727428638596,-1.0032935217246894,-0.7060368590867951,-0.5066611393688902,-0.23403702525997883,1
1,-0.49477159305698026,2.031564488917822,1.5367000661240375,3.1707184583892505,-0.44712343268780597,0
1,2.558850828610371,-1.3429181982749692,1.1422405254068622,0.8098666749335677,0.09055091506588386,1
1,3.8487533029802923,-0.6766730796088662,0.4035707864792376,-2.4264350576823666,-2.300161812513099,0
1,2.4832433147130613,2.7501647088390295,0.6843123294056739,0.22690856509755608,-0.5282515765658427,0
1,-2.0632000732721454,-1.7675335084942525,-1.7602484882421816,-0.045600660014582406,0.8195433345989046,1
1,2.631113503579165,0.034657220314387005,3.340203138537043,0.544305565057617,0.14411706613715425,0
1,1.1908966861930728,1.3014633667155706,-0.3209654902018655,-1.3571877518276856,-0.5069865011885113,0
1,4.42837743261736,1.9381679426493021,2.422985374730592,-1.4471536615296308,1.5780475990582619,0
1,2.9808263609518697,1.2340205897999066,-1.2597153954723637,-0.5228146983971509,-3.3705743332417244,0
1,1.2872966123091667,-1.637409055655452,1.0014955224387627,2.598723004215331,0.8219881699158903,1
1,-0.22888311127644556,0.7662439724615289,0.1564257624072034,0.1708955964958574,0.20427364348273314,1
1,0.4455931317940681,1.3189102004300841,1.0223708967565508,1.9500203181239928,-0.8318398788635784,0
1,1.2355374303371165,-0.33819590883983564,1.8307828619657336,1.6696496798166462,1.3396312175382878,1
1,2.7806043058953662,-0.8852010763374928,3.011222914612951,6.120340659310134,1.0284682350320633,1
1,3.234115120573193,3.889542521062439,-0.18317632256520033,-0.10102554756824045,-0.9072207044256224,0
1,-0.8476702916199987,-1.0497796032690143,-0.4064112666536617,0.7505886016439981,0.9134553274470594,1
1,0.45486440918087545,-1.9539328163460952,3.693077612085673,0.1118420042339795,1.6113879308775871,0
1,0.8289859290661363,0.6640504829809434,1.7101669821978662,0.6518208614571948,-0.02931462408043717,0
1,2.0922021408203255,-0.21038822903721321,1.589270187336086,0.8149074313322237,0.39637652045429583,1
1,1.1156411441401384,0.508497278310216,2.0172916321027614,1.18438518368166,-0.7728188648956364,0
1,1.5232243123247353,0.09804116035551358,1.6725001880643837,1.3012112713013924,-0.8224998503673344,0
1,2.8767507635264384,1.6191793375111856,1.3817502663076238,1.4397262714987256,-1.4937163242506943,0
1,1.5159921537693888,1.846741413875089,1.0169763871120354,0.2608769128672054,-0.7495666546366937,0
1,-1.9608916972433499,2.338361714620837,-1.4970441219743869,4.2317343853568605,-4.468659340526134,0
1,3.4449253101919557,0.38617131490224543,2.365108612449511,3.184978351909024,-0.4744681111450688,1
1,0.05283451484256796,0.15212355249931864,2.6736539152305276,1.262804201504161,1.058842067450633,0
1,1.2007432569848606,0.3667566811482488,2.3306280254472354,1.446582087025495,-0.4942786120646391,0
1,0.11871493645217635,0.7246775512206173,0.9363775676591037,1.2366532589365054,-1.0514983710710282,0
1,0.40712039636167197,-0.8009962810537228,-0.19221863818632734,-1.4524497518533863,0.3521178125344543,1
1,2.1738950050752734,-1.5854325932662912,0.9725406408758542,2.4995591872408074,0.04818936362260873,1
1,1.2791488088533685,0.8511077663380253,-0.024931176579693348,1.1931327412298363,-2.605384209888242,0
1,3.353761953454876,3.659166451665823,0.678522160978094,0.44106199925395606,-0.8869092934050171,0
1,1.6662356203544073,-0.2598974191785308,1.0988520500355523,0.4281670938619653,-2.1795395197249277,0
1,2.6730678755087416,0.007136773461018375,3.5906369529569675,4.603016987514965,1.5807998538757821,1
1,3.891379190212083,2.256107340914907,1.3883221724724537,-1.340255910734189,0.6520875265927613,0
1,2.240708487576484,-2.781298978774605,3.970803100395921,-0.49662735503324384,-0.273193831866433,0
1,0.398717531776146,-0.03416723682333611,2.7153650027494027,0.6530519521515898,1.153427646996302,0
1,2.4244901647993613,0.944812722614719,1.6973359352765742,1.1927398971852952,-0.7649556454989809,0
1,2.2098321485297556,-3.7435618483851423,-0.46775684157733455,-1.2131250503985531,0.0432225566905714,1
1,3.503071802323329,0.5331486258908198,3.7981124377439492,0.8510211559544614,2.0489045243171398,0
1,0.8614942179387708,0.980082016805761,1.553028020539883,-0.06305242784933851,0.5963474857122675,0
1,2.7153038738446362,0.3946458329105129,3.4265695294462573,-0.3698876209213875,1.9130638861890894,0
1,1.956646398156206,-1.7995173877352042,1.146022544761962,0.497081145859968,0.8773059602383859,1
1,0.22476379639060495,-1.8493548719186044,-0.10871786999393773,0.3515849113102737,0.8744183840192113,1
1,-1.729280658768786,-0.06878309217030565,1.1627602623754782,1.4662323273437212,-0.2067622442428838,0
1,2.1916762901808653,-0.1279869822958578,1.4392258574396022,2.106537879517493,-0.11088882790984389,1
1,1.7893519582053403,1.8845431866948152,0.060013433854214204,0.5576163802266197,-1.8578518267305082,0
1,-2.7605336567723504,0.39987659864553926,0.7603798900894985,3.054297405023079,-0.5928406699339077,0
1,1.4179282534902429,3.4700706007069684,-1.6842606679796925,0.6923508309402178,-3.1928722334481616,0
1,1.7421751561111534,-1.0592187970561415,3.752937124370585,1.0206280657085172,1.0300306546014664,0
1,3.8034317849977435,2.8118389415909384,-1.112119464794417,-0.8786879806080654,-2.9221378688334863,0
1,1.5271416481501703,0.2827185594082142,1.9255639444805448,2.351838676801333,0.7612116782642275,1
1,0.2924524819042721,-3.0671139722917937,2.742096795522012,1.6392202380921304,-2.2956504477513473,0
1,1.495416102456195,-0.7512757194539998,0.6808661600675789,-1.0851949808201762,-1.5454657019104483,0
1,1.4044767811753829,3.1118478748259664,0.08908231586073623,-0.2060460229726815,-0.7817293542895237,0
1,-0.6033144548418132,-1.162911904084598,0.8348224045226746,2.1530467146865293,-3.244218302846184,0
1,-0.24504944497659298,0.8256792911372001,2.7842743938543113,3.5241153632980735,-1.0474787127495222,0
1,2.6699029928567137,1.576455847965582,1.0074991824068393,-2.447034505914658e-05,-0.4668499196681559,0
1,-1.4779551319314677,0.445384131106459,0.5731684111129837,1.9512759660202417,-1.3611904373110353,0
1,1.4753748188671223,-0.29319006064662234,1.2398523899642326,4.192025501924233,0.022939109672167945,1
1,-0.19628996070710825,0.15360015302749952,1.4578203277627666,2.140173309433406,1.7362889339397516,1
1,-0.6630053268812941,-0.7062458494804627,0.93761129364239,1.689260497951547,-1.6589590294314545,0
1,2.3129808201099884,2.188099096685492,1.4374855601526644,-0.06084098236587132,0.7251475840702355,0
1,1.2813056990896585,-0.3473055704616935,0.9388746414954808,4.061646664031279,-0.12808520581505056,1
1,0.6712524513736071,-0.5981291849253586,0.7130341247966849,-0.5539598463738311,0.9550429196622938,1
1,0.7023659109136957,1.048048810886709,1.9272736057636366,0.8585031918121947,1.3211689503768027,1
1,1.4132482565529343,-1.8686757826895195,2.0642103452643576,1.1985782622190555,2.3308160944303773,1
1,2.1179686969738705,-3.6021163481131064,0.22547891455217184,-1.1680181466308146,0.9019046585132156,1
1,0.6991354868527597,-2.2611815429945343,-1.0287028112783778,1.0490870849129532,-0.5422288945169438,1
1,2.1888274226365714,-0.7979956472518368,2.0720164453474297,2.604656795226026,0.9356763068427936,1
1,0.612696284824837,-2.934058609744715,3.6006161382309445,0.3910710784594573,-0.014337913054261908,0
1,1.2549674597413,0.4999573397058845,2.1996593766796235,6.734483017499722,0.5197831617287327,1
1,3.2128741651680848,-1.2533691419054547,2.4728031609206234,-1.2734688199262103,-0.5850239519112386,0
1,0.5634620111479554,-0.14928672738959892,1.9206244598685709,4.068017760370163,1.5276015914864702,1
1,1.5618539674580567,-1.5040780350539775,0.623295824380132,1.0864139646138669,0.32850527452386036,1
1,3.7052440515881893,-1.296242820361357,2.1112041509543067,-1.5507921325910683,-0.45473745166495594,0
1,1.379164754709091,-0.14479255718626205,3.1449310568381277,1.6255402812815625,0.9000530600021195,0
1,1.449136648251484,0.14474677053909357,2.8163223620059203,0.7799879902651806,0.6758631215075346,0
1,3.246772588016888,-2.0630402473927076,1.8421828648770695,0.3180555439667666,0.8103629804186621,1
1,-0.6865931306294994,1.4281954192048683,-0.507795372838646,0.6771344336298113,-1.219006364169796,0
1,2.1923799807510473,-3.7364711965245787,-0.3966158575609615,1.742393931299413,-0.3439293455773573,1
1,3.0075661433274643,-1.1652484463383692,1.1989641293799176,-0.03923356587030824,-0.15042595247933854,1
1,-1.0681097854278696,-0.49541769063593866,0.6101497386919751,1.3614081362961221,-2.024786720081545,0
1,0.4952729227673146,0.28724035152496463,0.25605634851034187,1.0512529064478602,-2.1990155721386393,0
1,3.2894831341981554,5.052524449196427,-0.5897298340810162,-0.9140031943749023,-0.0027902727669179006,0
1,-0.7789370684091124,1.906357691393499,0.3533135382070669,1.724391729598398,-0.2237586125314336,0
1,-0.7627865040197381,-2.5465441142870353,2.327360286080882,3.2815754360837524,-1.965006546510072,0
1,-0.027665655577193693,-1.6137679569862717,1.181611698470549,-1.0159499947486945,2.6963836868911333,1
1,2.281102627157171,0.8794665426357201,1.4077583480864204,0.5636822478234478,-0.4247112077475773,0
1,0.6428542889805848,0.5395494825479108,0.38572849025218325,0.7188923232893141,-1.2053061022971445,0
1,-0.24359809595530413,-3.2081200111756645,-0.9204872912673006,-3.8966305704224746,1.6899282799774116,1
1,0.2139205767958381,-1.7042991694631002,1.8772524746085666,0.6527584365323138,-1.1450906877628644,0
1,0.9854162866684212,-1.465694733835368,0.1950470084242094,-0.965727628489427,0.616187918070952,1
1,-0.5160699664650057,3.8374486920538806,1.029846530409617,1.57173081202095,1.0041383060456068,0
1,-0.4798565416581104,-0.290516445213143,-2.14897726823822,-1.8818449781158937,-1.424547715109866,1
1,2.1063091489441392,-2.2866289952179732,0.6303962582274379,2.1640530075120776,0.14747705915801523,1
1,2.1918879357399987,-1.4479371258443194,0.978522603702483,-0.2549552494530698,0.3934630620436509,1
1,-1.0304971026689937,1.898602687468173,1.6818361532414652,2.4583261753129966,1.7244654176249985,1
1,0.3242003224360275,-0.6723346328871482,1.5377224940260477,0.587607272508695,2.1103986756012123,1
1,0.23459842936682485,1.7761499762488238,-0.8946595537267132,0.5469787552007743,-1.989169007832178,0
1,2.80208183350866,2.107507571792862,1.6962335712474848,0.18185416618603945,0.8808292604893808,0
1,0.07798878802575548,-1.324729910456242,0.9803306817142438,2.320487510785739,1.6780794617470867,1
1,-0.005308124990902385,-2.189533804905387,2.683523462696746,0.2280435903461392,-0.5235762722419819,0
1,-1.9791803540948156,-0.735499169866447,-1.1189117318944355,1.1938478357704498,-3.230280372738172,0
1,1.072001529826056,-1.547924866983262,1.265193138898677,2.9123826083711744,1.2111736492355862,1
1,1.4759745778070679,-0.44833868688075706,0.2439799201974262,1.5172750886398791,-0.66063676515922,1
1,0.3366755229800078,-0.8755546133286596,1.9266126206749743,2.0016801475854438,-1.581828160502162,0
1,3.981636146983366,0.5443626803335349,4.338890198082285,5.847275670020323,0.9355647017140766,1
1,1.2857876577491316,-0.06702683063725678,2.180933933255022,-0.8204853503630483,1.9957654263634679,1
1,0.8962637369415226,-1.8797305292411306,0.8885299959640185,0.6041458218536362,1.4662826013023902,1
1,1.3074439643229736,-0.7603784038899022,1.8413887566659382,0.8341274410018154,1.6564467657927926,1
1,0.6870253094873655,2.8687272223758087,2.757149600339413,1.3766834019513612,1.2599650583231794,1
1,4.263470516446371,-2.931430481835501,1.4726047837443454,-0.38182966090485815,0.0968104728836352,1
1,-0.46780808492820825,2.7944137639358737,-0.9367040327040566,1.4364908649407477,-1.6852655682455646,0
1,0.5986179498813909,0.4558859649017303,1.4807813124236133,0.5513138378979232,-0.3103379964327022,0
1,1.8513953179442253,1.7466811652212866,0.9284480194717605,-0.46490252011071975,0.49541942589723753,0
1,-1.7077701883444716,-1.2877001576287834,3.597478924713372,2.3282058510276773,0.9198490314838665,0
1,3.6470152515576664,3.658121397543053,-1.4442433501766097,0.15747681422207838,-2.6282536050986454,0
1,0.6659047266072626,-4.115311850623144,-2.211723191800715,-2.3491734829987525,-0.3618414815175697,1
1,0.8038634721718287,3.4620674673190783,-0.6644388442840725,1.8691748020567849,-1.6412355813178388,0
1,0.2996149444920453,2.6443337002523397,0.7584677749608777,1.6106877869467664,-0.17206196490709869,0
1,-0.9352274975250758,0.821412224959913,1.6456536161156834,3.5016118825558813,2.009013337918402,1
1,-0.20529543986591325,-0.9273930774231562,-0.8115849337784513,-0.063655423377452,-0.04329266363328976,1
1,1.2401846228737934,1.22268507948552,2.671534390260093,1.1969831029990283,0.7726818165466078,0
1,0.7213737182301173,-0.37789487066650096,0.4256708888350277,0.5310179637183162,0.3025077266413837,1
1,0.25442755418693286,-1.8516914410314964,0.7054853547896925,1.0658283519703484,1.7183505864168787,1
1,1.7093145471980673,-0.32817501596666543,3.1810685025650103,-0.2881812445794747,1.097982376244428,0
1,1.2865706050669579,1.5730707437097537,1.9512850691581591,1.2477359474151424,0.48898958905242096,1
1,-0.9076557062249568,-1.6133194017122148,1.139019643055769,1.8238746191642556,2.9274121017629327,1
1,1.0244474855055399,-2.1675249118505997,0.77975470285677,-0.1428525460049419,1.5321212489494167,1
1,-0.7664072235366528,-0.8619821422196321,0.5115691889223937,-3.1186210461321133,2.469745892496407,1
1,2.314576315307157,-1.6122610895852278,1.668079774258037,2.0978216177006503,0.8392055655057087,1
1,0.7917729729324723,-0.4926295856415065,1.6263626235423692,2.3091401169749854,1.4310955253417608,1
1,0.280900167302516,-0.0661777817016469,0.6032129436195511,1.058309951297261,-2.3530162787415394,0
1,0.7269190506734935,-2.4141818763315674,-0.8963669413648954,-1.388506178049247,0.09432753477957379,1
1,-1.2982380515963983,-0.6335690945574048,1.3545434731927521,1.6971918898066276,-1.159909610427534,0
1,0.7146170167938343,-0.40891399199291045,0.8382382982385812,1.6731044114134168,0.618560595770223,1
1,-0.0894735926004786,-1.759969206683024,0.33321402538941725,-1.163932117242819,1.8488962890246363,1
1,7.108942421572442,2.8088636019442195,1.219809240420769,-2.7081941268291474,0.2649681888853124,0
1,1.2530567978117262,1.4601497521694125,0.5922326405813678,-0.2327625898981105,-0.7227181934750376,0
1,0.8226915976699481,-0.045486458044992406,0.6087495179905495,0.918378700158275,0.1937434520089223,1
1,0.5183776233042181,-1.1758385639575821,3.387896755105134,1.9703057234100991,-0.04662703966513981,0
1,0.8655469052350286,0.8774752426044954,-0.3070859593599642,0.8837302327299548,-2.4458442181542313,0
1,2.263258008585215,0.5761420133103353,1.550568660723311,1.3288467569193063,-1.5883048941858409,0
1,5.908205012319387,1.1326621185210213,1.2853087366483849,-1.905510466327914,-0.6929471208570935,0
1,1.7555388543008354,3.237142875320028,-1.628718139382984,0.8058314399797804,-3.5795918999783214,0
1,2.6313021892294497,2.843668324923274,-1.2789302697856386,-2.472189661551938,-1.3398096097952759,0
1,0.9528662840771336,0.8028632286788373,2.138432081058091,0.2068694516793077,1.545552772575549,1
1,2.085262774231576,-2.7507400646337308,0.6938866212721914,-1.041304521467333,0.9840504376826662,1
1,0.13170414826880283,-0.12641015795669508,-0.10398294316553658,0.3541819005370015,0.04925140000256423,1
1,-0.4235503729022614,0.9163839782585321,1.3799199588191788,1.6434495062619379,0.0401202518086905,0
1,0.2937585950278525,-1.9347778508703741,2.9912954699419863,2.5790356965425714,-0.5443192196861799,0
1,-2.729037977939021,0.36943999297427343,1.3566660734418752,2.7980642863897836,-0.4364483652131549,0
1,1.7242472121626804,-1.3074477051062012,1.4948969812468547,-0.18842940525451435,-1.1628953134312807,0
1,0.3712702249784766,1.5776791063481557,0.6695616106488291,2.1281410575360087,-0.4606625358358869,0
1,-0.3025646598822722,-0.5355488322173861,1.442733958122638,-0.01852501407995555,2.5089986209833546,1
1,4.787588687789636,2.266674311110756,1.8327043048865486,-2.188408488946044,1.2393405062351737,0
1,-0.6499249147357962,-0.31601251262206564,0.9683835088149507,2.908263056924362,1.6675285877860306,1
1,0.10747407697069056,0.2924542830354129,2.250973539423867,4.988312483929854,1.925542431416821,1
1,-1.987056099653687,-1.9272813899607728,1.8773014446748117,3.0241916656825216,-1.981182904012741,0
1,0.11542116877911957,-0.37619341370104054,1.5787074477355383,2.502202030406886,-1.5773627374880255,0
1,3.4354960879637133,2.884845054088567,1.0567036828169345,-0.9632033153035042,0.2181581089568918,0
1,2.273143741721299,2.1811592575798864,0.36701031768485326,-0.8402361737483972,-0.5715233913032011,0
1,1.8428506528976836,-0.41364455283311297,2.3445805759184033,0.0384085332991575,-0.3236279676802889,0
1,1.5484109396400196,2.264315914864202,-0.2808997560980011,0.1798189456295357,-1.5818413971187768,0
1,3.404424173147031,3.2313268543205598,0.9437236950921055,-0.4565425789916646,0.15921680898906754,0
1,0.5261023874564947,0.21422700401496797,1.7687881654263435,1.0866802522630603,-0.17009596230171198,0
1,0.2766148157147943,-0.29315951930143735,0.7645982549116886,0.48923337942542755,-1.850795848166767,0
1,1.9605786636871396,-1.6181951050917391,2.3847606515272437,4.200484452018419,1.6425616922720685,1
1,0.5423609741172271,0.5858301515980899,0.2756634976007195,0.6030858192576309,-0.23466700667411944,1
1,3.3144632417618056,3.2054072632517383,-1.2232320857065844,1.0868238339770377,-3.1628625932782994,0
1,-0.050268240760227956,-0.7441420498210696,-0.6826558650548429,0.7332908548335085,-0.24023896591269733,1
1,0.36050484249058734,-1.6069737668755972,0.2423579063267055,-0.651796896231529,1.2224759870075461,1
1,4.089567268048263,4.757742435181765,0.9773934092010059,-1.5065136342195626,2.027437321128681,0
1,1.5330960027522074,-2.9304480862584956,-0.814167973025129,-1.3016332648265934,-0.23605188048800074,1
1,-0.49879732401835186,-2.161869271127277,3.6477715083880944,2.5467108057746994,0.0839119262474779,0
1,-0.19958592882169346,-1.6109080596889243,0.7721376422662585,-0.5616432004060312,2.2800461258220737,1
1,4.088838705614858,4.826074932900158,-0.33648222038980147,-0.45519384647844796,-0.14400432389315532,0
1,0.8665332587176826,-0.3110665640636653,-0.07713224176037503,0.10038019146928512,-0.38180553205787704,1
1,2.2883845529435076,4.0897162580338,0.3220868189702124,1.6598950806864867,-1.1856329306471531,0
1,1.8476900618627545,-0.07131517778146845,3.1441672097948112,0.9384987641797644,0.358747363911911,0
1,0.93736926421957,0.5294223384982705,1.220752735361735,-0.9233823183105183,0.17798118897935122,0
1,1.3954474816711848,-1.1385057766319397,0.06913973837240983,0.8994771373565786,-0.33233888458414174,1
1,0.7449100452668329,2.2437507114163973,-0.499015612341535,2.3153034268274135,-2.2775449350863,0
1,1.012657514887838,-2.3047855767892913,0.06362298484922879,1.609994288057587,0.46739071895200424,1
1,-0.013080614220191578,0.11739718550678802,2.263359669542951,0.7064896576403963,0.8706931611243938,0
1,0.8598114170756013,-0.5515525730392683,2.0579381441363593,0.33492882890985654,0.0677879008003317,0
1,0.6584153332541827,-0.0906443617196031,2.86227436585499,1.5824288074361248,0.8524181639192183,0
1,-2.282233971084139,0.36199751234543875,-0.07786033328463748,2.9251086514517555,-2.951275364372849,0
1,-1.060128524101772,-1.214701251904875,1.0569718350594546,1.8551751963006193,2.7352485500030124,1
1,4.110306094651532,1.8771803402116967,1.9369915202448986,-1.426695459179701,1.0478361354154004,0
1,2.1191672539766833,4.420995131939234,-1.0457402515081227,1.462480201364827,-2.8961550323722163,0
1,1.7038400886870324,0.7188539653502404,1.857908989786449,4.1678915217148,0.04619249666257308,1
1,-0.5887622253050986,-0.7183225303591705,0.40607725744508116,-0.8465910823119218,1.763431959077527,1
1,0.5330043094935082,-3.295976784763268,4.389471047144093,0.9164937719838324,0.394046906036571,0
1,0.5852194436371967,-2.024207554500114,0.04464426010080513,-2.9779903265576984,1.3892541127458315,1
1,0.29499596566599506,1.9432295552344963,0.35429716111751974,2.3242523328872835,-1.921049805558967,0
1,-1.0083692825716732,-2.7438497199881695,-0.4661400580586812,-2.6364876934518353,2.412310857374716,1
1,1.8961209822149507,-1.504185527964117,2.335167980321687,0.8198274706065098,2.1349694387119698,1
1,1.7983686908996537,-0.2586196487418917,0.3540553372505856,0.8909188052119053,-4.031588491968444,0
1,3.5035978199222098,0.21374712110551908,0.6398951920838651,-0.1019874545756474,-2.156483235915153,0
1,-0.24645881367984201,0.8865216863223961,0.7720743160912713,0.794143294628428,0.7952683993496962,1
1,1.5151607398586369,1.4835673307377575,0.634393397574977,2.1190471964518793,-2.302366667430295,0
1,2.42957142721927,-0.5328265095562108,2.053239461213253,1.1937462193544295,-0.8108785064906623,0
1,0.08778546141380916,-3.9103292642162444,-0.843567638327253,-4.382703631364231,1.9384914328203222,1
1,3.509525147401405,4.789606198963483,-1.328928771805408,-0.49358710172849873,-1.2733566196800932,0
1,4.457255535902939,2.311807491318335,0.9607615446447162,-1.3111996657857867,-0.8765212306734579,0
1,3.3576507644816345,4.313327759454279,-1.0646379412946305,0.9697578449368549,-1.7113235278671535,0
1,2.329421023827923,1.7861830038710687,3.6320607003937897,2.1227346144839316,1.4103064749893357,1
1,1.4402991338299476,-0.26491337160220074,3.6087245796831713,1.2971448468443365,0.5452971337261421,0
1,1.3689900711760872,0.9732881322579785,-0.5711581456013151,-0.4961529126784099,-2.865805744549908,0
1,2.1119342070104308,1.2218164559262055,0.25839137827753533,1.6152490292031498,-2.937318029358491,1
1,1.7389778251961183,-1.3453232524873757,1.1127918269485713,0.23718737523586775,0.8306917800712318,1
1,0.25259999954549983,-1.5703542637820709,-1.1060953274973757,-0.5441934752940463,-0.31710827334230385,1
1,-0.17805954618171982,-1.6903382140457233,-0.309716854606205,-0.2061082999531254,0.9580381674047691,1
1,-1.1432996914574343,0.9494078581296963,-0.9452916118072587,2.7969263064295986,-4.095040869990507,0
1,3.20812224973104,-3.4253205855684405,1.2030190875765336,2.829681431373537,0.37703624735965724,1
1,0.057352408562794666,-0.6254419312533642,2.3180664700784765,2.5849902342703186,2.88180733085993,1
1,2.6105056710319934,0.7790165459038176,3.0217833381073533,2.5960305500295258,0.8771589321038931,1
1,2.288141190321646,3.196195319637975,0.48547037241957236,-0.6291216010675749,0.3185211367875753,0
1,4.603281693887328,-0.687271392697361,2.8871298147620728,-1.25385749154493,0.7172594375683226,0
1,-0.41544211830633926,-0.07177698562926027,-1.6314936183031774,0.5216176317636778,-3.6944630536026426,0
1,0.45425892592444794,1.2470320235668841,1.2432895639163897,0.9474128018338059,-0.17158220850455397,0
1,0.9806207721118344,-1.360772693366827,0.4688061808672489,1.0815796975190803,0.5732297745024453,1
1,1.3269424039788902,-1.987047983826392,2.3309990793299185,3.6995749615130893,2.417698706485629,1
1,0.658316762652112,-2.5516698831790054,1.0424643273868934,1.120715132712152,-3.515688203899335,0
1,-0.7684194217251774,0.9573128968250153,0.4176638858803142,2.142011011632575,-1.8961240393403473,0
1,0.7978296644957439,-1.1064824459113385,0.8942418694462969,2.3711287386949884,0.8669596655636375,1
1,2.001621333097244,-0.7028885244157543,2.438447685653448,1.2110285743900693,-0.48032550262090923,0
1,-1.3026250220205706,-0.8933823002549537,2.692459203878405,1.657571931824901,0.5356336898590031,0
1,2.3769464815555743,-1.1570402925185954,3.1578534331542176,1.2503152984175725,-1.6436864685214378,0
1,-1.3212514740253654,1.9060907877965994,0.6611039314096667,2.517427606006863,-0.09723368280437428,0
1,3.641253302099291,0.9660724696151013,2.167889434620602,0.6174928899177388,-0.9218500991170601,0
1,0.7128563949817142,-4.279714364790755,-1.4123094708502033,-2.5856391327436614,0.6850024144786572,1
1,0.9950834539337915,-1.095350350588792,2.763289551788631,1.5086405716655484,3.072853705962014,1
1,1.693914686284854,-2.6697308103269335,-0.8020510639133829,-0.44416202005490346,-0.6034111074422108,1
1,2.3239528363673125,-2.7218848548668424,-0.6249059431287518,-2.0106798791915588,-0.6320386055456542,1
1,1.3076539159195948,0.8220111629204454,1.4630180500815526,1.5099701406401906,-1.7228385925880625,0
1,2.0846930971714874,-0.38384088908330594,1.8544699655672552,1.7903689810783485,0.6578598757265093,1
1,1.6359681029907478,1.8343231031165754,-0.9883753388365941,-0.10853806769513286,-2.628399176166549,0
1,1.2256058244936472,-0.048120098303481296,2.1756081644642338,0.34206443698155387,-0.25719483122272446,0
1,2.6474668382989357,2.9586490546454636,-0.5117500145461615,1.154672437198008,-1.9928397291709308,0
1,0.3112576664455202,1.4039554321721366,-0.4986028978994814,1.815949984051532,-3.0548684167134947,0
1,-1.1255044792875544,-0.3745966898844253,0.8678851871987867,0.48663203000639876,2.3360769197618563,1
1,1.4988369943767799,-1.682115955401791,0.7001373781359317,-0.5234914238102639,0.8314178397815224,1
1,2.6628879141530346,3.363748229378242,-0.4052471756535345,-0.19272174647487805,-0.4251360323910287,0
1,3.7479553488684223,1.5964678823564897,1.1602785800857665,0.1487641218900585,-1.3034480846584353,0
1,2.8177031396550825,3.809419091105647,-0.5350206103826189,-0.1048104694341161,-0.8221914191948921,0
1,-0.2846923120633671,-0.6831747711353471,1.9358058954633774,1.1595512660346574,-0.4808600307495353,0
1,0.3611424005796122,-1.4114290380915642,2.671083559783822,0.8836631248601048,-0.4651052763968653,0
1,2.655307023956854,0.9373129475839661,1.7947360899245868,-1.2442144225042004,0.6524769059814739,0
1,2.289562103191762,-1.1126569101841428,1.6868446433555988,2.393591089274397,0.6026441591023681,1
1,2.500705130578451,-1.05212662723542,2.153657161146217,3.0337354727213093,0.8437322916037271,1
1,4.583511856202667,2.5544833285668878,1.8182501318391595,-0.4334497601941898,0.5685213457130176,0
1,0.16147026843894963,0.9531537116758845,1.8559902713273397,1.204387809815547,0.29865035298708653,0
1,0.6567673316477323,-0.3606273004584378,0.21772505926798713,-0.6077318209576741,0.2644278949433899,1
1,0.3509820427625623,-0.4346040514703946,3.5024583477865243,1.0861870904178295,1.063967928686742,0
1,3.163885155635332,3.396162737754537,-1.4118127717827988,-0.14333670314664926,-3.0255082558958315,0
1,0.029030947796595652,-0.5886064132143792,0.9254286026040108,2.1163452741141837,1.315145318758257,1
1,0.9875303389715181,-0.3058740445619228,2.2949097069323257,1.142727775783159,-0.2661498735879546,0
1,-0.4246521942922037,0.38000683309170624,0.5492373796727978,1.8371611215349093,-1.728203711722522,0
1,0.8305322402576722,-3.0726282701784933,0.37559896593276787,0.7889022081668128,1.5218671286985952,1
1,3.1816213830396443,2.96389580368077,-1.7992709443281591,0.5150858495552109,-3.636639951035283,0
1,0.01161429969910277,2.0675525605832354,-0.2735518954505527,2.389044578364355,-1.3993104908326175,0
1,3.514366893229135,3.658706139637118,0.5452258937836431,-0.2771109565376668,0.8464548052747414,0
1,0.8495716225624695,-1.0720049452975697,2.6900909248598506,2.7692525878743472,2.897619180937494,1
1,-0.09465987718002888,-1.2160932531079849,0.4607057754942321,1.0250042506711556,1.3569580693907757,1
1,2.2171453700675046,-1.0945365972800012,1.8816185176418427,1.8093228194835378,0.9919447960007449,1
1,3.1849858228998515,0.7927860362292489,2.1437688237788857,0.9718853961035392,-0.8506663953711848,0
1,1.186348033827724,1.1437805404272978,0.2659963460491491,0.2759055674529589,-1.6600989054954272,0
1,0.9754508974662305,-1.6801679192629235,-0.09290387497869079,-2.1740957622884034,0.5940922345699635,1
1,0.9329734995743102,-0.024301894453365946,1.0402149071696813,1.223589231788805,-1.7035487438295194,0
1,0.11216524028401254,3.531438038220146,-1.4870363168546952,2.0038987917487763,-2.7899084063752975,0
1,-1.4947988449500413,-1.0641963440663469,1.8984471039828181,2.5732046938695388,-1.8461869487902867,0
1,0.5272947245451003,-0.00592439685380719,1.0054404692497316,1.4439238969778183,-1.7938666095213975,0
1,-2.026444292381997,-0.5527751870332822,-0.4875161038500986,-1.7439509769504018,1.9078056858347807,1
1,-0.12404309764426258,-1.1054535224646718,4.04124673534459,3.1052644564531464,0.6421624327533522,0
1,2.0521177957320287,-0.402477547778079,2.5919134893960845,4.182718771834143,1.2043986968458227,1
1,1.7780815073242944,0.9032266182006344,0.21419362033919886,0.9508217093929878,-1.9768430001624826,0
1,0.042186637307906616,1.9539899850685298,-0.5379379914212463,1.0871595945075467,-1.7843645388654539,0
1,0.8399641200091925,3.0560464642167955,-1.5129348087275556,0.16608963289421141,-2.394045051151645,0
1,3.389832683915667,1.3715867655707792,0.9795938171163461,0.47592460848505636,-1.483139621254768,0
1,2.5724673908728137,-0.5868006122889042,3.41823268308613,-0.4962346628943095,1.438187847572019,0
1,-1.032183632836885,3.5608443725098855,0.019224742740120093,3.1754056785418876,-0.7872781024077822,0
1,-1.3575933136042728,1.4609360933733873,-0.660921926359284,0.8843729383283745,-2.0835278833706523,0
1,-0.7403243418895848,3.343531441484555,-2.7017370758553043,1.3490609381368777,-3.7035643911169553,0
1,1.9468854951422898,-2.3502903243476982,-0.4117428233878755,-0.8575675898178305,-0.43758720344877866,1
1,1.6571138416492937,1.649327704732935,1.5564467914410947,0.5540943263317528,-0.046305470021003714,0
1,0.9096822307452695,0.9758063934761751,0.059723608576261245,-0.48571376736309535,-1.5661317127702934,0
1,-0.33745152619950725,0.7095853656558031,2.1141572397544355,3.0809909532105033,2.2028146950537217,1
1,0.30904360612737525,-0.7980811123565592,0.46186994731587017,0.7679914794846621,0.8483675102491692,1
1,1.099088510892084,-0.5175532678876975,0.5696897256425022,-0.8429714823429642,0.4378336301175808,1
1,2.441619589690577,-1.9277399845890089,1.6884702358082941,0.3411516497179885,1.222821481501408,1
1,0.821356569016899,-1.9806095640385164,0.1815762235621149,0.8497296473583859,0.6998451574800761,1
1,1.781453651891813,0.9740546259039853,-0.33035199606889765,-0.8177350802694618,-2.116365071755619,0
1,3.6415162610639005,-1.9754437036850714,1.9891852332985598,2.2579737474300225,0.3052688249338882,1
1,1.5461974710810096,-1.0994088646925855,3.4590973506533125,-0.43170054568875615,1.448181335131868,0
1,-1.4185753891899449,0.6903668858980929,0.8075963572211665,2.600041988856768,-1.5038967586638474,0
1,1.4583062086923846,-0.06632090074408148,1.5684631057011413,-0.30263980464054807,-0.775907323303104,0
1,-0.5953272024000038,0.49175870351999607,2.6143127069681347,1.9862757836996738,1.152776877179022,0
1,2.2496348876608474,-2.5339572519550613,0.9709208642795044,0.6639978429713662,0.8011358016912515,1
1,-1.143981101997587,-1.5417784237321102,3.1902399884646404,1.213252918882874,1.584586164887451,0
1,1.949992525856341,-2.809206905958509,1.199985472782397,3.454782303267182,1.0028041355904729,1
1,-1.8282206479301588,-0.04995640264679502,-0.6725639611570866,1.356576139548691,0.7940436068528217,1
1,1.5848415741035242,-0.5809379245860864,1.2269900863061116,2.642629606652058,0.30192209190002484,1
1,1.6719307852326044,-0.20600311449423403,2.0811152635012964,2.1542673598949804,1.1263823272544344,1
1,1.2598896292434894,-2.22828582822351,-0.7146980480549783,-1.0567643910805171,-0.27647344959846576,1
1,-0.2748616615994566,-0.8501429204510831,0.2671954144419483,-0.8336381248666915,-1.2566610344051972,0
1,0.42873390112429,-1.0476441464515853,0.5574814217610596,0.2251486600473409,1.0897324123280554,1
1,1.859888957120926,-1.0684306211074532,3.42581688208236,0.7233804812841912,-0.5834172194855347,0
1,0.8368375299335021,0.40535089050201,0.4175030080878508,0.11499922071133406,-0.13438721613433868,1
1,2.3806721248792164,-1.0355227126210635,1.990679844454725,3.1771996607405146,0.7024065523862852,1
1,3.028058991872818,2.0741679156946486,0.5485297907466486,0.4182391558937315,-1.274436948513487,0
1,-2.3349049609472314,1.179780861916197,1.5502935974557004,3.1887744752236458,0.5663131729721673,0
1,0.1438582830899533,1.579862702541269,-1.0078747522153835,2.9789879720195103,-5.184548979038031,0
1,1.3703717613965896,-1.3285465945000778,0.14454308062802035,1.7896226006812173,-0.2866863513192859,1
1,5.568286911537951,1.3481825599918773,2.5286746577347943,-0.9982927457159629,0.6078222833213844,0
1,3.391602631062906,2.51290105363685,0.25473944907746404,0.880150345571002,-1.6940526329378494,0
1,0.287757172156505,-0.2870847153798527,1.0677230734126373,1.6415703425659016,1.1918569665017082,1
1,1.9680091320855984,4.094822363209314,1.4230419056770494,2.4305341312555484,0.7147599428701639,0
1,0.78162708061903,-1.1523856338854352,0.16362086802782816,-1.8340455244007146,0.7198962593793314,1
1,1.2901747609976886,0.06265882386163346,1.0362825551078978,1.056531696740573,0.21583203405694595,1
1,3.368981667167489,-2.337502587807607,1.4698415266813305,-1.0622979325725117,0.6471899905687187,1
1,3.191759149946203,4.086327004389311,-1.731042039228588,-0.17197949819876923,-2.464827986295291,0
1,1.4637006443056801,1.7708592809644332,2.4421068431404356,1.7774281299118107,0.7516644713219726,1
1,1.8446662949813173,-0.15513503219132962,2.1411389718649234,1.8024917273492174,1.0826136481229538,1
1,2.5578243659564626,2.0506406523907175,0.15802767264699658,0.8070081708842676,-1.6855878611199357,0
1,1.6458578504778587,-2.520855513496164,-0.04047259679500126,-0.4164026292597369,0.24676839111820748,1
1,1.1380322567944665,0.12831332646190763,2.515553755276005,3.891197724766524,1.6194940367130601,1
1,1.8214570876679448,-1.9230484601870588,3.763632076750773,-0.37125150762027537,1.355423144984365,0
1,-1.7716012884571377,-1.8938795761678042,1.78446645368183,3.1280325855532305,-2.7754910720513495,1
1,2.311762449489362,-2.746216120854469,2.358445071297731,3.4962897537108963,2.0424514128197293,1
1,-1.9464881122164215,-0.07432402741965927,2.4067866864057885,3.801929953003409,-0.3545163021933724,0
1,3.6774446249336705,2.4328204786707586,0.5718186628426337,0.2549017292733441,-1.2933036094031674,0
1,2.1477959982302313,0.865692531764954,2.4518711035931413,1.3115427741180559,0.7387642806986272,1
1,-3.474791687993111,0.007272857511560149,2.2851565536281138,5.130903684880216,-0.38178937719323136,0
1,0.11582261997886723,-0.37568534224044037,1.0088783516271003,2.9639569837397444,1.0839838064509708,1
1,-0.452213168625343,-0.8820315902279166,-0.3535793625386201,0.8968737887664519,0.5567890099574162,1
1,1.9921678967694034,0.9352549132530709,0.5290414297431706,-0.1751305119874731,-2.2614781438260163,0
1,2.6609406133681057,-1.8045986403052565,1.9061826295606206,1.9467115236861503,0.9632978884640356,1
1,-0.10631266154437702,0.2924076035204384,0.7395958417217953,0.25372593299332313,1.0337149032769442,1
1,0.6389517393642449,3.24272974570656,-0.9473766368369454,-0.20386290036316224,-0.8391926531389473,0
1,-1.4397630952792149,-1.7071374768959715,-0.5768787846902217,-0.05372673961974228,1.7004621533315576,1
1,0.10559166616145765,3.6467419515718675,-1.2921948790754123,0.5804647061197259,-1.050295609551243,0
1,-1.6144409876503492,-1.0159534793961815,1.28455424462156,1.6310037704713862,-1.540849473753486,0
1,-0.32251655731992335,0.2623191485823485,1.0569872949119485,0.7888100182741676,-0.11868279597977882,0
1,-0.9437462138428541,-0.39380206861319245,3.0516735274211326,3.655910282522888,0.14670293142398627,0
1,1.2517637006239168,-0.36402339546588247,1.1021256243692028,-0.5182159659063226,0.8213368502760889,1
1,2.4508928880805785,-2.8295181962567364,-0.19402619882570904,1.307787889634263,-0.7089711342582525,1
1,0.5317795723953374,-0.7623067905848183,0.90664778829515,-0.8743866017743687,1.4338648582509588,1
1,-0.16718021984439302,-2.1010916014000602,0.5560587398172717,0.6435071434209678,2.0585362676405046,1
1,3.1799892515977444,3.0227640122515766,0.49962430944047564,0.23616064670876713,-1.1480511848224841,0
1,-1.0280370074762306,1.6386828476501774,0.23386207947277116,2.7746124142601767,-1.4381773998451675,0
1,0.30039660471678853,1.0271027878702976,0.051388658076054416,1.1537199138855325,-2.6640505313202207,0
1,-0.752746269866547,-1.0194134497680993,0.796770907093681,1.5982388079624705,-1.9274443750161594,0
1,-0.5233630667516107,-0.3710621545182109,-0.41463611613925777,0.4005984846533669,-2.1727702591393454,0
1,1.129730832400738,-0.5956433735476037,0.4267893008112369,0.9704933637716564,-0.014145010457764284,1
1,-0.6770312203994377,-1.3106436962403554,0.05541915654381724,1.4397055382321438,1.3430775958548145,1
1,1.8475140416457645,2.494737346107939,1.0929004974559526,1.08294913184195,-0.45602008528131033,0
1,0.1748200821525563,-1.8595166967789953,0.9149677790143287,1.2626975379077372,1.9804584379406505,1
1,2.101864146955848,1.7278138820871343,1.3463500483709852,-0.05443632694720102,-0.1694875397593676,0
1,2.068305487601041,-3.0407443026846344,-0.5107623454818124,-0.2159845234656157,-0.4188393606359151,1
1,3.3993956861317938,1.718449877952407,0.4679393193331185,-0.9733722143894392,-1.0609686789845978,0
1,1.502276301824861,0.7635181618796414,1.6472114156117899,1.5036249537497879,0.32362863332662184,1
1,-0.06527633135509125,0.6944147817345698,2.290578391398905,3.464984486443255,-0.803472381869894,0
1,0.6363564510960564,-0.7019756053337647,0.33665621230884635,-0.4438151232360237,0.568902816024296,1
1,-1.248620986911174,0.45938653954430264,0.05820665653838142,2.341653744047603,0.7552236867396032,1
1,-1.293095760007457,0.2268376881317764,1.9524737051782446,2.820842033397337,3.1045565072844825,1
1,1.490799347107667,1.0785847083811892,1.930913847304423,-0.43681722101834275,0.6260727787232494,0
1,0.39353634544358873,1.6151888354639083,1.3583854558775483,2.4739865387318956,-0.9256508546697807,0
1,0.4230215045183602,-0.5369705602089312,3.4596741063348464,0.4977062980891209,0.9903816919456307,0
1,1.9967616599566154,-1.4743997107575526,0.5874419445311917,1.1154902842608945,-0.08928705100449186,1
1,0.23489101955017688,-0.049201963883070965,2.0893503203467736,0.8031133223736611,2.4729512301501613,1
1,1.08663106904863,-0.7914948245505523,1.352390664749221,1.3774825678425593,1.194520756970537,1
1,0.21373429651374198,-0.5675124502110969,1.3044783981750618,2.2085416327352267,-1.763935642956383,0
1,0.5787323449183835,0.5722855788249677,2.1740540509906934,2.3731010909289596,1.7067248414058132,1
1,0.7822974900481223,-1.680877595967799,1.3278963521931395,-1.0078424203289762,2.2377189392892456,1
1,-0.8759428576587318,-0.7651339109971969,-0.24216667887982268,-0.10396860400572394,1.143639373054821,1
1,0.9841492488837417,-3.2001201307945135,0.6309237018836243,-1.3685747625952418,2.0962095910751444,1
1,0.5328249555532538,1.5527526521079684,-0.34777031297409455,1.1379923339538405,-2.7629796137288696,0
1,0.26812550141024494,1.4867643227989085,0.7171235086752639,1.5240352350574724,-1.7448753841144717,0
1,4.665534070839831,2.290867479293621,2.040554291979714,-1.6701324570500287,1.4111474906854338,0
1,1.8449141625319032,0.9414706276060367,2.2198090230214707,1.4131885641178297,-0.5697628579163478,0
1,0.7842672110230373,0.744435738414468,1.7892137274358277,2.289648163089451,1.0083774730029398,1
1,1.604273049216519,0.0734192609073614,3.2277562319649125,1.9973823624399607,2.421201108395027,1
1,0.16846324997188677,1.3325709684992657,-0.13506348391445533,1.1998346811913359,-2.3177014948123285,0
1,3.1176085859426688,-1.8305458218815296,2.6693374934521077,1.3298217447016367,1.6140821959424332,1
1,0.669706842521983,-3.9881275178042705,-2.482343023774551,-3.7708803986782433,-0.524002130423245,1
1,0.7130806297454243,0.36324258143883337,2.871091260964523,2.351512634838995,0.29102453523944094,0
1,-1.0550561524857605,1.900954597453271,-0.8451585618579005,1.0685218466271416,-1.6363733362223243,0
1,2.1601556501660637,-2.0970317304935744,1.5069171224841442,3.081762180961858,0.8728186739315961,1
1,-0.026133305615851476,0.4071804273344478,-0.1172150318805596,0.010630486716096565,-2.9637990350462142,0
1,-1.743715037016858,0.8856477389785979,-0.10229609045909371,3.9301543151995713,-3.6569469181298064,0
1,2.6931371927489716,3.4037716956820887,0.3487173158732394,-0.47164107509210806,-0.1420662772755048,0
1,2.1746833006113473,0.6535733900257066,0.9286785333166613,0.054531798221506445,-0.8042664126005663,1
1,3.9873904751633615,-1.009024897076969,1.25613786137391,1.401618003215444,-1.2188263512183095,1
1,2.0386966048342234,-1.5824451301154783,0.4979419059924637,0.13996787227950258,-0.0031785240643009693,1
1,0.09660631777421269,2.674247541986741,1.179615044195074,2.100842821621848,0.5432132156427887,0
1,0.9651159091947271,0.2012509781649442,1.2691474571991124,1.0008674526301333,-1.5666782734702682,0
1,2.4787488935227824,-0.6405985661137179,2.5516735826216665,2.378303176719905,1.210510909924279,1
1,3.336749486949976,2.108535146978847,0.8795735376720519,0.03994611217740951,-0.8034819012276808,0
1,1.388032596140097,-1.5300140849565662,2.5886639368069915,1.013486850408587,-1.311644716546454,0
1,1.2294497536506788,-0.6089357640101833,1.7997777127642167,3.2259535335860807,1.1957420015420293,1
1,0.6738953856363554,-0.6362240665870993,0.444311561072964,0.6007448689305548,-3.16032336876573,0
1,2.128470316261271,1.2822586644757679,2.8008118074859656,2.7116455794731698,0.7282430488136191,1
1,2.3043140025209334,-1.737318854045756,1.0609753354926625,0.49156188775982923,0.4883344104685521,1
1,-2.6226857100482297,-4.455311795049913,4.858201842086974,3.4289685127367506,0.8261612363063848,0
1,1.328753907048993,-1.7699449775038487,1.906889268257108,0.5350304135341245,-1.5894191494897338,0
1,0.6464804398928713,0.21510792860883576,2.2262496671953755,0.2853640915197284,0.6502521132947019,0
1,1.4007181117929337,-1.747521691955468,-0.3354582066084921,-0.2183323255626266,-0.32654806939485237,1
1,2.0315511451618367,-0.7265888363515617,-0.5369514182294945,0.7917531303723793,-1.7896223666343212,1
1,1.2094267089526682,-0.5296821941358165,1.4506007305650725,0.486566767351982,1.2027481689589465,1
1,5.947201882360636,5.527116569278719,-1.9543185681688797,-3.266652606952271,-0.7300446435142529,0
1,2.1451932843949852,1.973386687317329,-0.7452986264881365,1.5398164240073706,-3.769926619157667,0
1,-1.3910653669166275,-0.14138110968064743,1.8711188510138475,3.9726255760935496,-1.815407817995033,0
1,1.6509848568797425,-0.9261945564716975,0.6982760525926013,-0.9406740145068346,0.38294827398035136,1
1,0.8197190374918382,-1.7710760276069437,0.5914970459871223,3.630905523203766,0.6337177731158719,1
1,1.268687390123792,-1.7517963539622672,1.127440865505792,1.9447793228644248,1.183799223659585,1
1,2.8542430740149487,3.3445794201432757,-0.6346494555279663,-0.11555155942791462,-2.177563125259926,0
1,0.1912008289752114,-1.9917817136770233,-0.534128208134399,-1.0242825585844293,0.6856184101565412,1
1,1.4409305692788346,-1.8793594626841301,-0.28090936218701534,-1.4766295865278471,-0.008382345446709571,1
1,-1.0056141539697467,0.699697305766332,0.8066674664429261,4.282182727445219,-2.092408842266554,0
1,3.1376606994400937,-2.2282136116595614,1.8525818675577843,0.32713605394053147,1.00587637408677,1
1,-2.857047766123625,1.6224922363997194,-0.5057198619875267,3.4573040992509183,-2.531585407654826,0
1,0.0990980380413784,1.0137045693733973,0.6476704115814702,1.448161786268991,-0.946794906119003,0
1,-3.6099911969514418,-1.9562574518814047,1.6533724759318347,3.9303742052119044,-1.8017812404519642,0
1,-2.315349132598659,0.12012588085731057,-0.22918786846801686,3.0259516900776693,-3.7861141756689642,0
1,4.860460024062377,1.9288159594521859,0.23610510407924967,0.3281963461696341,-2.6520489837989505,0
1,2.629553046265193,1.4794123590290424,1.4261258903688838,0.49759003558012616,-0.2404166735087062,0
1,-0.07234066614051415,1.0834166831189884,1.580484700774036,3.0491573995910697,-1.0943684244570635,0
1,2.1143457901740805,0.22280464431270153,0.25972326879310215,1.0124020525157464,-2.512499838523482,0
1,1.7680085059330337,-1.6936910690496603,1.1362650326496941,4.896003717854841,0.25935244222762066,1
1,0.7045772905346536,-1.993208758690065,-0.48356229132148365,0.36667820371006077,0.1102100035558824,1
1,1.2779427994454042,-1.4677806137380247,2.8804825368267344,2.5754468074582793,-1.18340132166856,0
1,2.2839815459554114,-1.881838023301599,2.877928013843935,1.2465544991255877,2.585786074574859,1
1,-2.380967255969299,0.3808424241970434,0.4839582978782915,3.0010995640935474,-1.8934907104016303,0
1,2.2996672503633038,-3.008227317596403,1.006037999952488,-2.4474436639127344,1.567475834525949,1
1,1.3238151824374047,-2.586593173998945,-0.3837664585552574,-0.1974899825539176,0.11229095820327184,0
1,2.252901492237751,-2.353778968753949,-0.061547625173371756,0.6025399196481499,-0.5373336490181098,1
1,-0.6186384068306399,0.9015850266092326,1.5796799454962152,4.100528790081103,-2.4032697557730147,0
1,1.91162887771279,2.585040198344829,0.9396016186699501,0.6751898445184872,-0.22135116717361192,0
1,-2.300274990376171,-2.9918197853722326,3.181555631971967,3.6142222511836395,-1.0720856471326872,0
1,1.5532483234980397,0.6213714485209516,2.3120562269542226,2.192794916603962,1.0557261081846798,1
1,-0.140020668863021,1.047908604144935,0.6029862991975823,1.4474002785878355,-0.6074490112035063,0
1,0.9104899243355662,-1.574321320116102,0.2625833867312978,-0.6676697874025432,0.738151091627494,1
1,3.429134156673587,-1.2320147711465133,2.905032263665932,2.3346952389944384,1.1573875514882095,1
1,5.334017594533542,1.6223942857459583,2.5372992485936647,-1.5710201531392256,1.4316029338258223,0
1,0.6701467425948733,-0.9955606220723753,0.36772564098166904,-0.8547995031531208,0.810106463759821,1
1,-0.2050914184584003,-0.9899989037153045,2.467099119979204,1.906784610030261,-1.001326864033346,0
1,1.361487885816234,-1.432490163642543,0.43326285947216503,2.536763885168056,-0.005863821890584653,1
1,1.8903658270880919,-2.8505054293675687,5.5917969273304,-0.4630221103396728,2.719787823342172,0
1,3.1483906995897017,-0.5255567890704393,2.2123571470393353,3.369324042835338,0.019826919913616292,1
1,1.5033492104272574,-0.1926781074524333,0.6280222123362247,-0.17555009196911397,-1.8862142840497003,0
1,0.8030630230629305,0.3184791301983376,1.1422400015390324,0.6327123645276636,0.6906494168537165,1
1,2.434054410780476,0.1621910284752699,1.174682413339378,0.5906027532541058,-1.713453298146851,0
1,0.5609358994235234,-2.099150965845055,0.3166124294367826,-0.1943019034003466,1.3494006398180318,1
1,2.45551755672345,3.304831449320389,0.698910267471462,1.1706127809533275,-0.32892887751236843,0
1,0.32131914108277126,-1.0715095297470234,1.9013967871066932,0.3151189292306681,0.33363759981818086,0
1,1.595472118928777,-1.6328402361038887,0.5926508106364234,0.27630089712720696,0.48794039886193685,1
1,-0.17375154107934332,1.2184463554867913,2.9302317141337717,4.501432124304359,2.5540661837559995,1
1,-1.8753657893223745,0.6545259363736895,2.5123753784386835,3.1942089504192843,0.6734459388529828,0
1,2.7973269879135056,2.0334721401314346,-1.2450150423809214,0.30476813891701426,-4.281442575228144,0
1,1.04092980830095,0.9195439228741124,1.9664958845932867,0.15617935513147108,1.3465843814473182,0
1,2.733830392890251,1.7255680663173982,-0.7191014873082555,-0.577363706056857,-1.7036996839525513,0
1,0.7806469180561709,-0.7386393666659221,1.7962072282078925,0.6243392537754959,-1.5859390274433582,0
1,3.8576242336599194,-0.6432660255676679,4.68819008089661,5.997532166272329,2.029847107947501,1
1,1.0492650140912059,-0.559309234584193,1.811023103535514,4.697013989713956,1.0861296900881345,1
1,0.37676430385144444,-1.062405882896868,1.7933648724962552,1.311490747361845,-1.6407148921637456,0
1,-1.1588371894201535,-0.09173091303581338,-0.3015231277507677,1.581162020132442,0.6766853953828336,1
1,1.0692084738223004,1.888361194988366,0.20097731990481837,2.169174260941367,-2.4920850314930365,0
1,1.2112948655966607,-0.25541139894060194,1.8867898246096213,2.183527405509257,1.3072871860807223,1
1,0.034431802557847724,1.0431573882776362,0.2426784333108285,3.614229659327114,-0.5808612239650772,1
1,-0.7423519654769597,-0.6964581773226208,1.175594456753929,3.0646215420124485,-2.7128145573135374,0
1,0.5063524405121715,0.7064285667671384,-0.05217053504834546,0.8018488864880284,-2.5358342887279397,0
1,-0.5957444596248553,-5.035186048307507,4.946269990146238,2.198742022049832,-1.0578924637409428,0
1,-0.5519660789654779,-1.6525527892647045,0.09647735309420769,0.7822157261272717,1.5994449319792916,1
1,-0.12228751812394623,2.646328264754767,0.8250525751709974,2.5707087102998383,-0.9866862592764108,0
1,-1.8140377811884512,-2.9592809511617015,3.3543327082998218,3.0403963354232215,-0.9335503103253683,0
1,1.957436020960127,1.1132495197101941,3.1779798086214885,3.494480544500897,1.2839836867394157,1
1,0.654854368609757,0.8263840153724173,2.0751267263619493,1.3578495045300247,1.561397448304675,1
1,0.5214576586530166,-0.116314441738261,0.19002379017932414,-1.0950978454929565,0.30069214646874076,1
1,1.6319629573293295,3.467194725666819,0.4288887647644163,0.5595169961172748,0.6490190581506496,0
1,1.4585471027674983,-1.3569297501348538,1.052257107693419,0.9839100625585995,0.8858325665306899,1
1,1.720075887655303,-0.7314827903338197,0.8069743670509371,0.6964590216079272,-2.5510364000305144,0
1,-1.834952811539286,1.246100650008386,-0.5096745880734206,3.832203316182239,-3.9448564297037727,0
1,1.0607222225356945,-1.9854306411131084,-0.5295483074557112,-1.1564244836492281,-0.015447930676682375,1
1,0.0006478504712983391,-1.562473199688851,2.0713654360207823,0.9413363674555587,-1.0813294401511058,0
1,3.0202292079550053,-2.1816120397049525,1.1002112366759436,-1.1242402496042967,0.40713697144396743,1
1,-2.041393247291448,-1.555732318718026,2.5309239622395614,4.23368107877782,-2.2043457497594834,0
1,1.0294474717554627,-1.5957697537752846,1.1482913351450408,0.7030229739786705,1.4960988081999,1
1,-0.35111116982979795,0.5571317956058675,0.32103746333649197,1.5844354802221137,-1.3869035054408152,0
1,3.046311865498522,1.4187756362900097,0.42273359298326574,0.16693157407033676,-2.23402822581662,0
1,0.6082604318267759,-2.500865780552169,0.8108930189762525,0.22018780813194183,2.017226705793174,1
1,0.6543470941899618,-1.5079507658752251,1.6402206972330031,2.0058512027434716,2.144805961031345,1
1,5.252026202226666,2.9612857090650664,1.0656017770913941,-2.0162442158658327,0.13867381273501578,0
1,2.39095924668161,1.0675301170874583,3.047026115345028,1.2161084250340948,0.26293315410027485,0
1,3.4440051425089693,-1.7566408688609547,3.072848519392576,3.9940050326101137,1.3648556514763506,1
1,-0.16022987125437504,-1.4501814163316338,-0.5751441770623058,1.1811784239957837,0.2908296881739132,1
1,0.30547818036468,0.1749450933978247,0.8192121979414255,0.45661387391605657,0.8457787766846,1
1,3.9634948247280306,2.8561775370278553,0.518849970579669,-1.0039864670564507,-0.1691005841641473,0
1,-0.8644395795595505,-0.34058148392316034,1.4410636169880318,1.610908859450071,2.6382497736733077,1
1,0.18774564564868135,2.6535209665991353,-0.24583818326195983,2.260057042887662,-1.8028276640702674,0
1,4.216110870390126,-0.8372971557329068,2.54137332846473,-1.2930884793694082,0.06665867201137443,0
1,-0.35768389277029344,-1.2070227584190167,0.4284348055299866,2.707060384843277,1.2818839034795726,1
1,2.59129294223771,-1.4227651337731793,2.394746258368517,3.6362334103615463,1.1279317183160655,1
1,1.4660236162467053,-1.1994819735637252,1.4217390087277566,1.0914671756541134,1.1811571451080947,1
1,-0.8400436858682259,-0.08560634590064176,1.3318258349198424,2.3910200209651924,2.220698613727218,1
1,2.5640148267125875,-2.3973422758690512,1.3538170656414896,2.8195709015079213,0.5780339192513639,1
1,0.9356197819170152,-0.47873693691175756,2.8193208302549895,1.038471447735708,0.6462670673984545,0
1,1.132540785219049,2.22942100303197,0.640951297008353,0.11881716265460873,-0.1981628986276569,0
1,1.326157632803619,-1.5609123748063565,0.698262734475442,3.4186210426252113,0.2730184138148328,1
1,1.5938045906185279,-1.104136358219777,1.214418133025133,-0.07995291166235718,0.9780619307715859,1
1,1.3895774070295634,-1.6953886898930501,2.43411324626837,0.8454358184114988,-0.7289865862552365,0
1,-2.2490962412071736,0.2446570054809183,0.22165195449656538,4.4634706121536105,-4.551589836663458,0
1,1.4663106834306305,-1.8396221811953006,-0.7013118322887348,-0.4471726861806107,-0.7249104927518735,1
1,0.7406580600219396,-0.5908349817293352,1.4183440529312583,2.0608841573282,1.3193512373764076,1
1,-0.5471598682390042,0.29297371513305404,1.109556217481196,1.0665359352169774,1.734500482285323,1
1,2.93486254451185,-3.2582998474132645,0.8632245973238968,-2.4805524549542763,0.9800709734822735,1
1,3.1659929625983376,-1.2248682267885964,1.978223967823951,3.2567976302065107,0.12328833747994916,1
1,1.3887231415516892,-1.3229889557656627,2.6798919152246543,-0.521097368950439,0.061498945507020064,0
1,1.804678537346708,-2.0064747167856334,0.7597641929081733,-0.273363175901556,0.7783256075696996,1
1,1.514481162369734,-1.4520392379222238,1.977452412446599,0.26506384236232017,-0.9726401044344962,0
1,2.375185539824506,4.016121540163165,0.3423167265040923,-0.6155155004601083,1.0314996230526812,0
1,-0.9820578230111634,1.4705039367212165,2.2093650707278005,4.157491277838509,2.262548573020336,1
1,-3.0691110704932854,-1.460724862442175,2.149220596679441,4.3531040987766065,-2.1646737598182826,0
1,0.02844647029044156,0.1358506605037637,1.6068841459864938,0.6649328838622357,1.9732248369185503,1
1,-0.8186896643766721,0.08208783083678328,0.6086833028308342,0.9996278556976685,-1.1375744019598475,0
1,2.1906425002645165,0.2928626740850395,3.023890651019273,2.6508047644181034,1.4780273522599963,1
1,1.377501271570516,0.15078166576359475,1.212327104231089,2.626106337800905,0.08143408834807486,1
1,-3.6089651237941984,0.38164292405375333,0.8916242245317387,2.9968444650920167,-1.2577424909653716,0
1,-0.44804199678233436,-1.8352670523390158,3.086009758365572,3.2599675695509465,-1.5975965237630327,0
1,0.3993611143308391,0.3506572186452155,1.6105139506927197,1.5488952549731057,1.4178020603935584,1
1,-0.34087940502393477,-1.3993946545166833,-0.2848169391675863,-1.115000458689718,1.1252891952292035,1
1,1.4932715564870072,-0.13250975991047198,0.16615845050599776,0.6976735488857855,-0.7654421859524856,1
1,0.09963084055727178,-0.5002277364923613,1.0798386228515078,0.17044103313198367,1.719861368838144,1
1,1.5571109147448037,-1.1800237616215916,1.0610471346040213,-0.1029058558159428,0.892411838665642,1
1,2.323739617073743,-2.338391376945037,0.5922026684213879,-0.8821478207590097,0.43167104852546245,1
1,1.3107176970037453,-0.9181323468441566,1.3949903176887037,-0.5848585427190307,1.4318066110220158,1
1,0.9691317090592119,-0.08875585809401221,0.6792261391511658,-0.5703105435024165,0.4204858644305157,1
1,0.9761446040166077,-1.8427586725494582,1.116044575302292,-0.27756814885334147,1.7953435553946127,1
1,1.678750791843333,0.8735558862103816,1.6395644658959578,1.2092223858678475,0.17323378673898104,1
1,2.2144650237016528,2.9616308026987284,-0.6557878601554017,-0.7181158704089721,-1.3192028022391105,0
1,0.69809918917436,-3.715074684872169,0.34233704726194103,0.32553360944980136,1.9791529794353382,1
1,-2.0583027433807617,1.305455035784529,-0.23000782237300132,2.984983420274525,-2.730789669391095,0
1,3.215013377631986,0.7793270633292105,1.7790665804228971,0.17321765834192804,-0.9009434511162586,0
1,0.935316942469208,0.9700783564186258,-0.3379300323315535,0.7216918303487869,-1.896804588335018,0
1,-0.48967638673311464,-1.7086346120020015,1.5384611597407025,1.225662428162869,-1.269273145089786,0
1,2.3872013782838852,3.019186146539187,-0.24183214519367868,0.945776025937393,-1.8739722928562994,0
1,0.9515113009673412,1.2830547830242645,-0.864809437944908,1.1429998212276233,-3.739577166744206,0
1,2.1405252143227695,1.386756708629152,3.2790922441224994,3.0826034520500816,1.2004046250425995,1
1,2.5642542198615406,-3.2703048462211273,0.03147085108899472,0.5967558821029313,-0.19025227299872727,1
1,0.42374463194866285,-0.22835898070746985,-0.8902012924411782,-3.2049203428992925,-0.48707255067492916,1
1,2.3378210863897175,-0.2768552594410987,0.9494388448013967,-1.3774763073349816,-1.7306008888573867,0
1,4.130397083611611,0.403988990678795,4.002262779023453,3.8999651486571727,0.7644350616338893,1
1,1.8338214019564296,-0.5201277612899287,1.9133420069446676,1.4655270132710778,1.0825708381140426,1
1,1.627906684890769,0.9442946026605867,2.3433201291268135,4.212426701184309,0.5329568047690549,1
1,5.631144674451673,3.1090436398031507,0.21209858738520337,-2.0349805047844747,-0.6328691170391308,0
1,3.149413159272319,-0.2721436482750237,1.8641571618575894,-0.6828630721711562,-1.2904243369564956,0
1,0.011684312978509359,0.47064827091577977,2.5376606836464566,3.932584229839325,2.395506436621682,1
1,0.17439747310735598,-0.9495738878292167,-0.2187951919879123,0.9435190249715444,0.20116140096125612,1
1,0.21658080764845766,-1.9231277943240515,-0.41034759821674127,-1.516952471815543,0.8598215160512983,1
1,1.6915037486729525,2.6357488006419993,2.6071490651351175,1.9966984780294654,2.024686611019318,0
1,1.6601870353069084,-3.4345241487957106,1.3762694353010012,-0.3669374849911433,2.398302830158398,1
1,0.9787480061299257,-1.4999768924735841,0.7094762448703263,2.40230234675887,0.7280967996339056,1
1,-2.877706893351529,0.2496870377873307,-0.7972578151164542,2.84762420922091,-3.1228612216773866,0
1,1.9156675435916595,-1.314432848018098,1.4942123368456106,1.4524678054550537,0.9029009543893421,1
1,-0.16374237778705591,0.7792643608752294,2.172938863386012,0.8966488020017578,1.0622666409258574,0
1,-0.5779916657298614,0.28023981290452205,0.820067434608247,-0.6206781490614401,1.665369719747902,1
1,-0.7725637226039397,-0.6140336947353922,0.02354255399722771,-0.4089470064337606,1.3284772979769077,1
1,3.140384969323859,1.5230533735958196,-0.5346376622969622,0.3319602061232966,-3.685826750217661,0
1,0.6804057974186178,0.24090296403124944,0.30140202141626626,-0.20801614009160652,-0.0287177894983337,1
1,3.7391472049146817,1.9780037389684413,1.1553266224592793,-1.6419539353716046,0.9635648721420875,0
1,-0.17686218990261926,4.540437269582324,-2.2923479119032293,3.530125776581601,-3.8532408256510267,0
1,1.6871120184243562,-1.401734517443919,1.7615166608081303,1.6949821489454877,1.4339159319704655,1
1,0.7812864383188163,0.5872012342412647,2.170921778740933,1.1984925585178952,0.3705757203739606,0
1,0.7991105617302077,0.4937051133467375,1.6917115859695977,1.466717483194332,-0.42118564205731535,0
1,0.3399134556306077,-0.6761307794823384,2.413098976442296,0.5250104906513406,0.4802230755849761,0
1,0.5518736005367566,-0.4060880515046762,0.8990935257850271,1.6784232281973699,0.8331041172030648,1
1,3.027563284461885,-1.8095342472217661,2.0354603574955736,3.268287475015454,0.6190543977409646,1
1,1.8126439555989833,1.4122949907106936,0.08668032319473618,1.880542152494605,-3.2862461703448402,0
1,-0.882031275583619,-0.610706548538456,1.9590702886805769,0.7083506734399851,0.3317190896334208,0
1,0.3328459185778261,0.4452728695339303,3.010305960043106,2.610768361247781,2.9372441740227795,1
1,-0.8106523075978085,-0.6459789059550458,0.6551479228816093,0.6566508387145331,-1.6541093733368752,0
1,-0.12820588959523427,-1.7922349220193659,2.6384484668938897,3.2854408759326232,-1.746714832172586,0
1,1.2761506055608391,-0.11106747705759368,2.3679134684626355,1.4598594971845278,1.8440902132276742,1
1,2.6971338288832563,-1.6406240282535323,1.884057411700064,1.7408034708417546,0.857145333036292,1
1,0.47653147914371985,-0.8523421292704831,3.1841518803940048,4.091428539317551,3.461609466890659,1
1,-0.6903607675574615,-1.018170614250204,2.553897429697697,1.2464022313174152,0.8878695812177431,0
1,0.7034865574409899,-1.1055214205906112,2.7664021511837475,1.536740056086084,-0.970524188156584,0
1,1.6239642390482683,-1.073406616790284,1.8583101472685826,2.803339423083,1.2683852290229256,1
1,-0.6031705943142414,-1.118198328354788,-0.22545149159867472,-1.938640036253919,1.4066080331646098,1
1,0.5178268240403456,0.7627245822493732,0.8351055273764455,1.0875568479915856,-1.0289481947601578,0
1,0.42301198266536943,1.5406910848417672,1.160817492130563,3.023553272295138,-1.9911870299583656,0
1,1.018987334738877,-1.7930981721454182,-0.006093038550708307,0.5950270598479286,0.27318709370046357,1
1,1.6046423068948985,1.0351120873985344,2.6432106065384184,3.2432990466967793,1.015733556727289,1
1,0.48677218300070935,0.04516775968933728,1.8880158793798651,0.4595156430113211,0.21730285320544085,0
1,2.0718784034952527,1.7602166366196261,0.12493912810221763,0.4626788827626279,-1.8619587037727139,0
1,2.492620285264717,0.20367487451199162,2.839932774506863,2.996279850089633,1.0124825831789868,1
1,0.45832771762708036,-2.024565811285683,1.033074629161455,0.05010232908476231,2.1830480595204707,1
1,4.025919665539842,0.6670594291417742,1.9964760950864007,-0.4464975907855595,-0.08647850239806132,0
1,0.5346682559053278,3.4399554361922973,-0.7837715745095224,3.026882148557934,-2.4381586495037553,0
1,1.0700969806938088,0.714212602948822,2.6231594135882013,-0.29635353221616345,1.780526615583598,0
1,-0.32691329508339084,-2.2319794765871297,-1.3830984223333478,-1.2791001592850963,0.2755403776365478,1
1,1.94194845342381,-1.358646596003859,3.1129452446293473,0.9014642224217632,-0.28718199339456774,0
1,1.5436357202280018,1.9239085347008862,-0.833484540598858,0.6750714579296486,-2.5194816202827015,0
1,-1.4133603723904717,0.9707094573026704,1.8795007951512934,1.4768178277892547,1.1004167520567103,0
1,-1.7700869536185726,-0.9291116618419277,1.988355382907458,3.156471413453768,-1.43043578701971,0
1,-0.6757244659281743,-1.4576596359750877,1.560931354941327,2.4078507621135667,-2.9218539499893064,0
1,-0.347092099942399,1.9302749359925715,-0.23580747699055205,2.0834047138723406,-1.7794479688335632,0
1,1.2570301942830706,-0.00981224894279853,2.1350805616090947,0.7107371413784476,0.2668466095758453,0
1,0.9144614351645646,0.7443810307663825,0.7706227220814934,2.4417479530816606,-0.33785635229253175,1
1,-0.7687265251332815,0.09183108238407933,1.2033567667329443,1.5232936427802362,0.07115171433755019,0
1,1.3859777736062457,-1.0802798051619293,1.7018085017369047,-1.1846429147102184,1.926002634288882,1
1,0.6758384728470059,0.16027833018562598,0.964689776547952,2.7293487143433537,-2.2673726822571654,0
1,1.1867033996897636,-0.4956425799590862,1.9392662034523525,0.9751557860027283,1.7184237715075423,1
1,-0.499745952230666,1.3700298114279825,1.829092324964125,3.918670587247519,-0.29735158331987077,0
1,0.811052550995065,0.0011805096850341368,0.6367400926356717,0.09236409856943362,-0.5418002740606189,0
1,4.001982429348203,2.0192755262285575,0.22999957110607006,-1.3778790249376516,-0.5170183922995353,0
1,-0.8306084398748668,-1.2108694418252697,-0.2610432239480873,0.5394485372358557,1.1997961294904234,1
1,2.8039152853754596,-0.16158962267248755,3.5378977377492413,-0.3741223580138777,0.5932814606155465,0
1,6.316996031141653,2.1275072522889964,3.0071733214250482,-1.77584581703071,1.9881948329483063,0
1,3.8524400855707146,1.6626743514717592,1.3097650156045395,-0.19102712085909523,-0.3250842315324767,0
1,-0.44767060083176236,-0.5087996195402963,-0.7025218247204739,-0.11267058825553233,0.06920668376966199,1
1,0.478491991227291,-0.4496066333659988,1.271938989290473,0.819517508509066,1.4865336276066554,1
1,0.740940453990502,0.10166425762352604,1.8146120623373898,0.2661569035958149,1.7168672238574216,1
1,0.8212261302970064,-3.1763698354465286,-1.2016475270075389,-2.636465867825669,0.2686753699719694,1
1,1.6168365243528369,-0.6992182640812745,2.606570379669843,1.275951033108698,-1.0230182237617467,0
1,1.2314632447435976,-0.7707769819107473,2.0600054375962484,2.2242600846590266,1.7433350386873299,1
1,0.7877477985715711,-1.3158532392394582,1.597809905620133,2.4262211825840367,1.8185248975130741,1
1,2.9331050154257827,-1.5407253222699935,1.301693166001343,0.9333291585398288,0.0698377901794387,1
1,-1.6566475956900097,-1.8399221089628064,4.061378195829594,2.7542373677378995,0.667392817060422,0
1,2.2875211362623062,2.2874415156727825,0.4088239416958971,-0.05615230496349555,-1.4375704153392381,0
1,2.942185693504044,-2.895104309257489,-0.4309588104394988,-1.6550854770854473,-0.8805624862687558,1
1,0.807917482447086,-0.10431349693487624,2.8172700315516552,1.2978074307495429,0.20988198956416326,0
1,0.4817891250847868,-0.4123234547075958,1.513450053185351,3.0646506837295,1.4040735375920466,1
1,0.5561476409276122,-2.1526146113510265,0.7421090204867113,0.2639161943266829,1.7894978430723434,1
1,3.6528454665613292,-1.1624232579229101,2.7084272164380847,3.228807459888148,0.5903454954274902,1
1,0.7942833700107095,-0.3272472104592683,1.068764975941649,1.3578250094286277,-1.5935799562612782,0
1,1.925884614050279,-1.7423631256676668,2.9470838359772795,3.7448936329919946,2.4874869879425194,1
1,0.4073976323068903,-1.101787144650661,1.1964343425550212,1.7214545847125553,1.690463000320101,1
1,0.8345942563527194,-2.5433355994769378,-0.0876522737347687,-2.045442350425777,1.1246715530682017,1
1,2.9313311479589705,-2.3849209113687198,1.1886803818289842,0.976002490768191,0.35049790057221264,1
1,2.810613024021686,-0.16683855545580895,-0.29291928861258953,0.020442948045058085,-4.255207749994828,0
1,-0.057944251390591894,-1.9309566907138869,0.7753259342597155,-0.8103363448363934,2.389816215666102,1
1,-1.1171005548470503,-0.6609477777669619,-0.10812229593632261,-1.9025685300900452,1.7200807032585987,1
1,-0.9836818656123376,-1.7623608427420745,4.538586982083443,1.521134476757228,2.2907029074601626,0
1,1.6426250040636354,-2.797269946309628,0.7409873047101891,1.663007720182701,1.0204237790647892,1
1,-0.6037473213667599,-1.2711056498083269,-1.6729609396119138,-3.567803548680632,0.018122353520240386,1
1,2.5428580188183307,-3.181178067277224,0.8053222407875068,0.7686499762363482,0.6678785885452607,1
1,3.80557208420997,5.2273139422855515,-1.6725910440879637,-0.7745725325213222,-1.31064009725719,0
1,0.4496747506332289,-1.624134932074099,0.6196984286688623,-0.34561798585867876,1.5384064508678317,0
1,2.9761360760003575,1.347490055267526,1.4121540057912465,-0.7039124950520734,0.09239582320020023,0
1,2.7020122666119137,2.3056806705259216,1.1604256187871225,0.38503238671497464,0.476189932657356,0
1,1.4120807433446854,5.534050863591215,-4.10119832193041,0.47384053188465725,-3.691604213004995,0
1,1.6825284664857705,-0.3837666289282341,3.53700088804792,3.878717796294545,2.6581866437670585,1
1,0.49084871455017776,-1.4772835481581896,-0.005059743981609799,0.6015366133908233,0.5518857957065445,1
1,-0.57856592203182,-1.1808920101285696,-0.8264017898976401,-0.026331290388482476,0.3769083582420928,1
1,-0.6170517400390587,-1.1835427533985403,-0.6596567057018452,-1.1857521245350537,0.8134121788341082,1
1,1.3224557858211086,2.4567475830103422,0.20240726342237203,1.283949726610087,-1.8232238705529664,0
1,1.4966951523963241,1.1389102638650428,0.08722208815555599,-0.2333633605305252,-0.8146762101028336,0
1,2.0995625857950024,2.0647990298090013,2.090038985811173,2.9144097161823748,-0.5375801564892244,1
1,-0.39993225761974704,0.23210303447002212,2.2584047674434,1.4468482301638987,2.9376836243001843,1
1,2.009513785257038,-0.7747022047987524,1.2119662554634807,2.189211896675496,0.09306216474993378,1
1,1.0665423306612742,-0.39273904417339245,0.6671547588976325,1.5494049217190746,-2.3144099110389584,0
1,0.30393202522125784,-1.2960702560724315,2.341780961832636,2.2063577386560547,-2.1009204734829763,0
1,1.5140269074774544,-2.0048746395416766,-0.23873759625029045,-1.0480985380059056,-0.05086980999286905,1
1,0.9742014622467526,1.594604309555136,0.5983793362400955,1.8344617669496788,-1.6726579019248113,0
1,2.797921160751133,1.035214147565279,0.9040584148223058,-1.5542403661096058,-0.8293793375017859,0
1,-0.07659535361748371,-2.415477363601077,0.8618943006162835,-0.09536427219606702,-2.6752574382745538,0
1,0.19218448259162535,-0.9323282106674113,0.07523101578973557,0.18441093604725733,0.6749836963142137,1
1,1.2597949910809314,-0.8786588584918046,1.7840543963958937,0.3528180617872537,1.7634448239185678,1
1,3.834204856455588,1.5173265945257026,1.9357455980128808,-0.5198366549530593,-0.19242340289814908,0
1,1.3508315705528848,-0.9472340747286263,1.6068658239879827,3.4138262863102735,1.017260566079398,1
1,1.224842861376708,0.4163348063015737,2.394884682553618,4.792486998858946,1.1160859535380887,1
1,1.539437102779433,-0.25396567120754376,0.654928110935928,-1.8770983449743888,-1.1122701873094745,0
1,0.07357474257533447,0.06474717989728429,0.48350347879455435,1.497926236514078,0.5123086860168475,1
1,3.5156145064913606,4.49724873034782,-1.330173529755767,0.02775141859736474,-1.7836651550240408,0
1,1.784163576254748,-0.04003651420396026,0.27570151476311366,0.8951173613655315,-2.0041047665997027,0
1,0.6803382674551888,-2.411874192337028,0.05384403612239885,2.840048183727859,0.5780282092398298,1
1,0.5121187826262884,-1.4562636071850272,1.6324236453189789,1.6405973829849718,2.3046868362095667,1
1,0.4261235827120339,-2.9549970165852026,-0.7790268025624605,-0.897736920725198,0.6772075318244367,1
1,1.046461227955642,1.1199197637822613,1.7455682714003364,0.31093308068534464,0.864562807088257,1
1,-1.8169607471067524,-3.37744324864168,2.260505109036525,4.048482215887223,-2.035164435182274,0
1,0.9406629410916924,1.3511385371208486,-0.37317175415007653,2.5789459566354362,-3.2653192572843803,0
1,-1.5830005476793256,-1.430523081288806,-0.252929687479861,-0.3465578771387754,2.0887570971091174,1
1,1.721971474983838,0.5388484797135287,0.31871724055376427,1.5119314005760867,-2.3909407181853872,0
1,-0.7184026916755704,0.5227569214955444,0.02955659410412481,1.3092009806410132,-1.3215030406075061,0
1,1.4129573230129133,0.391387964584624,0.9197522536104548,-0.2704988186982209,-1.4280673272967979,0
1,2.0709923233616454,-0.05954408570482528,1.6701507811467238,0.8723447248030581,0.4199154874129052,1
1,2.333720699528018,-3.7936170989791935,0.02206833199378655,0.8124172249420595,0.2445815790135799,1
1,0.3049409505856595,-2.4504473418933257,0.07743709886528627,-0.8969839090614833,1.5332229620319937,1
1,1.604412617771724,-0.8684248939476102,1.5610112901677908,1.2737812703181297,1.0411776290086059,1
1,-0.0334647893717972,-0.38501433669195895,0.7589570876998933,2.248177475173257,-1.507059907841713,0
1,-0.6802763014751416,-1.315293926019859,3.1952577937829822,1.519519958744033,1.0253371054311935,0
1,0.5755915685569826,1.3071119862771892,2.3016290743797887,3.5127187959254176,1.2673847860718002,1
1,-0.4767001646448512,0.21260148603420648,2.142715558778941,0.6992925125295554,2.980772292779375,1
1,2.2622534148100026,2.310014117491791,1.0806607084995086,-0.5645986662949656,0.5680715108313936,0
1,1.6374930742496385,-0.6209626793765366,0.43791248802769733,0.2739818584100082,-3.0471691603851445,0
1,4.201719079132486,2.2057924961471764,-0.5666197331955467,-1.6557089961682459,-1.8995326414109832,0
1,-0.3001198971346004,0.7172644002571519,1.2093659687106504,2.0023807776446945,-1.1443150853246729,0
1,0.8933266780891922,-1.6601899702429042,1.132996480340881,0.037847501500124836,1.7655851161376335,1
1,1.6346985849628481,-1.4625379775720277,0.5460181533447941,-1.005015977019772,0.4893313521000011,1
1,1.6500315254193196,-3.288085538452652,-1.3507413843684044,-2.505849823766562,-0.5985577282306707,1
1,-1.9489837743282425,-1.9581730375335402,3.445405460044665,2.1729167095257127,0.9291527560243871,0
1,-0.35165918718412104,-1.466480306095002,3.995230110442748,2.1776099444881574,1.1270205714940684,0
1,0.0056325584390235495,-0.18784118277451123,1.4560812576197861,1.1201309026554123,1.9340856053573119,1
1,3.988885917536511,2.303250066594385,3.2064730585967096,0.5314416823453644,1.8156808851859125,0
1,-0.8690478330625837,0.7171360247419226,1.332604228510424,2.1041606009869565,-0.6295390493453827,0
1,2.5106444254373574,-1.1430471439901475,2.88037619945465,3.313422748202512,1.7103873434435464,1
1,1.7768200697322656,0.24815356133393784,2.5892913551509347,6.085340046125831,0.762101899526832,1
1,-1.4896074597531817,0.3700785769496455,0.8991389031805874,2.5482723703269725,-0.2881270221870006,0
1,0.11251870868286429,0.3790266098751123,-0.09480710979120244,0.7594404367999694,-2.822027126088258,0
1,-1.5539174825961486,0.08299519463428973,1.927914753710653,4.153831379004333,-1.0130679335243364,0
1,3.4366429039222126,-0.34609818962819294,2.00993753921428,-0.09533623422071291,-1.4629509467399193,0
1,0.9622873196911607,-1.5184469629852546,1.0184830735446457,-0.6041597814795927,1.5662766977545703,1
1,0.8894808472049618,1.469044433611144,1.9085766672680105,0.7502315248621613,0.6103213064899697,0
1,0.3269115562122513,-0.5541072587721986,1.1897987645901482,3.2742216992045043,1.1954625658044848,1
1,4.49649618705829,1.1493349627768554,1.2180541046603208,-1.0253946239467835,-0.30993054306854306,0
1,-0.7045069378126378,-3.398642483730544,-0.38639911492998014,-2.3144583688338596,2.5363020771542306,1
1,2.1233859896819514,-0.17787599943208965,2.8002976880933064,2.8304151720138515,1.465350476094353,1
1,-0.18516199681631784,1.4329774777631656,2.2634530558733026,2.7944509584565482,1.8951868590215044,1
1,-1.7766067286511489,0.04085830670853652,1.184854896155414,1.3880815364381835,-0.5345189739592966,0
1,0.5521130692731009,0.19315998770237708,2.316342183465148,2.379017341138656,-0.5788265660139824,0
1,1.4557742116174959,0.8699744723566548,1.6336486482014436,0.05595900543810861,0.8375423589936668,0
1,-0.1298044222364103,2.3602894313427694,1.2537195545368078,1.8017119625894211,0.38261189037610754,0
1,4.008075105268116,-2.3813848873756887,0.7330997773325829,0.6943876202457234,-1.067106148494235,1
1,-0.15580890740739628,-3.73509569025113,0.6445036540224439,0.9168646471263159,2.9715901350969025,1
1,3.2253517218780385,0.8668762263419487,-0.4141424282209165,-0.5339450768315013,-3.009315149333627,0
1,1.383609052491733,1.8821073690770098,-0.5509337874143656,1.1551040998569624,-2.8414713692480604,0
1,-0.5672054405997569,-1.1466029173718648,2.844216570764946,0.9245161767275244,0.5105228952268401,0
1,2.5166704488727634,-2.5659507648404385,0.36607778257224843,-0.6001410532111064,0.09467654186897012,1
1,2.7113545973206756,-0.7065637044113431,2.3801377829005546,1.7867209911662414,0.9455616234210276,1
1,-0.15893723413518557,0.021590610705309654,1.281343252672396,0.6128472669779229,1.810674862562533,1
1,0.31894941958099576,1.8674546695703538,0.3220838940881604,0.8170478489199873,-1.127093537085192,0
1,0.04175721781284969,0.34474910153865523,1.6249604226070402,1.7227684976490178,1.6992192742908157,1
1,0.6566177777911375,1.5460733820798818,-1.0870851489018278,1.47999318534375,-3.665932193482622,0
1,-0.5398262890827883,0.36150682440499016,0.5346501722864356,1.8480829779451757,0.8791327505314355,1
1,-0.6531821272725027,1.161803136742719,-0.01551695647088458,2.777175162326227,-2.2464184990376737,0
1,1.296045486738757,-0.926566468967557,1.3147497145436076,1.1787644719073564,1.0568485822447455,1
1,-0.6646262422724702,1.2131051011967595,-0.48947044982256904,0.37116938262353383,-0.3842196167943914,0
1,2.421456658525617,1.7385140473728935,-0.30460641790569354,0.4598917547452045,-2.6503994231842403,0
1,-0.7553861579783974,-0.6929157324806596,1.181564858643274,1.5193712272843003,2.4258094864098982,1
1,-0.33263160803887715,-1.0456218752246538,2.226904035427812,3.087368618208008,-2.251046112083948,0
1,2.6473875921973518,2.472863145047854,0.7347937014569091,0.5648189734186491,-0.31673147982016336,0
1,2.2144790116883035,-1.135047688688456,2.7779358232346385,3.030031597597037,1.8707486563779536,1
1,-0.6286981783191714,1.0280659148094637,-0.3842943309196516,1.680354007129409,-2.9054255445896926,0
1,1.362370099997899,-1.6011330867843556,-0.5334282203645013,2.219727017103258,-1.0068218744289381,1
1,2.0823633239470336,0.06906017816426846,3.550866112719124,0.10699035756888153,1.495988534310122,0
1,2.791155273093818,-2.585536715789,3.7231156650704302,3.118379236806406,3.267509685241262,1
1,0.5247757631032692,2.2868157701492287,0.8095874574707489,1.6341993474972165,-0.489908815589129,0
1,0.3664752580645799,-0.7785405332698607,0.34886135675164087,0.8341932772255596,0.6547460274931826,1
1,0.489203866594605,0.4915817581629236,0.2613387309890097,-0.01015280467353663,-1.6429838712796976,0
1,1.5962389029325355,0.06271402849441032,2.2406787116442253,3.02742907127167,1.103939522894762,1
1,2.1232054587992293,-2.01484470940045,1.2659943025251068,-0.3767350743630238,1.146711885728678,1
1,-0.9168900307394043,1.4420297613011959,-0.21498949811124124,3.5907582995958145,-3.856836355699612,0
1,-0.04402726266540635,-1.1346750026025623,1.2529598342224102,0.7961793772980594,2.2709196387637545,1
1,3.266187269901642,-1.1592145004760406,3.5525380056067113,0.6231587024789873,-0.08922039636067314,0
1,0.8257292051856262,-0.3480261578446623,0.6886482140790169,1.2128756269865124,0.40162008105694147,1
1,0.5580876378446518,-1.0841677829582073,0.04734669356155119,0.3959594806183504,0.3764865142492967,1
1,3.0910186729804665,2.6348679549789615,-0.6216000033352114,-2.4383250780995853,-0.1845627994617366,0
1,0.8486072618045529,-1.0274895441719283,0.9754655783228541,-0.0286665380100799,1.3029207374927807,1
1,2.753905465078908,-2.010475162819758,2.5405444203218144,1.382697960512688,1.8485659213744512,1
1,-0.463349109284642,-0.26249383434731266,2.4070910848629605,1.6403759639006879,-0.030815031908037582,0
1,1.8389842068780031,-2.3450994111049415,2.2785522507839353,-0.4121665010854836,-1.3824920459165186,0
1,0.9829846445116482,0.26803822763287743,2.212824971445976,2.794211543443877,1.505175825984058,1
1,-0.7623526006791221,-1.2003532949516806,0.694777208557048,-0.6671598217172869,2.4756149035990953,1
1,3.017043679095125,1.0738868701393802,2.3828206383809762,-0.46726234192042737,0.8731906044638074,0
1,-1.2661765397751346,-2.280449731981807,1.2346265124691145,0.8522957605776827,-1.860622613690253,0
1,-0.05108263657031076,-2.2299070756284936,0.2439650471186816,0.02342421315558252,1.7704528046373822,1
1,1.1830734037175088,0.8774333067983616,0.08393966300966016,0.2817074890277732,-2.41811374853632,0
1,0.012909394543035857,1.500737797474898,-0.44822666347130746,2.333685081268139,-2.79626771718545,0
1,1.5237188616401358,-0.21743083408802177,2.5607840077722033,2.268223049921125,-1.5940275943311355,0
1,0.6032768442839119,-3.033182487410455,-2.0149416002673957,-0.09488796705655966,-0.9983759990005414,1
1,1.0710481322697578,0.44433494417931496,1.8101877277823886,1.127142154973024,1.1236976441093396,1
1,1.1053972449695995,1.558225534001067,1.3553568220028285,0.5741073927366872,0.1483150798279682,0
1,2.214300901126352,-1.0361327221269394,1.5006893621780768,3.1683023341063903,0.26733998958628635,1
1,0.06577708643397051,1.8832755958226972,0.7147906779711215,2.4321835917669237,-1.413969212809431,0
1,2.4804653258012586,-2.828263617929241,0.4312943803099403,-0.9553263355596546,0.37649255169524254,1
1,0.08466581885276248,1.9877197240736395,-0.20989497942764834,2.9459525190789315,-2.1379802032811446,0
1,0.45506533134598137,0.9873972841160213,1.5840205159922773,1.8066975969369707,-0.04653235704409009,0
1,-1.3290814980627932,0.7635629258805112,0.6151710438404797,1.3945551783530707,-1.7793502251454356,0
1,1.369887045888393,2.744637513048532,-0.20805707151310004,0.4414312849364389,-0.6155691922715916,0
1,1.1456922228177089,3.6426520929000232,1.1113340339003777,1.9159405718889464,0.3216558292441909,0
1,0.6829665480807868,-2.337015367590582,-0.49781943922752614,-1.2615773826812964,0.5480139504916537,0
1,-0.6932430503172109,-0.08089733974534519,1.7973349098761289,2.5099598817841597,-1.1855111946650676,0
1,0.8896984818515481,-3.521366609278479,-1.4437696837740805,-0.4965537472959265,-0.2419185530680883,1
1,1.7437843596443776,-2.2949984054983963,0.37333901579005124,-0.9565979845981214,0.6301153647974546,1
1,-0.8734115943345482,-0.5820291935702704,-0.4897406424925854,-0.9774990293309869,0.8822485133545961,1
1,2.034087048026054,1.2387936736230563,1.2418753739906792,-0.7149695784489769,-0.45449361530677845,1
1,-0.17871076352884896,0.1153915511018897,1.6680683609011795,3.430544328076852,1.7896428756104097,1
1,-0.1152091764474037,0.9998352446054204,0.3539276697919521,2.6188950146172987,-2.6680783865383106,0
1,1.9604827775295588,1.1810574073537652,1.9716069043511804,0.414522161458715,-0.048609176021584544,0
1,1.9093555838230483,2.8094343953709213,1.0968527500908958,0.12047587143563443,0.5049682660427732,0
1,1.4954193992574292,-1.9627573002818557,0.6042143010400216,1.9134280253580225,0.4551082768287006,1
1,3.0714750276816125,-1.507800106592033,2.6318177301519037,4.59970958397614,0.8972260149351409,1
1,1.607553514854226,-0.7948736886489388,2.338325948869284,2.989919082562573,1.648648996593479,1
1,3.275398234026773,2.4179730367734495,1.057580151670076,-0.8545358614617802,1.1554069836789997,0
1,2.4693233810464275,-1.153222639397169,1.2443406097974814,3.415344690511806,-0.23926553643259485,1
1,2.070543806673654,-3.0778577636596043,0.3434357236421126,2.5447547447400893,0.19075777965368224,1
1,-0.2266356482528653,1.9710839000257154,1.509798956773774,2.289658712924627,0.1734668745583694,0
1,-1.3377507305673215,1.282240470244481,1.8547091766101806,2.1773540839461765,2.575501233508076,1
1,-1.9790886246779213,-2.9435537984059637,3.3706336555016696,3.2335049207908013,-1.3003440630402727,0
1,2.039045383471113,-1.2650104677296827,1.3204076354159477,-1.9271426185668799,1.1370327224278198,1
1,1.4372236953490203,-0.2344426846874863,1.5659439428931758,1.5558224584570717,0.8216440980304835,1
1,-0.8173201418837099,-0.3577372676607451,1.2238942625680613,0.3676603573564977,-0.3182713175443981,0
1,0.7423792819469273,-0.8923722622105132,1.0813332054643203,-0.9387786579580406,1.5710553309448492,1
1,-0.6599900608367897,0.6980777488164258,1.2630503241163777,0.56301731431603,1.8734331892086025,1
1,4.384495414172631,2.1475763853439633,1.9924262449537553,-0.02739787115943093,0.03732925552300026,0
1,-0.419470049616925,-1.3312920899645015,-0.5875227102518634,0.5709046733077695,0.5128657962942762,1
1,-0.7665979797228886,-2.28867948874797,-1.920991378125314,-1.9208442550808749,0.14753317940756272,1
1,1.7670512550098039,1.1073881254085902,2.8956059482366445,1.7205722941972392,0.8060637284218168,0
1,-2.617617235886706,0.8896712083928794,-0.8673423365543713,2.0367459365182885,-2.6427082793887307,1
1,2.14052100321421,2.2681633937939965,0.288778848083704,0.34748590404504875,-2.028815769184364,0
1,-1.057178349244373,-0.7535488403489194,-0.26739173050440934,-0.36384714942495133,1.2886657123569103,1
1,0.894935814840508,-2.0204953300690702,1.2643089012689033,0.40011417610082356,2.0284222054721655,1
1,3.7754133418298235,1.290755143210888,0.8695400704556049,-1.2877082600320287,-1.0821008083922024,0
1,1.02519132537367,-0.7014062966140658,1.1786727881298735,1.9754624449818885,0.8814499175502665,1
1,1.0420153664680423,1.0260423913177092,2.076914577346879,1.5415407076104217,1.0968585388526464,1
1,2.7254579517562982,2.1350286232393074,0.4218978630991256,1.3885647219483666,-2.742581360793398,0
1,1.021919745173428,1.516781513762821,0.4554601019263488,-0.15495739284610277,-0.4254355338040138,0
1,0.2684874356080743,-0.7227246559287448,0.7456231772110278,-1.909049819739833,1.6228985737934334,1
1,-0.7456897080301361,-0.469004758775855,-0.045079724363769946,1.1591088704074142,0.8878706869729102,1
1,1.9809892071935606,-0.18236009097405304,2.470005414245258,4.646102779597047,0.9232521518871968,1
1,-1.5355004814793172,1.9274003492470675,0.04851237609602255,4.744917575011566,-2.354550634632095,0
1,-1.3455029744856648,-1.9819894180877125,1.025844670674147,2.0994186542961817,-3.270026532461015,0
1,0.28190770068810844,-0.7968764268380171,1.1861948759315477,0.1265005401489171,-0.7411536411818844,0
1,1.5816686613987412,-0.8342812632921873,1.4145551955916615,1.3889866771361028,0.8858513462000247,1
1,2.2955767365115918,-0.5632513795013978,3.1044284652980116,5.598656755104142,1.462565318102127,1
1,-1.081807150403324,1.073114018468571,-0.5929766828314327,1.924991561203916,-0.3883700017263738,1
1,0.4731124458310617,-2.087208056888257,0.208767925694047,1.7868382713945534,0.9331626610581926,1
1,2.986308825804392,2.5175892105843336,-0.7760896434480229,-0.28832045206916734,-1.9671359187274735,0
1,0.7832497900043143,-2.428083163107711,2.4279418755309257,0.6502160672405276,-1.5145108714643647,0
1,1.006447945633475,0.9898168920789955,1.3644082900307846,2.0176478096437034,-2.477621586203344,0
1,-1.3095313802980195,0.0018801272861528329,0.7454494684110503,2.571423474193724,1.8188949773965968,1
1,1.2242549390488493,-1.1383595245077005,0.3276591650605073,2.6936460512988534,-0.18906994972900848,1
1,1.968278563994434,3.8489728732838073,-1.0083662409492704,-0.013406078209196925,-0.8381713567438502,0
1,2.310030227784,-0.26235775747871015,2.186794607948957,0.45222325971705235,1.0351218224054743,1
1,-0.25241725966323436,-0.6112189443340175,-0.6586815878077275,1.3118732329235248,-0.1909457546521427,1
1,4.058810705341166,4.521806333268607,-2.607055961351159,-1.8656371102628824,-2.100144386720916,0
1,2.072035048948689,-0.6748616370644058,2.0875363132728983,4.075226504718005,0.7451669032339194,1
1,-0.5609344930739977,-4.6223138985167616,-2.0584730876779704,-2.3162123464638653,1.0660196607778643,1
1,2.8900685159860147,0.6212123369608518,2.630448022976739,-0.4178551548544187,0.8624105802892956,0
1,-0.02664706758476476,0.6742119939407687,-0.38443109457427194,1.0089503182180626,-2.5208791921997644,0
1,3.933747710430413,2.268861211655766,0.5482574036041316,-1.4007516463885477,-1.1685972786828762,0
1,-1.9332447074685986,0.5976871679293214,-0.033870776757855214,1.6516642558324757,-1.1291213996158291,0
1,0.08330636001430458,0.28880169043859893,1.5732913892041864,0.8914061875020644,-0.3048751695796673,0
1,-0.047191106034272234,-2.0235762097883017,0.6347939925041737,0.3478600002668051,2.067750505252564,1
1,0.8940835808914132,-3.9842204447918896,-0.33924092455131394,-2.7711706500234325,1.6344397056710422,1
1,0.826657621864182,-2.664383808439264,-1.1414656383474129,-0.7753569806346814,-0.24609187219760353,1
1,2.4353063401419996,0.7592867392861784,1.8768511136314991,0.4638054979894424,-0.32659667306292295,0
1,0.2421665032745396,0.1506885607066908,0.6898031468994065,1.573043737526142,0.5492505987373157,1
1,0.896917271630133,-2.092797130540536,0.6115987431677545,-0.5281055542085813,1.4275582094949644,1
1,2.8788869019143384,-2.1933653347662156,2.017962935456559,1.7327802035178765,1.165156169763714,1
1,0.3267088726551254,-1.3491015384033467,1.3813120945692718,0.34754713440486074,2.2881672642609168,1
1,0.740995383042897,-1.8517332873477375,-0.068020568479495,-0.8329754772614097,0.6608399186508562,1
1,5.586720654287041,4.890656386917582,-1.5790065794903927,-0.09749751195420053,-3.0801905356397707,0
1,2.0347213013354084,-0.8569442387255055,2.734677403938739,1.4138279186780534,2.039007617215524,1
1,1.503914978265626,-1.2705646000950332,1.3131202535546849,0.8812862055099546,1.1303431815315081,1
1,-0.13261230080189934,-0.7765121020199084,0.26474007724900606,-1.3888187606401337,1.3290586105102693,1
1,1.9821921536981204,2.2227494140457917,-0.9595253812423679,-0.38814606777436866,-1.8943090784694903,0
1,-0.5873043621298661,3.928231723913865,-3.114689384303418,0.744470443620888,-3.0149863623673867,0
1,1.6407218027734285,-1.0718216835666527,1.3213728710633181,1.0780610911637518,0.8637952134489765,1
1,1.130239805311053,-2.482548575179164,-0.1422911114547225,-2.117779676881167,0.8116316198626988,1
1,-1.900734805695559,0.20410236714533037,-0.280487159636444,-0.8921178283364439,1.5548926355864465,1
1,1.240950569860658,1.3163111745194624,2.135897596583659,0.9529971042685221,1.0056307399434226,0
1,0.8000053395205604,-0.9489480383161936,1.2640036944973332,1.2068668727439702,1.418212842381005,1
1,1.6519814214609145,-0.17063700036248297,0.05337991472157633,0.797734941355831,-1.0936062874387869,1
1,-1.5857690095764614,0.13507233268114005,0.7105557219179773,3.083846479039165,-1.9057783278166405,0
1,0.9646536461648548,0.2542899380491932,0.47498637157856816,0.9390060182593447,-1.9768548716708687,0
1,2.193354268799454,-1.1205676779743907,3.7596462625715534,0.8474220328423507,0.33220881798081847,0
1,0.395067347160878,0.4380942216778265,1.4564494322001487,3.1953652159904378,0.9492994850540941,1
1,-0.42613021702259424,2.0950616859441857,0.9750749843494535,1.857393971943265,-0.54265721958912,0
1,0.4057749456184738,-1.2196408787106896,1.5695193366425522,0.9643561089260401,-1.1383833732781958,0
1,3.0778446593172744,-0.3972578617140916,3.0842211517029074,2.347591332902682,1.2342343412954166,1
1,1.0570049611524137,-0.9756218050733108,1.7779849581173037,0.7845004927927667,1.8964292905166353,1
1,0.15458541703340178,-2.9404348745353586,-0.5426036009588471,-2.12224126606169,1.361468624631794,1
1,1.100348636742056,-0.041967316466881455,2.242716660159495,3.2141775847595913,1.539680496320746,1
1,2.2784084220864855,-0.5913891273454095,2.600865346752675,2.270988493725623,1.4251056158504953,1
1,0.30210550295413385,2.9089308230337814,-2.1603849740506607,0.105258763638854,-3.1171689012471893,0
1,0.9356236491029067,3.2781575189977015,-1.3690087876797365,2.0153136227161914,-2.794991793024834,0
1,-0.7147321549317616,-1.0025519372376404,-0.6400888286700988,-0.6731500925911194,0.7446209135036066,1
1,-1.131166776455459,0.4687760627694597,-1.4805596541615684,0.24161966513664512,-0.8292358917171028,1
1,1.2541914931994325,-0.7442197981439582,0.7659603225723424,1.2651141278014975,0.30759583136713575,1
1,-0.27253290062167346,0.914839343458893,-0.24852260463876785,1.2662135319253311,-2.4185751928923445,0
1,0.37403704248627545,-0.3931575627573327,1.0680210673477986,0.4374968670679694,1.3607656596193576,1
1,1.1391034586484676,-3.273203759237872,-0.49705907987991726,0.6234384759052233,0.37631598306620884,1
1,-0.4714456502248805,0.304397970472282,1.5115770070199344,2.7571189453650833,-2.0224806029894316,0
1,0.503114563290005,2.571887452595351,-1.072065042715113,1.5024006076227399,-2.636659040364205,0
1,0.8914584841989401,-0.4949205416361949,0.6366545390823222,0.49755163581906214,0.48615048305786357,1
1,2.330411221602832,0.651363676614126,1.5852292328726598,0.771864898765751,-0.22646554142109854,1
1,1.3126172126299036,-1.2229532623007027,0.8348136330130234,1.7660656502978003,0.5288949005466643,1
1,-0.0665925532898024,-0.34395708162984473,0.9249151691801089,0.040462502042373116,1.6132048888280988,1
1,2.2496774176125283,-2.959096348547434,0.4820127980868315,-0.4575721490612148,0.6058042502074028,1
1,0.8746512955188257,2.785250970727631,-0.15448473641285454,1.398791382553108,-1.1683546047748834,0
1,-0.03805170003736302,1.1674500232951863,0.4083185763379753,0.07197002356203164,-1.1721272479040943,0
1,0.7870503997994169,-2.3508573187941693,-1.4292269123718566,-2.748730788683671,-0.3950736275607971,1
1,1.3243468845582917,0.7321234128824459,2.675447268885594,1.0603165474764107,1.0708843302869897,0
1,0.9340559292086654,-4.322512245330701,3.663973131510393,-0.2781513285107504,-0.5376186957600098,0
1,0.6147039388162935,-1.4324909228431766,-0.28548747573373023,1.1121642325565642,0.007312201373556926,1
1,1.9743080546039433,2.7708595437644785,2.0868628107925344,0.575105185976489,1.842463760814666,0
1,2.00472230076665,0.25340397749653454,1.4066874311136095,1.2564941020968843,-2.1867258694596794,0
1,0.25559244566102235,-0.5774193401859561,1.2781794890961597,1.2158615414074827,1.7261128216807142,1
1,1.9490302692567627,1.516461817145161,-0.5253953895036247,-0.7778675094845748,-2.129427295745626,0
1,1.0683656788954126,-1.4368600363973476,0.9730542468360528,-0.5013344309081236,1.4007834918665554,1
1,0.7427058673660837,0.26032841639967674,2.9157701518400296,0.5837696901580143,1.7467204863023365,0
1,-0.13318434133942803,-0.19608774263704465,2.660263628405512,2.7137986092302873,3.212121459472982,1
1,2.6759082141784702,-0.246930695360412,2.878271333661509,-0.9233969923817582,1.3545649063127807,0
1,3.7371275299790847,2.2078195978104453,1.8020498384337933,-1.2326698945009777,1.7202990047668165,0
1,-1.492118203234131,-0.07620685769352664,2.606368256031497,3.4438949013561375,0.14562531947144386,0
1,-1.4089671938305122,-0.7126210909191479,-0.7163056907938972,-0.1048668123310239,0.9569739198952771,1
1,1.099307341339963,-1.447049728329476,0.6116861574361343,0.0774799584640744,0.8206910472754014,1
1,-1.5568063440338227,-0.03237816505214697,-0.3914154622670434,-3.2780977368535282,1.65265108449437,1
1,1.9460778727291945,0.13284325760272897,1.9459697606561437,-0.42571985243587784,0.6328066117670552,0
1,2.8862972831287355,0.8392352889084802,2.5654955601821063,2.582141917565485,0.07500182388278687,1
1,1.6262180791565954,-0.7581151800025425,3.251349454391366,0.1322280018930988,0.2592827510102995,0
1,0.20163199466059112,1.7582637197967665,1.6611250813078047,1.5110395876562492,0.9130313387447349,1
1,1.8328582266061577,0.6985005711474157,1.4772105046579134,0.05130652081286513,-0.25647193944367375,0
1,1.5698898822177472,3.8762820661726276,-1.3577201013813407,0.5542277765014999,-2.056570097410363,0
1,0.8523730184034085,-0.7493031015904219,1.8614118932777424,2.0917056531987304,1.8586221508245635,1
1,2.3870497714224044,-2.69388311935018,0.9971568672216363,-0.9558066646727432,1.0603646656856451,1
1,2.8704603565366695,-3.2184305719274597,0.2390832053016353,-0.13264672542338785,-0.13369345500544116,1
1,2.138292565062565,2.975567123137853,-0.7769165464369476,-1.5554711307237228,-0.3423075739661303,0
1,0.25890134234036144,-1.7858019256108566,-0.8186864805457392,-2.22353876219575,0.3911550864811921,1
1,-0.04900849350428227,-2.5017451885834703,-0.7069143542174159,0.16811295484489874,0.7603353207169887,1
1,1.9931756239836709,1.3114473269330311,1.735061947896118,-0.8370171070306189,0.7746928156606683,0
1,0.06374025204968148,-0.45194297095539615,1.040209727207103,1.430526341480279,1.455614048642382,1
1,-0.36339991191812127,-1.8292501657867828,-1.3948097287922416,-1.4250504093982879,0.08092354387131717,1
1,2.6007686856551997,-0.6397347197056311,2.48207975673317,2.1320451878336306,1.0826205815845313,1
